date,ticker,action,reason,score,selected,currently_held,current_shares,current_weight,target_weight,weight_gap,latest_price,allocation_mode,rebalance_frequency,top_n
2024-07-03,SMCI,BUY,New target holding from latest signal,1.967244586507598,True,False,0,0.0,0.11682683584580258,0.11682683584580258,84.69999694824219,equal_weight,quarterly,5
2024-07-03,NVDA,BUY,New target holding from latest signal,1.6635226160844971,True,False,0,0.0,0.18809092080226208,0.18809092080226208,128.06890869140625,equal_weight,quarterly,5
2024-07-03,VST,BUY,New target holding from latest signal,1.423852256616275,True,False,0,0.0,0.20662552350302704,0.20662552350302704,90.60604095458984,equal_weight,quarterly,5
2024-07-03,CEG,BUY,New target holding from latest signal,0.8291073146432022,True,False,0,0.0,0.2426469058438285,0.2426469058438285,207.58355712890625,equal_weight,quarterly,5
2024-07-03,MU,BUY,New target holding from latest signal,0.6632510992619098,True,False,0,0.0,0.24580981400507979,0.24580981400507979,135.8669891357422,equal_weight,quarterly,5
2024-07-05,SMCI,HOLD,Current holding remains close to target weight,2.0166048894296424,True,True,13,0.1119435132031165,0.10779564989886269,-0.004147863304253818,84.65799713134766,equal_weight,quarterly,5
2024-07-05,NVDA,HOLD,Current holding remains close to target weight,1.6455517725580608,True,True,15,0.19166721369675252,0.18676668230544122,-0.0049005313913113024,125.6229476928711,equal_weight,quarterly,5
2024-07-05,VST,HOLD,Current holding remains close to target weight,1.3546821217680431,True,True,22,0.19753616427249934,0.18010437607392027,-0.017431788198579073,88.27471923828125,equal_weight,quarterly,5
2024-07-05,CEG,TRIM,Current weight is above target weight,0.8302015967312333,True,True,12,0.2548453279819469,0.22393303379558926,-0.03091229418635766,208.7891082763672,equal_weight,quarterly,5
2024-07-05,GE,BUY,New target holding from latest signal,0.6239259885670538,True,False,0,0.0,0.3014002579261866,0.3014002579261866,158.5955047607422,equal_weight,quarterly,5
2024-07-05,MU,SELL,Ticker is no longer selected by the signal,0.6013497803732135,False,True,18,0.23926562175072413,0.0,-0.23926562175072413,130.68333435058594,equal_weight,quarterly,5
2024-07-08,SMCI,HOLD,Current holding remains close to target weight,2.114058196722015,True,True,12,0.10693194557130004,0.10787988380996803,0.0009479382386679974,89.93399810791016,equal_weight,quarterly,5
2024-07-08,NVDA,HOLD,Current holding remains close to target weight,1.6712892022348296,True,True,15,0.19022445597744908,0.19577603205325986,0.005551576075810777,127.9890365600586,equal_weight,quarterly,5
2024-07-08,VST,ADD,Current weight is below target weight,1.433413539192904,True,True,20,0.1818224892367674,0.21289324728885506,0.03107075805208767,91.75194549560547,equal_weight,quarterly,5
2024-07-08,CEG,ADD,Current weight is below target weight,0.876598365417615,True,True,11,0.23234561826409578,0.2563880297183573,0.024042411454261503,213.17657470703125,equal_weight,quarterly,5
2024-07-08,AVGO,BUY,New target holding from latest signal,0.6766880630970251,True,False,0,0.0,0.22706280712955984,0.22706280712955984,171.36322021484375,equal_weight,quarterly,5
2024-07-08,GE,SELL,Ticker is no longer selected by the signal,0.6466194021194411,False,True,18,0.28819610612600016,0.0,-0.28819610612600016,161.5895538330078,equal_weight,quarterly,5
2024-07-09,SMCI,HOLD,Current holding remains close to target weight,2.0657925930520484,True,True,13,0.1155204317142846,0.10328200581572235,-0.01223842589856225,89.56099700927734,equal_weight,quarterly,5
2024-07-09,NVDA,HOLD,Current holding remains close to target weight,1.6762727836466866,True,True,15,0.19520990113500458,0.1828983157792326,-0.012311585355771981,131.163818359375,equal_weight,quarterly,5
2024-07-09,VST,TRIM,Current weight is above target weight,1.3828481771217414,True,True,24,0.21500425930662154,0.19106435273937133,-0.023939906567250202,90.28992462158203,equal_weight,quarterly,5
2024-07-09,CEG,TRIM,Current weight is above target weight,0.8643770816656124,True,True,12,0.2540855724136532,0.23061003407443242,-0.02347553833922078,213.40383911132812,equal_weight,quarterly,5
2024-07-09,AMAT,BUY,New target holding from latest signal,0.6936606526957114,True,False,0,0.0,0.2921452915912412,0.2921452915912412,247.30218505859375,equal_weight,quarterly,5
2024-07-09,AVGO,SELL,Ticker is no longer selected by the signal,0.664206864579238,False,True,13,0.21944429953979835,0.0,-0.21944429953979835,170.13137817382812,equal_weight,quarterly,5
2024-07-10,SMCI,HOLD,Current holding remains close to target weight,1.8099788135896029,True,True,11,0.0967733989789473,0.10309661762636914,0.006323218647421844,89.99800109863281,equal_weight,quarterly,5
2024-07-10,NVDA,HOLD,Current holding remains close to target weight,1.582195085883606,True,True,14,0.18432638076613067,0.1835008385832227,-0.000825542182907979,134.6880340576172,equal_weight,quarterly,5
2024-07-10,VST,HOLD,Current holding remains close to target weight,1.372755151954058,True,True,21,0.18719385612997885,0.19695927331236163,0.009765417182382774,91.18887329101562,equal_weight,quarterly,5
2024-07-10,CEG,HOLD,Current holding remains close to target weight,0.8825751118422904,True,True,11,0.23328430915019457,0.23012672491347277,-0.0031575842367218,216.9513702392578,equal_weight,quarterly,5
2024-07-10,AMAT,HOLD,Current holding remains close to target weight,0.6882275079820279,True,True,12,0.2941321956171514,0.28631654556457375,-0.007815650052577672,250.7441864013672,equal_weight,quarterly,5
2024-07-11,SMCI,HOLD,Current holding remains close to target weight,1.5869721650184738,True,True,11,0.0986580096133797,0.08001260194967966,-0.018645407663700042,88.9219970703125,equal_weight,quarterly,5
2024-07-11,NVDA,HOLD,Current holding remains close to target weight,1.397750261315303,True,True,13,0.16677388083383393,0.14904031189915906,-0.01773356893467487,127.19036865234375,equal_weight,quarterly,5
2024-07-11,VST,TRIM,Current weight is above target weight,1.3279971950216543,True,True,22,0.2008117673414279,0.13220533116124053,-0.06860643618018736,90.49738311767578,equal_weight,quarterly,5
2024-07-11,CEG,TRIM,Current weight is above target weight,0.8679565485919183,True,True,11,0.23773408209275237,0.15877665349838443,-0.07895742859436794,214.27342224121094,equal_weight,quarterly,5
2024-07-11,TRGP,BUY,New target holding from latest signal,0.6178833691057111,True,False,0,0.0,0.4799651014915364,0.4799651014915364,128.11351013183594,equal_weight,quarterly,5
2024-07-11,AMAT,SELL,Ticker is no longer selected by the signal,0.6030556811894137,False,True,12,0.28716983332682633,0.0,-0.28716983332682633,237.26141357421875,equal_weight,quarterly,5
2024-07-12,SMCI,HOLD,Current holding remains close to target weight,1.657748844995023,True,True,9,0.08213797243928653,0.08003032820718933,-0.0021076442320971944,90.99600219726562,equal_weight,quarterly,5
2024-07-12,VST,HOLD,Current holding remains close to target weight,1.3890727180694067,True,True,14,0.12668167681998505,0.1325967504807886,0.005915073660803544,90.22078704833984,equal_weight,quarterly,5
2024-07-12,NVDA,HOLD,Current holding remains close to target weight,1.3782280239000224,True,True,12,0.15528952406615087,0.1503005050724946,-0.00498901899365628,129.02734375,equal_weight,quarterly,5
2024-07-12,CEG,HOLD,Current holding remains close to target weight,0.8808745433007195,True,True,7,0.15064195190108254,0.1586865444314681,0.008044592530385558,214.5698699951172,equal_weight,quarterly,5
2024-07-12,TRGP,HOLD,Current holding remains close to target weight,0.6312230042835629,True,True,37,0.48054217513200437,0.47838587180805947,-0.002156303323944897,129.49429321289062,equal_weight,quarterly,5
2024-07-15,SMCI,HOLD,Current holding remains close to target weight,1.614779481816325,True,True,8,0.07308476055367849,0.0807316720244589,0.007646911470780407,89.76799774169922,equal_weight,quarterly,5
2024-07-15,NVDA,HOLD,Current holding remains close to target weight,1.3431576079841858,True,True,11,0.14354665215243165,0.1519770070999842,0.008430354947552565,128.22865295410156,equal_weight,quarterly,5
2024-07-15,VST,HOLD,Current holding remains close to target weight,1.2308346972176758,True,True,14,0.12130908480808371,0.13060873701176526,0.00929965220368155,85.14320373535156,equal_weight,quarterly,5
2024-07-15,CEG,HOLD,Current holding remains close to target weight,0.8919885186585523,True,True,8,0.1712651831960877,0.15708762533588688,-0.014177557860200807,210.3603057861328,equal_weight,quarterly,5
2024-07-15,TRGP,HOLD,Current holding remains close to target weight,0.6339543303253665,True,True,37,0.4850408063778535,0.4795949585279048,-0.005445847849948726,128.81346130371094,equal_weight,quarterly,5
2024-07-16,SMCI,ADD,Current weight is below target weight,1.5826362302757713,True,True,9,0.08103736305196556,0.10576314030154431,0.02472577724957875,87.69599914550781,equal_weight,quarterly,5
2024-07-16,NVDA,ADD,Current weight is below target weight,1.3099305826562744,True,True,12,0.1554313556279229,0.1831155730993114,0.027684217471388495,126.15206909179688,equal_weight,quarterly,5
2024-07-16,VST,ADD,Current weight is below target weight,1.2027177620136582,True,True,16,0.13935341851602612,0.19973843551729592,0.0603850170012698,84.82710266113281,equal_weight,quarterly,5
2024-07-16,CEG,ADD,Current weight is below target weight,0.8208880541761219,True,True,7,0.145508912316078,0.22967050944223752,0.08416159712615953,202.45501708984375,equal_weight,quarterly,5
2024-07-16,AMAT,BUY,New target holding from latest signal,0.6311113234085866,True,False,0,0.0,0.2817123416396108,0.2817123416396108,241.76548767089844,equal_weight,quarterly,5
2024-07-16,TRGP,SELL,Ticker is no longer selected by the signal,0.6282503667947805,False,True,36,0.4778326073639704,0.0,-0.4778326073639704,129.2737274169922,equal_weight,quarterly,5
2024-07-17,SMCI,TRIM,Current weight is above target weight,1.501639404439152,True,True,12,0.10821817432551553,0.08406911909954913,-0.0241490552259664,81.63099670410156,equal_weight,quarterly,5
2024-07-17,NVDA,TRIM,Current weight is above target weight,1.0929590650060614,True,True,14,0.18218886793547479,0.14827038337563145,-0.03391848455984334,117.79583740234375,equal_weight,quarterly,5
2024-07-17,VST,TRIM,Current weight is above target weight,0.9496942729218736,True,True,23,0.19126688355230054,0.12112771543203796,-0.07013916812026258,75.2745361328125,equal_weight,quarterly,5
2024-07-17,CEG,TRIM,Current weight is above target weight,0.6753670095526147,True,True,11,0.22416096339313593,0.14663021683424424,-0.0775307465588917,184.4605255126953,equal_weight,quarterly,5
2024-07-17,TRGP,BUY,New target holding from latest signal,0.6432752487554421,True,False,0,0.0,0.4999025652585372,0.4999025652585372,128.45870971679688,equal_weight,quarterly,5
2024-07-17,AMAT,SELL,Ticker is no longer selected by the signal,0.4362961622507995,False,True,12,0.28691134989885886,0.0,-0.28691134989885886,216.422607421875,equal_weight,quarterly,5
2024-07-18,SMCI,HOLD,Current holding remains close to target weight,1.5189643725639321,True,True,9,0.0782842527453098,0.08343529404855247,0.005151041303242676,80.16100311279297,equal_weight,quarterly,5
2024-07-18,NVDA,HOLD,Current holding remains close to target weight,1.1605552319839934,True,True,11,0.14429605224792433,0.1491000550494667,0.004804002801542362,120.89073181152344,equal_weight,quarterly,5
2024-07-18,VST,HOLD,Current holding remains close to target weight,0.9389249617196544,True,True,15,0.12308307190963223,0.11844119508110548,-0.00464187682852675,75.62028503417969,equal_weight,quarterly,5
2024-07-18,TRGP,HOLD,Current holding remains close to target weight,0.691576591376257,True,True,36,0.5100452391416093,0.5040434087110973,-0.006001830430511945,130.56820678710938,equal_weight,quarterly,5
2024-07-18,CEG,HOLD,Current holding remains close to target weight,0.6791896122164587,True,True,7,0.14056820029420006,0.14498004710977802,0.004411846815577963,185.06329345703125,equal_weight,quarterly,5
2024-07-19,SMCI,HOLD,Current holding remains close to target weight,1.5583741236524649,True,True,10,0.08663150863462696,0.08363227990766106,-0.002999228726965897,79.6780014038086,equal_weight,quarterly,5
2024-07-19,NVDA,HOLD,Current holding remains close to target weight,1.0653375219448735,True,True,11,0.14081186119841338,0.14734826688079813,0.006536405682384755,117.73595428466797,equal_weight,quarterly,5
2024-07-19,VST,HOLD,Current holding remains close to target weight,0.9521344479098339,True,True,14,0.11498726600345271,0.11947507322884028,0.004487807225387566,75.54126739501953,equal_weight,quarterly,5
2024-07-19,CEG,HOLD,Current holding remains close to target weight,0.7050706601369565,True,True,7,0.14236884356317703,0.1447538001168861,0.0023849565537090722,187.0593719482422,equal_weight,quarterly,5
2024-07-19,TRGP,HOLD,Current holding remains close to target weight,0.671497918108835,True,True,36,0.5118169775914564,0.5047905798658144,-0.007026397725641953,130.75994873046875,equal_weight,quarterly,5
2024-07-22,NVDA,HOLD,Current holding remains close to target weight,1.0768847377719415,True,True,11,0.14523367073646345,0.1590314108928029,0.013797740156339444,123.33671569824219,equal_weight,quarterly,5
2024-07-22,VST,HOLD,Current holding remains close to target weight,0.9828225937873709,True,True,14,0.11720983387621116,0.11606192733407204,-0.0011479065421391155,78.20846557617188,equal_weight,quarterly,5
2024-07-22,SMCI,HOLD,Current holding remains close to target weight,0.8572373647159233,True,True,10,0.0841704151751677,0.09771638475451047,0.013545969579342773,78.62799835205078,equal_weight,quarterly,5
2024-07-22,TRGP,TRIM,Current weight is above target weight,0.6905820904747597,True,True,36,0.5090538880554182,0.4833133880760188,-0.025740499979399367,132.09275817871094,equal_weight,quarterly,5
2024-07-22,CEG,HOLD,Current holding remains close to target weight,0.6696017742787794,True,True,7,0.14100087098240907,0.1438768889425957,0.002876017960186633,188.16615295410156,equal_weight,quarterly,5
2024-07-23,NVDA,HOLD,Current holding remains close to target weight,1.055282478944843,True,True,12,0.1583269650723898,0.14374194890372208,-0.014585016168667725,122.38826751708984,equal_weight,quarterly,5
2024-07-23,VST,HOLD,Current holding remains close to target weight,1.0153979330234915,True,True,14,0.11937815875336802,0.11531115031208096,-0.004067008441287059,79.09754180908203,equal_weight,quarterly,5
2024-07-23,SMCI,HOLD,Current holding remains close to target weight,0.7953878051062586,True,True,12,0.10132085850800529,0.08882075363853881,-0.012500104869466483,78.3219985961914,equal_weight,quarterly,5
2024-07-23,GE,BUY,New target holding from latest signal,0.6479831415869044,True,False,0,0.0,0.20846119415830433,0.20846119415830433,170.24673461914062,equal_weight,quarterly,5
2024-07-23,TRGP,TRIM,Current weight is above target weight,0.641851614824736,True,True,34,0.477731598213748,0.4436649529873538,-0.03406664522639419,130.33804321289062,equal_weight,quarterly,5
2024-07-23,CEG,SELL,Ticker is no longer selected by the signal,0.6255778114073804,False,True,7,0.14158497219153074,0.0,-0.14158497219153074,187.62265014648438,equal_weight,quarterly,5
2024-07-24,NVDA,HOLD,Current holding remains close to target weight,0.9084518908568693,True,True,11,0.14330407823354474,0.14069060891876986,-0.00261346931477488,114.06200408935547,equal_weight,quarterly,5
2024-07-24,VST,HOLD,Current holding remains close to target weight,0.832371992884342,True,True,14,0.1146470880098018,0.11163687862026346,-0.003010209389538346,71.6985092163086,equal_weight,quarterly,5
2024-07-24,TRGP,TRIM,Current weight is above target weight,0.6008714700262214,True,True,31,0.4468526750229253,0.4262122333823319,-0.02064044164059342,126.20536041259766,equal_weight,quarterly,5
2024-07-24,GE,ADD,Current weight is below target weight,0.5703618892720466,True,True,11,0.20183034741848818,0.22941659915832802,0.027586251739839834,160.6456298828125,equal_weight,quarterly,5
2024-07-24,SMCI,HOLD,Current holding remains close to target weight,0.555730461415076,True,True,11,0.08939826034572274,0.09204367992030683,0.0026454195745840986,71.15599822998047,equal_weight,quarterly,5
2024-07-25,NVDA,HOLD,Current holding remains close to target weight,0.8300331086378463,True,True,11,0.1413124165394578,0.14101963315492322,-0.0002927833845345895,112.09524536132812,equal_weight,quarterly,5
2024-07-25,VST,HOLD,Current holding remains close to target weight,0.8049117485025683,True,True,13,0.10358244066857912,0.11050360625509591,0.0069211655865167865,69.52521514892578,equal_weight,quarterly,5
2024-07-25,GE,HOLD,Current holding remains close to target weight,0.5935383706978203,True,True,12,0.22415401848469715,0.23212937020308216,0.00797535171838501,162.991455078125,equal_weight,quarterly,5
2024-07-25,TRGP,HOLD,Current holding remains close to target weight,0.5909139736990263,True,True,30,0.43509668269641427,0.4245077463008243,-0.010588936395589998,126.5505599975586,equal_weight,quarterly,5
2024-07-25,SMCI,HOLD,Current holding remains close to target weight,0.47942311659924286,True,True,12,0.0956637696249646,0.09183964408607452,-0.003824125538890083,69.56099700927734,equal_weight,quarterly,5
2024-07-26,NVDA,HOLD,Current holding remains close to target weight,0.8351199498234512,True,True,11,0.14090507443098382,0.14168370333668862,0.0007786289057047924,112.87395477294922,equal_weight,quarterly,5
2024-07-26,VST,HOLD,Current holding remains close to target weight,0.7697543979005772,True,True,14,0.11162284922556594,0.09789901287174153,-0.013723836353824403,70.25623321533203,equal_weight,quarterly,5
2024-07-26,GE,TRIM,Current weight is above target weight,0.6432787857622053,True,True,12,0.22889431857557122,0.1930942182078683,-0.035800100367702925,168.07904052734375,equal_weight,quarterly,5
2024-07-26,MMM,BUY,New target holding from latest signal,0.6220381941693283,True,False,0,0.0,0.18775941364777726,0.18775941364777726,122.29376220703125,equal_weight,quarterly,5
2024-07-26,TRGP,TRIM,Current weight is above target weight,0.5489002061021717,True,True,30,0.4295110126102591,0.3795636519359243,-0.049947360674334806,126.15743255615234,equal_weight,quarterly,5
2024-07-26,SMCI,SELL,Ticker is no longer selected by the signal,0.49751889862584897,False,True,11,0.08890552976097135,0.0,-0.08890552976097135,71.21900177001953,equal_weight,quarterly,5
2024-07-29,NVDA,HOLD,Current holding remains close to target weight,0.8286508212661539,True,True,11,0.13905304148420813,0.1432591144554166,0.004206072971208452,111.40636444091797,equal_weight,quarterly,5
2024-07-29,VST,HOLD,Current holding remains close to target weight,0.7575260625734215,True,True,12,0.09582438636994252,0.09784452930360009,0.0020201429336575705,70.37477111816406,equal_weight,quarterly,5
2024-07-29,GE,HOLD,Current holding remains close to target weight,0.6280711609546163,True,True,10,0.19078526377448476,0.1932860786295475,0.002500814855062733,168.13844299316406,equal_weight,quarterly,5
2024-07-29,MMM,HOLD,Current holding remains close to target weight,0.5963601535086898,True,True,13,0.1775581163974084,0.18719969937209252,0.00964158297468412,120.37030792236328,equal_weight,quarterly,5
2024-07-29,TRGP,HOLD,Current holding remains close to target weight,0.5510617600840857,True,True,27,0.39073456219657354,0.37841057823934326,-0.012323983957230278,127.53819274902344,equal_weight,quarterly,5
2024-07-30,VST,ADD,Current weight is below target weight,0.711497106693393,True,True,12,0.09374290736665881,0.13594164830688898,0.04219874094023017,68.16197967529297,equal_weight,quarterly,5
2024-07-30,HWM,BUY,New target holding from latest signal,0.6842440305591748,True,False,0,0.0,0.19861707845221824,0.19861707845221824,93.31803131103516,equal_weight,quarterly,5
2024-07-30,NVDA,ADD,Current weight is below target weight,0.6608242988858892,True,True,11,0.1305559936020469,0.17931390199395625,0.048757908391909355,103.55931091308594,equal_weight,quarterly,5
2024-07-30,MMM,ADD,Current weight is below target weight,0.6100983002452895,True,True,14,0.19558916564899223,0.24199293022877724,0.04640376457978501,121.89945983886719,equal_weight,quarterly,5
2024-07-30,GE,ADD,Current weight is below target weight,0.6062669344939842,True,True,10,0.18998890574710786,0.24413444101815934,0.05414553527105148,165.77279663085938,equal_weight,quarterly,5
2024-07-30,TRGP,SELL,Ticker is no longer selected by the signal,0.5702081272238173,False,True,26,0.38326806662133034,0.0,-0.38326806662133034,128.62171936035156,equal_weight,quarterly,5
2024-07-31,VST,HOLD,Current holding remains close to target weight,0.9330658961853504,True,True,15,0.12921157057279622,0.12338383231269096,-0.00582773826010527,78.25786590576172,equal_weight,quarterly,5
2024-07-31,NVDA,HOLD,Current holding remains close to target weight,0.864388114225269,True,True,14,0.18003419753709576,0.16235151957472346,-0.0176826779623723,116.82743072509766,equal_weight,quarterly,5
2024-07-31,HWM,HOLD,Current holding remains close to target weight,0.7120382499183278,True,True,19,0.19909674231275662,0.20698414158106643,0.007887399268309808,95.19812774658203,equal_weight,quarterly,5
2024-07-31,MMM,HOLD,Current holding remains close to target weight,0.6309214975452164,True,True,18,0.24304625359364862,0.2504891316067779,0.0074428780131292616,122.6688461303711,equal_weight,quarterly,5
2024-07-31,GE,HOLD,Current holding remains close to target weight,0.5978611391800874,True,True,13,0.2410656724860693,0.25679137492474136,0.01572570243867205,168.46507263183594,equal_weight,quarterly,5
2024-08-01,VST,TRIM,Current weight is above target weight,0.8645142157432724,True,True,15,0.12656296493358063,0.10193824187889221,-0.02462472305468842,75.11648559570312,equal_weight,quarterly,5
2024-08-01,NVDA,HOLD,Current holding remains close to target weight,0.7752219552433686,True,True,12,0.14696318616221044,0.14836674920348825,0.001403563041277811,109.0302963256836,equal_weight,quarterly,5
2024-08-01,HWM,TRIM,Current weight is above target weight,0.6887432665620576,True,True,19,0.20140912143654754,0.176137337904785,-0.025271783531762543,94.37248992919922,equal_weight,quarterly,5
2024-08-01,IRM,BUY,New target holding from latest signal,0.6477755292450886,True,False,0,0.0,0.37612720012764195,0.37612720012764195,102.8618392944336,equal_weight,quarterly,5
2024-08-01,MMM,TRIM,Current weight is above target weight,0.641107090603882,True,True,19,0.25958228131949446,0.19743047088519264,-0.06215181043430182,121.63017272949219,equal_weight,quarterly,5
2024-08-01,GE,SELL,Ticker is no longer selected by the signal,0.6118093061674734,False,True,14,0.2642216007056268,0.0,-0.2642216007056268,168.01968383789062,equal_weight,quarterly,5
2024-08-02,NVDA,HOLD,Current holding remains close to target weight,0.7021884957922637,True,True,13,0.162117589777617,0.15275938377551776,-0.009358206002099245,107.0934829711914,equal_weight,quarterly,5
2024-08-02,VST,HOLD,Current holding remains close to target weight,0.6844458370367097,True,True,12,0.09998079609812416,0.10374733375977159,0.0037665376616474316,71.55032348632812,equal_weight,quarterly,5
2024-08-02,MMM,HOLD,Current holding remains close to target weight,0.5987128887931137,True,True,14,0.19635801863906283,0.19773510481051984,0.0013770861714570148,120.4472427368164,equal_weight,quarterly,5
2024-08-02,HWM,ADD,Current weight is below target weight,0.5735764533503496,True,True,16,0.1670991213160412,0.20148946572356022,0.03439034440751901,89.68719482421875,equal_weight,quarterly,5
2024-08-02,IRM,TRIM,Current weight is above target weight,0.5641320307639641,True,True,32,0.3733180251320453,0.3442687119306306,-0.02904931320141474,100.18558502197266,equal_weight,quarterly,5
2024-08-05,MMM,HOLD,Current holding remains close to target weight,0.608108311476885,True,True,14,0.20127452418938752,0.20465698704388047,0.0033824628544929514,119.84135437011719,equal_weight,quarterly,5
2024-08-05,VST,HOLD,Current holding remains close to target weight,0.5853109524279603,True,True,12,0.09983103399687017,0.10807649321543782,0.008245459218567647,69.347412109375,equal_weight,quarterly,5
2024-08-05,IRM,HOLD,Current holding remains close to target weight,0.5330741608407576,True,True,29,0.34083397220812506,0.33724336964475604,-0.0035906025633690164,97.969482421875,equal_weight,quarterly,5
2024-08-05,NVDA,HOLD,Current holding remains close to target weight,0.5184847218304092,True,True,13,0.15639833414354157,0.14951224325408757,-0.006886090889453994,100.28470611572266,equal_weight,quarterly,5
2024-08-05,HWM,HOLD,Current holding remains close to target weight,0.5051423088925011,True,True,19,0.19669512508989137,0.20051090684183814,0.003815781751946773,86.29505920410156,equal_weight,quarterly,5
2024-08-06,VST,HOLD,Current holding remains close to target weight,0.7264365438597402,True,True,14,0.12035138981803305,0.10254067851715612,-0.017810711300876927,73.48652648925781,equal_weight,quarterly,5
2024-08-06,MMM,HOLD,Current holding remains close to target weight,0.648916697721702,True,True,14,0.1967092800051888,0.17851555116676826,-0.018193728838420548,120.11063385009766,equal_weight,quarterly,5
2024-08-06,IRM,TRIM,Current weight is above target weight,0.5795371018587849,True,True,29,0.33910999469008196,0.25951242008418784,-0.07959757460589412,99.9602279663086,equal_weight,quarterly,5
2024-08-06,TRGP,BUY,New target holding from latest signal,0.5567955745263868,True,False,0,0.0,0.2930406391516961,0.2930406391516961,126.91497039794922,equal_weight,quarterly,5
2024-08-06,HWM,TRIM,Current weight is above target weight,0.543696385226389,True,True,19,0.19695436249687992,0.16639071108019177,-0.030563651416688153,88.61283874511719,equal_weight,quarterly,5
2024-08-06,NVDA,SELL,Ticker is no longer selected by the signal,0.5038287533512065,False,True,12,0.14610243723363778,0.0,-0.14610243723363778,104.07846069335938,equal_weight,quarterly,5
2024-08-07,VST,HOLD,Current holding remains close to target weight,0.7197951093249289,True,True,11,0.09419490848565187,0.10278492145000612,0.008590012964354243,73.0518569946289,equal_weight,quarterly,5
2024-08-07,MMM,HOLD,Current holding remains close to target weight,0.6039033046169751,True,True,13,0.18001349580286985,0.17815684175619614,-0.0018566540466737058,118.12946319580078,equal_weight,quarterly,5
2024-08-07,TRGP,HOLD,Current holding remains close to target weight,0.5640760813837193,True,True,20,0.30120282268018495,0.2959793721523789,-0.0052234505278060395,128.47705078125,equal_weight,quarterly,5
2024-08-07,IRM,HOLD,Current holding remains close to target weight,0.5547471088370148,True,True,22,0.2556272165981654,0.2571209219420542,0.0014937053438888181,99.12448120117188,equal_weight,quarterly,5
2024-08-07,HWM,HOLD,Current holding remains close to target weight,0.5069061389895841,True,True,16,0.16403164123920258,0.16595794269936462,0.0019263014601620387,87.45893096923828,equal_weight,quarterly,5
2024-08-08,VST,HOLD,Current holding remains close to target weight,0.8180860488667732,True,True,11,0.09782679996793553,0.10430025511045339,0.006473455142517862,78.11956024169922,equal_weight,quarterly,5
2024-08-08,MMM,HOLD,Current holding remains close to target weight,0.6325430261580203,True,True,13,0.17810001255231797,0.18098082402697882,0.0028808114746608493,120.34144592285156,equal_weight,quarterly,5
2024-08-08,IRM,HOLD,Current holding remains close to target weight,0.6079879208866259,True,True,22,0.25251816399963417,0.2612521469523368,0.008733982952702612,100.82415008544922,equal_weight,quarterly,5
2024-08-08,TRGP,HOLD,Current holding remains close to target weight,0.5895082915509913,True,True,20,0.3001419178184398,0.28910992501551674,-0.011031992802923052,131.82302856445312,equal_weight,quarterly,5
2024-08-08,HWM,HOLD,Current holding remains close to target weight,0.558545187059476,True,True,16,0.16662524681981777,0.16435684889471427,-0.002268397925103499,91.47774505615234,equal_weight,quarterly,5
2024-08-09,VST,HOLD,Current holding remains close to target weight,0.8442136964750657,True,True,13,0.11488234332380806,0.1052682719559276,-0.009614071367880464,77.68490600585938,equal_weight,quarterly,5
2024-08-09,MMM,HOLD,Current holding remains close to target weight,0.6311430291795774,True,True,13,0.17659853544072948,0.18011275286946432,0.0035142174287348393,119.41818237304688,equal_weight,quarterly,5
2024-08-09,IRM,HOLD,Current holding remains close to target weight,0.6064837973673098,True,True,23,0.2664232922419797,0.2631740859522947,-0.0032492062896850027,101.82890319824219,equal_weight,quarterly,5
2024-08-09,HWM,HOLD,Current holding remains close to target weight,0.5756008239040606,True,True,15,0.1581473847300196,0.16369130693790515,0.005543922207885549,92.68244171142578,equal_weight,quarterly,5
2024-08-09,TRGP,HOLD,Current holding remains close to target weight,0.5623927923673084,True,True,19,0.2827910698028046,0.2877535822844082,0.00496251248160362,130.8394775390625,equal_weight,quarterly,5
2024-08-12,VST,HOLD,Current holding remains close to target weight,0.814310437066593,True,True,13,0.11366869102700113,0.10509736757397423,-0.0085713234530269,77.0131607055664,equal_weight,quarterly,5
2024-08-12,MMM,HOLD,Current holding remains close to target weight,0.6257358938027524,True,True,13,0.1751072334240935,0.17967487175461969,0.004567638330526175,118.63919067382812,equal_weight,quarterly,5
2024-08-12,IRM,HOLD,Current holding remains close to target weight,0.6082489337488939,True,True,23,0.2664719899110558,0.2630213704387981,-0.003450619472257721,102.04486846923828,equal_weight,quarterly,5
2024-08-12,TRGP,HOLD,Current holding remains close to target weight,0.5990052610454137,True,True,19,0.28619627557592753,0.28832803180066563,0.0021317562247381017,132.6715545654297,equal_weight,quarterly,5
2024-08-12,HWM,HOLD,Current holding remains close to target weight,0.5864832021909292,True,True,15,0.15740067393959747,0.16387835843194237,0.006477684492344898,92.42357635498047,equal_weight,quarterly,5
2024-08-13,VST,HOLD,Current holding remains close to target weight,0.8906268121643497,True,True,13,0.11679331199466127,0.12147090210220318,0.004677590107541915,79.4729232788086,equal_weight,quarterly,5
2024-08-13,MMM,ADD,Current weight is below target weight,0.6217610842279495,True,True,13,0.1771646012159905,0.26123999584351787,0.08407539462752736,120.55303955078125,equal_weight,quarterly,5
2024-08-13,NVDA,BUY,New target holding from latest signal,0.6077259783175235,True,False,0,0.0,0.15783056194053346,0.15783056194053346,115.94888305664062,equal_weight,quarterly,5
2024-08-13,NRG,BUY,New target holding from latest signal,0.5989830886034668,True,False,0,0.0,0.2084227543577713,0.2084227543577713,79.90080261230469,equal_weight,quarterly,5
2024-08-13,HWM,ADD,Current weight is below target weight,0.5988361319585289,True,True,15,0.15856202978083753,0.25103578575597424,0.09247375597513671,93.50880432128906,equal_weight,quarterly,5
2024-08-13,IRM,SELL,Ticker is no longer selected by the signal,0.5920660357615979,False,True,23,0.26341833943668114,0.0,-0.26341833943668114,101.31243133544922,equal_weight,quarterly,5
2024-08-13,TRGP,SELL,Ticker is no longer selected by the signal,0.5620308712832176,False,True,19,0.2829115634507149,0.0,-0.2829115634507149,131.71694946289062,equal_weight,quarterly,5
2024-08-14,VST,HOLD,Current holding remains close to target weight,0.8038568115892093,True,True,13,0.11504953759198966,0.10208973503143108,-0.012959802560558578,78.2874984741211,equal_weight,quarterly,5
2024-08-14,MMM,TRIM,Current weight is above target weight,0.6670746526258282,True,True,19,0.26062294037159134,0.2083505163902695,-0.05227242398132184,121.34165954589844,equal_weight,quarterly,5
2024-08-14,IRM,BUY,New target holding from latest signal,0.6471868563795251,True,False,0,0.0,0.380058004095781,0.380058004095781,102.06366729736328,equal_weight,quarterly,5
2024-08-14,NVDA,TRIM,Current weight is above target weight,0.6373006834980204,True,True,12,0.15991585508845313,0.13416485317501822,-0.025751001913434907,117.88571166992188,equal_weight,quarterly,5
2024-08-14,NRG,TRIM,Current weight is above target weight,0.6041815356529181,True,True,23,0.2090634762219334,0.17533689130750024,-0.033726584914433144,80.40836334228516,equal_weight,quarterly,5
2024-08-14,HWM,SELL,Ticker is no longer selected by the signal,0.5169322149879341,False,True,24,0.25358746247149777,0.0,-0.25358746247149777,93.46896362304688,equal_weight,quarterly,5
2024-08-15,VST,HOLD,Current holding remains close to target weight,0.8510008350969593,True,True,12,0.10760148002115007,0.09513627248917553,-0.01246520753197454,80.46077728271484,equal_weight,quarterly,5
2024-08-15,MMM,TRIM,Current weight is above target weight,0.6845186282091742,True,True,15,0.20443174698329158,0.18244612060576582,-0.02198562637752577,122.29376220703125,equal_weight,quarterly,5
2024-08-15,NVDA,HOLD,Current holding remains close to target weight,0.662731286007342,True,True,10,0.13669355857738277,0.12027298925460682,-0.016420569322775955,122.65782928466797,equal_weight,quarterly,5
2024-08-15,TRGP,BUY,New target holding from latest signal,0.6364146152400618,True,False,0,0.0,0.2936974336995663,0.2936974336995663,137.7242431640625,equal_weight,quarterly,5
2024-08-15,IRM,TRIM,Current weight is above target weight,0.6326085588824013,True,True,33,0.37497138794828966,0.30844718395088555,-0.06652420399740411,101.96037292480469,equal_weight,quarterly,5
2024-08-15,NRG,SELL,Ticker is no longer selected by the signal,0.6070527365129541,False,True,19,0.17102269013035656,0.0,-0.17102269013035656,80.76949310302734,equal_weight,quarterly,5
2024-08-16,VST,HOLD,Current holding remains close to target weight,0.7587811121652208,True,True,11,0.09629183890412348,0.1025717485675472,0.006279909663423719,78.38628387451172,equal_weight,quarterly,5
2024-08-16,NVDA,HOLD,Current holding remains close to target weight,0.7148293404997743,True,True,9,0.12500642139922716,0.1329051763739509,0.007898754974723754,124.375,equal_weight,quarterly,5
2024-08-16,MMM,ADD,Current weight is below target weight,0.6562796938336934,True,True,13,0.1773897653518472,0.2037177781796105,0.026328012827763314,122.18798065185547,equal_weight,quarterly,5
2024-08-16,NRG,BUY,New target holding from latest signal,0.6088717769455758,True,False,0,0.0,0.17593711588155053,0.17593711588155053,80.79878234863281,equal_weight,quarterly,5
2024-08-16,IRM,ADD,Current weight is below target weight,0.5909508702155926,True,True,27,0.30664122527583376,0.3848681809973409,0.07822695572150712,101.69744873046875,equal_weight,quarterly,5
2024-08-16,TRGP,SELL,Ticker is no longer selected by the signal,0.5459032862986333,False,True,19,0.29147028908426154,0.0,-0.29147028908426154,137.36749267578125,equal_weight,quarterly,5
2024-08-19,NVDA,HOLD,Current holding remains close to target weight,0.7905442600615833,True,True,10,0.1433476497704982,0.13249853526981625,-0.010849114500681933,129.78607177734375,equal_weight,quarterly,5
2024-08-19,VST,HOLD,Current holding remains close to target weight,0.7821302718986263,True,True,11,0.09690295209009973,0.1020072019508654,0.005104249860765672,79.75939178466797,equal_weight,quarterly,5
2024-08-19,MMM,HOLD,Current holding remains close to target weight,0.6771863500836226,True,True,15,0.20248124760066794,0.20399514905191027,0.0015139014512423332,122.21684265136719,equal_weight,quarterly,5
2024-08-19,IRM,HOLD,Current holding remains close to target weight,0.6381189659029702,True,True,34,0.3866268496347272,0.38452449671702504,-0.002102352917702166,102.95574951171875,equal_weight,quarterly,5
2024-08-19,NRG,HOLD,Current holding remains close to target weight,0.604020189261959,True,True,19,0.16865775747827627,0.176974617010383,0.00831685953210673,80.36930847167969,equal_weight,quarterly,5
2024-08-20,NVDA,HOLD,Current holding remains close to target weight,0.8324369306603168,True,True,9,0.12686422069834993,0.131768178811781,0.004903958113431056,127.04061889648438,equal_weight,quarterly,5
2024-08-20,VST,HOLD,Current holding remains close to target weight,0.7361394407640915,True,True,11,0.09602207247124502,0.10231615971118911,0.006294087239944096,78.6727523803711,equal_weight,quarterly,5
2024-08-20,MMM,HOLD,Current holding remains close to target weight,0.6749065826204188,True,True,15,0.2044042781465623,0.20457515155426279,0.00017087340770047255,122.81309509277344,equal_weight,quarterly,5
2024-08-20,IRM,HOLD,Current holding remains close to target weight,0.6258031943663578,True,True,34,0.3879787171693688,0.3839659761069743,-0.00401274106239452,102.84304809570312,equal_weight,quarterly,5
2024-08-20,NRG,HOLD,Current holding remains close to target weight,0.6020123068570007,True,True,20,0.17744077430486557,0.17737453381579288,-6.62404890726942e-05,79.9593734741211,equal_weight,quarterly,5
2024-08-21,NVDA,HOLD,Current holding remains close to target weight,0.9047394545468344,True,True,9,0.1258679821486808,0.1328901410477877,0.007022158899106901,128.28855895996094,equal_weight,quarterly,5
2024-08-21,VST,HOLD,Current holding remains close to target weight,0.792525422700747,True,True,11,0.09746864235725274,0.10237766421533821,0.004909021858085477,81.28069305419922,equal_weight,quarterly,5
2024-08-21,MMM,HOLD,Current holding remains close to target weight,0.6970067668911324,True,True,15,0.20323251700472217,0.20519990962633908,0.001967392621616909,124.28453826904297,equal_weight,quarterly,5
2024-08-21,IRM,HOLD,Current holding remains close to target weight,0.6614317874907061,True,True,34,0.39016737660984385,0.38060203086043437,-0.009565345749409482,105.26577758789062,equal_weight,quarterly,5
2024-08-21,NRG,HOLD,Current holding remains close to target weight,0.6129396635710629,True,True,20,0.17610114778171052,0.1789302542501007,0.0028291064683901856,80.76949310302734,equal_weight,quarterly,5
2024-08-22,VST,HOLD,Current holding remains close to target weight,0.7598705301487569,True,True,11,0.09914892737535258,0.1021708723037369,0.0030219449283843264,82.2883071899414,equal_weight,quarterly,5
2024-08-22,NEM,BUY,New target holding from latest signal,0.687493095610531,True,False,0,0.0,0.23614508271787757,0.23614508271787757,49.793067932128906,equal_weight,quarterly,5
2024-08-22,MMM,TRIM,Current weight is above target weight,0.6792130032751822,True,True,15,0.20320914812195773,0.17596885115876906,-0.027240296963188665,123.67866516113281,equal_weight,quarterly,5
2024-08-22,NRG,HOLD,Current holding remains close to target weight,0.5950897069257932,True,True,20,0.17501905871256015,0.17018265072092714,-0.004836407991633013,79.89105224609375,equal_weight,quarterly,5
2024-08-22,IRM,TRIM,Current weight is above target weight,0.5887459002583912,True,True,33,0.38281130896785365,0.3155325430986894,-0.06727876586916426,105.90430450439453,equal_weight,quarterly,5
2024-08-22,NVDA,SELL,Ticker is no longer selected by the signal,0.5757463992336218,False,True,10,0.13531692519879165,0.0,-0.13531692519879165,123.53639221191406,equal_weight,quarterly,5
2024-08-23,VST,HOLD,Current holding remains close to target weight,0.7747837695497952,True,True,11,0.10070451127293922,0.11189608209711162,0.011191570824172395,84.72830200195312,equal_weight,quarterly,5
2024-08-23,MMM,ADD,Current weight is below target weight,0.6982305570710796,True,True,13,0.17636069634797602,0.23095638997815524,0.054595693630179215,125.55404663085938,equal_weight,quarterly,5
2024-08-23,NEM,ADD,Current weight is below target weight,0.6868747227595122,True,True,43,0.23418268510690712,0.3155879965127296,0.0814053114058225,50.403255462646484,equal_weight,quarterly,5
2024-08-23,NVDA,BUY,New target holding from latest signal,0.6416085802947586,True,False,0,0.0,0.13895734464682216,0.13895734464682216,129.1571044921875,equal_weight,quarterly,5
2024-08-23,NRG,ADD,Current weight is below target weight,0.6376619388774876,True,True,20,0.1761260665179485,0.2026021867651815,0.026476120247233004,81.50155639648438,equal_weight,quarterly,5
2024-08-23,IRM,SELL,Ticker is no longer selected by the signal,0.5344198475263842,False,True,27,0.3105235714166733,0.0,-0.3105235714166733,106.43955993652344,equal_weight,quarterly,5
2024-08-26,NEM,HOLD,Current holding remains close to target weight,0.7656949009997993,True,True,58,0.3167538806221231,0.31230805185394805,-0.004445828768175064,50.616336822509766,equal_weight,quarterly,5
2024-08-26,VST,HOLD,Current holding remains close to target weight,0.7516839421387902,True,True,12,0.10856327120868356,0.12058866623700487,0.012025395028321312,83.84910583496094,equal_weight,quarterly,5
2024-08-26,MMM,HOLD,Current holding remains close to target weight,0.7386604520555258,True,True,17,0.23384119584911386,0.21463777958775918,-0.01920341626135469,127.48786926269531,equal_weight,quarterly,5
2024-08-26,FSLR,BUY,New target holding from latest signal,0.6128786795416876,True,False,0,0.0,0.1448831233320442,0.1448831233320442,233.19000244140625,equal_weight,quarterly,5
2024-08-26,NRG,HOLD,Current holding remains close to target weight,0.6045901416425843,True,True,23,0.2028594893854476,0.20758237898924364,0.004722889603796049,81.74557495117188,equal_weight,quarterly,5
2024-08-26,NVDA,SELL,Ticker is no longer selected by the signal,0.5991036835423296,False,True,10,0.13622010584657882,0.0,-0.13622010584657882,126.25191497802734,equal_weight,quarterly,5
2024-08-27,NEM,HOLD,Current holding remains close to target weight,0.7895058381180484,True,True,57,0.31311194193161623,0.3266254111953451,0.013513469263728872,51.04249954223633,equal_weight,quarterly,5
2024-08-27,MMM,ADD,Current weight is below target weight,0.7237154493449582,True,True,15,0.20510118514427375,0.23227287121545342,0.027171686071179674,127.05274963378906,equal_weight,quarterly,5
2024-08-27,VST,HOLD,Current holding remains close to target weight,0.6693377561568012,True,True,13,0.11690910428513042,0.13099098843934462,0.0140818841542142,83.56263732910156,equal_weight,quarterly,5
2024-08-27,NVDA,BUY,New target holding from latest signal,0.6304315166278811,True,False,0,0.0,0.15118764977715252,0.15118764977715252,128.08889770507812,equal_weight,quarterly,5
2024-08-27,FSLR,HOLD,Current holding remains close to target weight,0.6236981119367211,True,True,6,0.15201535038096428,0.15892307937270425,0.00690772899173997,235.4199981689453,equal_weight,quarterly,5
2024-08-27,NRG,SELL,Ticker is no longer selected by the signal,0.564073914484563,False,True,24,0.21076076593745946,0.0,-0.21076076593745946,81.59915924072266,equal_weight,quarterly,5
2024-08-28,NEM,HOLD,Current holding remains close to target weight,0.7593746914565218,True,True,61,0.33481181326501047,0.3266963653657612,-0.008115447899249284,50.199867248535156,equal_weight,quarterly,5
2024-08-28,MMM,HOLD,Current holding remains close to target weight,0.7423266659131758,True,True,17,0.23653471911899765,0.23415609403225818,-0.002378625086739472,127.25580596923828,equal_weight,quarterly,5
2024-08-28,NVDA,HOLD,Current holding remains close to target weight,0.6175812879014599,True,True,11,0.1508238641973056,0.15000618425696627,-0.000817679940339322,125.40331268310547,equal_weight,quarterly,5
2024-08-28,VST,HOLD,Current holding remains close to target weight,0.5654502700931046,True,True,14,0.12475084150344602,0.1314269535594091,0.0066761120559630655,81.4980239868164,equal_weight,quarterly,5
2024-08-28,FSLR,HOLD,Current holding remains close to target weight,0.5314573355056533,True,True,6,0.14994737310138123,0.15771440278560525,0.007767029684224019,228.57000732421875,equal_weight,quarterly,5
2024-08-29,MMM,TRIM,Current weight is above target weight,0.7469303492049928,True,True,17,0.2386067334591508,0.18834539906544917,-0.05026133439370162,128.51280212402344,equal_weight,quarterly,5
2024-08-29,NEM,TRIM,Current weight is above target weight,0.7254829645981227,True,True,59,0.33190140362018417,0.24894660743916777,-0.0829547961810164,51.507408142089844,equal_weight,quarterly,5
2024-08-29,VST,TRIM,Current weight is above target weight,0.5618503838600759,True,True,15,0.13702546885465544,0.09704343021275967,-0.03998203864189577,83.64166259765625,equal_weight,quarterly,5
2024-08-29,NRG,BUY,New target holding from latest signal,0.5099736947141147,True,False,0,0.0,0.15800199478332033,0.15800199478332033,80.64260864257812,equal_weight,quarterly,5
2024-08-29,TRGP,BUY,New target holding from latest signal,0.5071536259670326,True,False,0,0.0,0.30766256849930307,0.30766256849930307,141.06056213378906,equal_weight,quarterly,5
2024-08-29,FSLR,SELL,Ticker is no longer selected by the signal,0.4497368704163025,False,True,6,0.14619691664841364,0.0,-0.14619691664841364,223.10000610351562,equal_weight,quarterly,5
2024-08-29,NVDA,SELL,Ticker is no longer selected by the signal,0.4865655572922689,False,True,11,0.14103769895755836,0.0,-0.14103769895755836,117.39649963378906,equal_weight,quarterly,5
2024-08-30,MMM,HOLD,Current holding remains close to target weight,0.7753366375845963,True,True,14,0.19618407702056984,0.1873256619897904,-0.008858415030779443,130.23390197753906,equal_weight,quarterly,5
2024-08-30,NEM,HOLD,Current holding remains close to target weight,0.6948736847567125,True,True,44,0.24481927175261986,0.24972903275854239,0.004909761005922525,51.71080017089844,equal_weight,quarterly,5
2024-08-30,VST,HOLD,Current holding remains close to target weight,0.5770262119747656,True,True,10,0.09080613176363535,0.09818093286405229,0.007374801100416939,84.3924331665039,equal_weight,quarterly,5
2024-08-30,NRG,HOLD,Current holding remains close to target weight,0.5155726662879043,True,True,18,0.1607065661938873,0.15895193877648262,-0.001754627417404675,82.97541809082031,equal_weight,quarterly,5
2024-08-30,TRGP,HOLD,Current holding remains close to target weight,0.4966798240858563,True,True,20,0.3048277030189277,0.30581243361113236,0.0009847305922046634,141.6487579345703,equal_weight,quarterly,5
2024-09-03,MMM,TRIM,Current weight is above target weight,0.7326443861092609,True,True,13,0.1816248649871714,0.146643938189727,-0.034980926797444384,126.52096557617188,equal_weight,quarterly,5
2024-09-03,NEM,TRIM,Current weight is above target weight,0.5706043094460111,True,True,45,0.25156821873004787,0.16903024666353725,-0.08253797206651062,50.62602233886719,equal_weight,quarterly,5
2024-09-03,TRGP,TRIM,Current weight is above target weight,0.5020924267829043,True,True,20,0.3191788872739715,0.29675230414941745,-0.022426583124554034,144.52224731445312,equal_weight,quarterly,5
2024-09-03,CHRW,BUY,New target holding from latest signal,0.48097443229789993,True,False,0,0.0,0.1865874567894094,0.1865874567894094,99.49925231933594,equal_weight,quarterly,5
2024-09-03,NEE,BUY,New target holding from latest signal,0.47296301932194096,True,False,0,0.0,0.20098605420790894,0.20098605420790894,75.91859436035156,equal_weight,quarterly,5
2024-09-03,NRG,SELL,Ticker is no longer selected by the signal,0.39764424980239754,False,True,18,0.1547220212939765,0.0,-0.1547220212939765,77.84131622314453,equal_weight,quarterly,5
2024-09-03,VST,SELL,Ticker is no longer selected by the signal,0.3370624601588892,False,True,11,0.09088255967474933,0.0,-0.09088255967474933,74.82012176513672,equal_weight,quarterly,5
2024-09-04,MMM,TRIM,Current weight is above target weight,0.7262596239544512,True,True,11,0.15587564124005593,0.12018330651459655,-0.03569233472545938,127.77791595458984,equal_weight,quarterly,5
2024-09-04,NEM,HOLD,Current holding remains close to target weight,0.557284123863655,True,True,30,0.16630531742646948,0.15861381295974664,-0.007691504466722843,49.98677444458008,equal_weight,quarterly,5
2024-09-04,CHRW,HOLD,Current holding remains close to target weight,0.5055028248094375,True,True,17,0.1885266243864301,0.17071236153448846,-0.017814262851941626,99.99861907958984,equal_weight,quarterly,5
2024-09-04,VTR,BUY,New target holding from latest signal,0.4838631450942412,True,False,0,0.0,0.3893995624709183,0.3893995624709183,59.21870803833008,equal_weight,quarterly,5
2024-09-04,NEE,TRIM,Current weight is above target weight,0.4825585912628676,True,True,24,0.20497135801578312,0.16109095652025004,-0.04388040149553307,77.01089477539062,equal_weight,quarterly,5
2024-09-04,TRGP,SELL,Ticker is no longer selected by the signal,0.4527234822716524,False,True,18,0.28323929117953917,0.0,-0.28323929117953917,141.8898162841797,equal_weight,quarterly,5
2024-09-05,MMM,TRIM,Current weight is above target weight,0.7196164462209977,True,True,9,0.1274083777582567,0.1047283670870844,-0.0226800106711723,127.05274963378906,equal_weight,quarterly,5
2024-09-05,NEM,TRIM,Current weight is above target weight,0.5614538113373431,True,True,29,0.16331192370265454,0.12787011929333375,-0.03544180440932079,50.541542053222656,equal_weight,quarterly,5
2024-09-05,VTR,TRIM,Current weight is above target weight,0.4741446686775981,True,True,59,0.3909786228819015,0.36745923209093684,-0.023519390790964656,59.474334716796875,equal_weight,quarterly,5
2024-09-05,NEE,HOLD,Current holding remains close to target weight,0.46540581910033274,True,True,18,0.15302415871017133,0.15165259154969093,-0.001371567160480397,76.29851531982422,equal_weight,quarterly,5
2024-09-05,TRGP,BUY,New target holding from latest signal,0.45359143898747445,True,False,0,0.0,0.2482896899789542,0.2482896899789542,144.42579650878906,equal_weight,quarterly,5
2024-09-05,CHRW,SELL,Ticker is no longer selected by the signal,0.4298865191046668,False,True,15,0.16400107432879932,0.0,-0.16400107432879932,98.12598419189453,equal_weight,quarterly,5
2024-09-06,MMM,HOLD,Current holding remains close to target weight,0.6811562929070991,True,True,7,0.0981656982550209,0.10634746466008352,0.008181766405062615,124.34539794921875,equal_weight,quarterly,5
2024-09-06,NEM,ADD,Current weight is below target weight,0.5015857642598069,True,True,22,0.12156205997729748,0.14883664365977822,0.027274583682480744,48.99405288696289,equal_weight,quarterly,5
2024-09-06,VTR,TRIM,Current weight is above target weight,0.4716952653642865,True,True,55,0.36914814792727074,0.33705562953370816,-0.032092518393562586,59.51219940185547,equal_weight,quarterly,5
2024-09-06,FOX,BUY,New target holding from latest signal,0.44110067205570624,True,False,0,0.0,0.24627914337080087,0.24627914337080087,36.783470153808594,equal_weight,quarterly,5
2024-09-06,NEE,HOLD,Current holding remains close to target weight,0.4403457398679549,True,True,18,0.15421418062788964,0.1614811187756293,0.007266938147739654,75.96609497070312,equal_weight,quarterly,5
2024-09-06,TRGP,SELL,Ticker is no longer selected by the signal,0.41820259425345596,False,True,16,0.2553413032205239,0.0,-0.2553413032205239,141.50411987304688,equal_weight,quarterly,5
2024-09-09,MMM,HOLD,Current holding remains close to target weight,0.6564343341931356,True,True,8,0.1111225950562758,0.10239020380055917,-0.00873239125571662,124.21002960205078,equal_weight,quarterly,5
2024-09-09,NEM,HOLD,Current holding remains close to target weight,0.5120283896308815,True,True,26,0.143528592853433,0.15753745883103676,0.014008865977603757,49.363887786865234,equal_weight,quarterly,5
2024-09-09,VTR,HOLD,Current holding remains close to target weight,0.4723729263351393,True,True,50,0.33964225762548506,0.330290070067732,-0.009352187557753078,60.74296569824219,equal_weight,quarterly,5
2024-09-09,NEE,HOLD,Current holding remains close to target weight,0.42268066920842484,True,True,19,0.16385144656688425,0.16055043602508012,-0.0033010105418041225,77.11537170410156,equal_weight,quarterly,5
2024-09-09,FOX,HOLD,Current holding remains close to target weight,0.419271105528644,True,True,59,0.24094084397468452,0.24923183127559198,0.008290987300907465,36.51763916015625,equal_weight,quarterly,5
2024-09-10,MMM,HOLD,Current holding remains close to target weight,0.6747769296742476,True,True,7,0.09769924225097294,0.10605079115318518,0.008351548902212236,125.78609466552734,equal_weight,quarterly,5
2024-09-10,VTR,ADD,Current weight is below target weight,0.48727772252236834,True,True,49,0.33442678289643923,0.3574287285565989,0.023001945660159673,61.50981903076172,equal_weight,quarterly,5
2024-09-10,NEM,HOLD,Current holding remains close to target weight,0.471600595771962,True,True,28,0.15511937743298693,0.1566578720856006,0.0015384946526136867,49.928382873535156,equal_weight,quarterly,5
2024-09-10,NEE,HOLD,Current holding remains close to target weight,0.4406359473318151,True,True,19,0.1647981603923317,0.17001184825250917,0.005213687860177479,78.16966247558594,equal_weight,quarterly,5
2024-09-10,IRM,BUY,New target holding from latest signal,0.43698374322975475,True,False,0,0.0,0.2098507599521061,0.2098507599521061,107.20018005371094,equal_weight,quarterly,5
2024-09-10,FOX,SELL,Ticker is no longer selected by the signal,0.36296328672581346,False,True,61,0.24556906034041598,0.0,-0.24556906034041598,36.28133773803711,equal_weight,quarterly,5
2024-09-11,MMM,HOLD,Current holding remains close to target weight,0.5972678561802807,True,True,8,0.11118952646491419,0.11203903736681209,0.0008495109018979013,125.92146301269531,equal_weight,quarterly,5
2024-09-11,VTR,ADD,Current weight is below target weight,0.526369008433176,True,True,52,0.35499466829062853,0.4428627875366041,0.08786811924597554,61.85066223144531,equal_weight,quarterly,5
2024-09-11,NEM,ADD,Current weight is below target weight,0.51396389516448,True,True,28,0.1526204684277149,0.1806896327060143,0.02806916427829939,49.383358001708984,equal_weight,quarterly,5
2024-09-11,FSLR,BUY,New target holding from latest signal,0.5048311519016331,True,False,0,0.0,0.08634360088700144,0.08634360088700144,239.83999633789062,equal_weight,quarterly,5
2024-09-11,NEE,HOLD,Current holding remains close to target weight,0.47881509199871086,True,True,19,0.1661836636530334,0.17806494150356816,0.011881277850534777,79.2429428100586,equal_weight,quarterly,5
2024-09-11,IRM,SELL,Ticker is no longer selected by the signal,0.4365481912355378,False,True,18,0.21339207646828576,0.0,-0.21339207646828576,107.40676879882812,equal_weight,quarterly,5
2024-09-12,NEM,HOLD,Current holding remains close to target weight,0.5553227000914873,True,True,33,0.1862021619148428,0.19504014952025944,0.008837987605416653,51.46614456176758,equal_weight,quarterly,5
2024-09-12,MMM,HOLD,Current holding remains close to target weight,0.5360978731439778,True,True,8,0.11196967560204996,0.10755579472049766,-0.004413880881552298,127.66189575195312,equal_weight,quarterly,5
2024-09-12,VTR,TRIM,Current weight is above target weight,0.5267066390762085,True,True,65,0.4385382511595461,0.40045298315375427,-0.03808526800579182,61.53822708129883,equal_weight,quarterly,5
2024-09-12,FICO,BUY,New target holding from latest signal,0.4946621793954138,True,False,0,0.0,0.20273120584131318,0.20273120584131318,1862.0799560546875,equal_weight,quarterly,5
2024-09-12,FSLR,HOLD,Current holding remains close to target weight,0.4929765057699833,True,True,3,0.07760511993707554,0.0942198667641754,0.01661474682709986,235.9499969482422,equal_weight,quarterly,5
2024-09-12,NEE,SELL,Ticker is no longer selected by the signal,0.4199642804112762,False,True,21,0.18250939267537591,0.0,-0.18250939267537591,79.27144622802734,equal_weight,quarterly,5
2024-09-13,NEM,HOLD,Current holding remains close to target weight,0.5871231244754056,True,True,34,0.1946229734582062,0.19662394975875128,0.0020009763005450765,52.273948669433594,equal_weight,quarterly,5
2024-09-13,MMM,HOLD,Current holding remains close to target weight,0.5637522024458381,True,True,7,0.09870872592072454,0.10757718972200245,0.008868463801277912,128.77383422851562,equal_weight,quarterly,5
2024-09-13,VTR,HOLD,Current holding remains close to target weight,0.5571783563454511,True,True,59,0.3979491188485587,0.3980446081564882,9.548930792946386e-05,61.595027923583984,equal_weight,quarterly,5
2024-09-13,FICO,HOLD,Current holding remains close to target weight,0.5548751754887686,True,True,1,0.20465854245959184,0.20328563590016777,-0.0013729065594240697,1868.9599609375,equal_weight,quarterly,5
2024-09-13,FSLR,HOLD,Current holding remains close to target weight,0.5314947066127786,True,True,4,0.10021365365535635,0.09446861646259035,-0.005745037192766006,228.7899932861328,equal_weight,quarterly,5
2024-09-16,NEM,HOLD,Current holding remains close to target weight,0.5852757519033966,True,True,34,0.19221653381829087,0.19461456974694638,0.0023980359286555064,51.709449768066406,equal_weight,quarterly,5
2024-09-16,FSLR,HOLD,Current holding remains close to target weight,0.5826210857174028,True,True,4,0.10203172952177025,0.09647489683704029,-0.005556832684729965,233.30999755859375,equal_weight,quarterly,5
2024-09-16,FICO,HOLD,Current holding remains close to target weight,0.5637599036500716,True,True,1,0.2071793824092336,0.20336488938959227,-0.0038144930196413185,1894.97998046875,equal_weight,quarterly,5
2024-09-16,VTR,HOLD,Current holding remains close to target weight,0.5525719881506017,True,True,59,0.39512075746670267,0.39760356510372313,0.0024828076370204677,61.254207611083984,equal_weight,quarterly,5
2024-09-16,MMM,HOLD,Current holding remains close to target weight,0.552243836111014,True,True,7,0.09961070036113487,0.10794207892269791,0.008331378561563046,130.15655517578125,equal_weight,quarterly,5
2024-09-17,FSLR,HOLD,Current holding remains close to target weight,0.6054321821426636,True,True,4,0.105024828505446,0.09846995812085857,-0.006554870384587436,239.97999572753906,equal_weight,quarterly,5
2024-09-17,NEM,HOLD,Current holding remains close to target weight,0.5598179267468495,True,True,34,0.19228363430712062,0.19470890398733742,0.0024252696802168072,51.68999099731445,equal_weight,quarterly,5
2024-09-17,MMM,HOLD,Current holding remains close to target weight,0.5431903150645183,True,True,7,0.09891282621354916,0.10775792955148733,0.00884510333793817,129.1509552001953,equal_weight,quarterly,5
2024-09-17,FICO,HOLD,Current holding remains close to target weight,0.5411698040649373,True,True,1,0.206177636128496,0.20039877515996807,-0.005778860968527921,1884.449951171875,equal_weight,quarterly,5
2024-09-17,VTR,HOLD,Current holding remains close to target weight,0.5356097159041746,True,True,59,0.39375739119592007,0.3986644331803486,0.0049070419844285396,60.99858474731445,equal_weight,quarterly,5
2024-09-18,FSLR,HOLD,Current holding remains close to target weight,0.6396121817451366,True,True,4,0.10573506523559625,0.09860593078566143,-0.007129134449934821,241.80999755859375,equal_weight,quarterly,5
2024-09-18,NEM,HOLD,Current holding remains close to target weight,0.5982832591676768,True,True,34,0.1919380611048622,0.19593009477406145,0.0039920336691992575,51.641326904296875,equal_weight,quarterly,5
2024-09-18,FICO,HOLD,Current holding remains close to target weight,0.5379441649564956,True,True,1,0.20773697727687188,0.20106273260890598,-0.006674244667965901,1900.3299560546875,equal_weight,quarterly,5
2024-09-18,MMM,HOLD,Current holding remains close to target weight,0.5331570506424188,True,True,7,0.09867273830009618,0.10745981345909325,0.00878707515899707,128.9479217529297,equal_weight,quarterly,5
2024-09-18,VTR,HOLD,Current holding remains close to target weight,0.5088464451412462,True,True,59,0.39207676674508124,0.3969414283722779,0.004864661627196676,60.79030227661133,equal_weight,quarterly,5
2024-09-19,FSLR,ADD,Current weight is below target weight,0.5921731568384623,True,True,3,0.07941235866951066,0.10032776711595208,0.020915408446441422,240.4499969482422,equal_weight,quarterly,5
2024-09-19,NEM,HOLD,Current holding remains close to target weight,0.5773587298814904,True,True,34,0.19496976225585816,0.20130612634969755,0.006336364093839392,52.08903121948242,equal_weight,quarterly,5
2024-09-19,FICO,HOLD,Current holding remains close to target weight,0.5490685106138145,True,True,1,0.21238388481485262,0.21076152138666895,-0.0016223634281836707,1929.2099609375,equal_weight,quarterly,5
2024-09-19,MMM,HOLD,Current holding remains close to target weight,0.49896641849870527,True,True,8,0.11397422838710769,0.11001943422206564,-0.003954794165042047,129.41201782226562,equal_weight,quarterly,5
2024-09-19,VTR,HOLD,Current holding remains close to target weight,0.4519084026903206,True,True,61,0.39545213582342303,0.37758515092561584,-0.017866984897807192,58.887351989746094,equal_weight,quarterly,5
2024-09-20,NEM,ADD,Current weight is below target weight,0.5946645562372301,True,True,35,0.20327918754533095,0.2843737743326315,0.08109458678730055,53.01362991333008,equal_weight,quarterly,5
2024-09-20,VST,BUY,New target holding from latest signal,0.5857500356188519,True,False,0,0.0,0.09697964180599747,0.09697964180599747,106.82318878173828,equal_weight,quarterly,5
2024-09-20,FSLR,ADD,Current weight is below target weight,0.5732251013288379,True,True,4,0.10526168525308592,0.12695637200545254,0.021694686752366618,240.1999969482422,equal_weight,quarterly,5
2024-09-20,MMM,ADD,Current weight is below target weight,0.5127402028824699,True,True,7,0.09993492172929765,0.1656911779876229,0.06575625625832525,130.31124877929688,equal_weight,quarterly,5
2024-09-20,FICO,ADD,Current weight is below target weight,0.5114060525329003,True,True,1,0.21195089221736244,0.32599903386829565,0.11404814165093322,1934.6300048828125,equal_weight,quarterly,5
2024-09-20,VTR,SELL,Ticker is no longer selected by the signal,0.44327594378737323,False,True,58,0.3740053280375326,0.0,-0.3740053280375326,58.858943939208984,equal_weight,quarterly,5
2024-09-23,NEM,ADD,Current weight is below target weight,0.6308520166955258,True,True,53,0.3041441865508065,0.3294940491869509,0.025349862636144416,53.02335739135742,equal_weight,quarterly,5
2024-09-23,FSLR,HOLD,Current holding remains close to target weight,0.6259865811035854,True,True,6,0.16187325918413786,0.15925516456882585,-0.002618094615312011,249.27999877929688,equal_weight,quarterly,5
2024-09-23,VST,HOLD,Current holding remains close to target weight,0.6237726916022215,True,True,10,0.11963049290883358,0.11432449845509349,-0.0053059944537400955,110.53643798828125,equal_weight,quarterly,5
2024-09-23,PLTR,BUY,New target holding from latest signal,0.5694789199326922,True,False,0,0.0,0.18797160828808737,0.18797160828808737,37.95000076293945,equal_weight,quarterly,5
2024-09-23,MMM,HOLD,Current holding remains close to target weight,0.5380474106180322,True,True,14,0.19871969990148275,0.20895467950104243,0.010234979599559685,131.1524658203125,equal_weight,quarterly,5
2024-09-23,FICO,SELL,Ticker is no longer selected by the signal,0.5252753260476521,False,True,1,0.21075948719248216,0.0,-0.21075948719248216,1947.3800048828125,equal_weight,quarterly,5
2024-09-24,NEM,TRIM,Current weight is above target weight,0.6644697687463372,True,True,57,0.33432206269716513,0.2724701383979277,-0.061851924299237415,54.35673141479492,equal_weight,quarterly,5
2024-09-24,VST,HOLD,Current holding remains close to target weight,0.5865214917388322,True,True,9,0.10808622182660305,0.10089960109134398,-0.007186620735259067,111.2989273071289,equal_weight,quarterly,5
2024-09-24,MMM,TRIM,Current weight is above target weight,0.5847559372555238,True,True,15,0.214750530500636,0.17312630108738253,-0.04162422941325347,132.68020629882812,equal_weight,quarterly,5
2024-09-24,FSLR,TRIM,Current weight is above target weight,0.5812495249189911,True,True,6,0.15844381879702152,0.13120377926944074,-0.02724003952758078,244.72999572753906,equal_weight,quarterly,5
2024-09-24,IRM,BUY,New target holding from latest signal,0.5452779380710546,True,False,0,0.0,0.32230018015390516,0.32230018015390516,112.59245300292969,equal_weight,quarterly,5
2024-09-24,PLTR,SELL,Ticker is no longer selected by the signal,0.5055080041328222,False,True,46,0.1831559636078292,0.0,-0.1831559636078292,36.900001525878906,equal_weight,quarterly,5
2024-09-25,VST,HOLD,Current holding remains close to target weight,0.7627575661803041,True,True,8,0.10185034775314916,0.0830570469418788,-0.018793300811270355,117.9134750366211,equal_weight,quarterly,5
2024-09-25,NEM,TRIM,Current weight is above target weight,0.643010861956187,True,True,46,0.2671209299132583,0.2142417506006996,-0.0528791793125587,53.782501220703125,equal_weight,quarterly,5
2024-09-25,MMM,TRIM,Current weight is above target weight,0.6115668082521277,True,True,12,0.17113142272578918,0.1273377109707633,-0.04379371175502589,132.08071899414062,equal_weight,quarterly,5
2024-09-25,FSLR,TRIM,Current weight is above target weight,0.5782188263325487,True,True,5,0.13049434222622827,0.10001413916952316,-0.03048020305670511,241.72000122070312,equal_weight,quarterly,5
2024-09-25,VTR,BUY,New target holding from latest signal,0.5619112553178387,True,False,0,0.0,0.47534935231713504,0.47534935231713504,61.43408966064453,equal_weight,quarterly,5
2024-09-25,IRM,SELL,Ticker is no longer selected by the signal,0.5515896442062362,False,True,27,0.32864607654270395,0.0,-0.32864607654270395,112.73417663574219,equal_weight,quarterly,5
2024-09-26,GEV,BUY,New target holding from latest signal,0.9140571769877988,True,False,0,0.0,0.12507208645534562,0.12507208645534562,250.16285705566406,equal_weight,quarterly,5
2024-09-26,VST,ADD,Current weight is below target weight,0.6797812653901933,True,True,6,0.07315304220248,0.09901316969290727,0.025860127490427265,113.04167175292969,equal_weight,quarterly,5
2024-09-26,MMM,ADD,Current weight is below target weight,0.6142437348995895,True,True,9,0.13087635764412492,0.1678755677437034,0.03699921009957849,134.82676696777344,equal_weight,quarterly,5
2024-09-26,NEM,ADD,Current weight is below target weight,0.5924909841272981,True,True,37,0.21567613856281903,0.2890390547673415,0.07336291620452245,54.045284271240234,equal_weight,quarterly,5
2024-09-26,FICO,BUY,New target holding from latest signal,0.5286410466866491,True,False,0,0.0,0.3190001213407022,0.3190001213407022,1923.81005859375,equal_weight,quarterly,5
2024-09-26,FSLR,SELL,Ticker is no longer selected by the signal,0.5267841643564339,False,True,4,0.11029741951125956,0.0,-0.11029741951125956,255.66000366210938,equal_weight,quarterly,5
2024-09-26,VTR,SELL,Ticker is no longer selected by the signal,0.49132276533918584,False,True,72,0.4692794408715335,0.0,-0.4692794408715335,60.430538177490234,equal_weight,quarterly,5
2024-09-27,GEV,HOLD,Current holding remains close to target weight,0.8271298645781451,True,True,6,0.1619310884701975,0.1533487679894081,-0.008582320480789385,248.80857849121094,equal_weight,quarterly,5
2024-09-27,VST,HOLD,Current holding remains close to target weight,0.698589989412886,True,True,10,0.12644115762536268,0.1214980111834374,-0.0049431464419252835,116.56678771972656,equal_weight,quarterly,5
2024-09-27,PLTR,BUY,New target holding from latest signal,0.6010430154775412,True,False,0,0.0,0.16374083682885218,0.16374083682885218,36.84000015258789,equal_weight,quarterly,5
2024-09-27,MMM,ADD,Current weight is below target weight,0.5672914078089866,True,True,13,0.1872044750798287,0.21996868755364696,0.03276421247381825,132.75755310058594,equal_weight,quarterly,5
2024-09-27,FICO,ADD,Current weight is below target weight,0.5361993317250842,True,True,1,0.20822635338126752,0.3414436964446554,0.13321734306338787,1919.6500244140625,equal_weight,quarterly,5
2024-09-27,NEM,SELL,Ticker is no longer selected by the signal,0.5202999567295692,False,True,55,0.31296465055352557,0.0,-0.31296465055352557,52.4588737487793,equal_weight,quarterly,5
2024-09-30,GEV,TRIM,Current weight is above target weight,0.795381137508502,True,True,7,0.19156664420632855,0.13662019608271056,-0.054946448123617986,253.90704345703125,equal_weight,quarterly,5
2024-09-30,VST,TRIM,Current weight is above target weight,0.6654675569761133,True,True,12,0.15181610426523928,0.09668087768452137,-0.055135226580717914,117.37875366210938,equal_weight,quarterly,5
2024-09-30,PLTR,TRIM,Current weight is above target weight,0.6272965778528627,True,True,51,0.20448442182041143,0.13324736939974602,-0.07123705242066541,37.20000076293945,equal_weight,quarterly,5
2024-09-30,FICO,ADD,Current weight is below target weight,0.5493993216488566,True,True,1,0.20947689191414448,0.2899721720744201,0.08049528016027563,1943.52001953125,equal_weight,quarterly,5
2024-09-30,CHRW,BUY,New target holding from latest signal,0.5246850877617832,True,False,0,0.0,0.34347938475860196,0.34347938475860196,106.63810729980469,equal_weight,quarterly,5
2024-09-30,MMM,SELL,Ticker is no longer selected by the signal,0.47193588335408654,False,True,17,0.2421883368531916,0.0,-0.2421883368531916,132.17739868164062,equal_weight,quarterly,5
2024-10-01,GEV,ADD,Current weight is below target weight,0.8323568579459528,True,True,6,0.16599662951632782,0.20052728020898253,0.03453065069265471,255.45046997070312,equal_weight,quarterly,5
2024-10-01,VST,HOLD,Current holding remains close to target weight,0.7310033332564265,True,True,9,0.11828283202325988,0.13473716800003485,0.016454335976774967,121.34947204589844,equal_weight,quarterly,5
2024-10-01,PLTR,ADD,Current weight is below target weight,0.6047535293296415,True,True,38,0.15005192233784037,0.19573570562095516,0.04568378328311479,36.459999084472656,equal_weight,quarterly,5
2024-10-01,HWM,BUY,New target holding from latest signal,0.5487271622296053,True,False,0,0.0,0.29873682477905356,0.29873682477905356,100.47816467285156,equal_weight,quarterly,5
2024-10-01,TSLA,BUY,New target holding from latest signal,0.5484605500379844,True,False,0,0.0,0.17026302139097393,0.17026302139097393,258.0199890136719,equal_weight,quarterly,5
2024-10-01,CHRW,SELL,Ticker is no longer selected by the signal,0.5403341280322682,False,True,31,0.35617772887103616,0.0,-0.35617772887103616,106.08738708496094,equal_weight,quarterly,5
2024-10-01,FICO,SELL,Ticker is no longer selected by the signal,0.5358816966470277,False,True,1,0.20747536271136977,0.0,-0.20747536271136977,1915.68994140625,equal_weight,quarterly,5
2024-10-02,GEV,TRIM,Current weight is above target weight,0.8369741634261563,True,True,7,0.18956592302119676,0.1638569570645037,-0.02570896595669306,251.22833251953125,equal_weight,quarterly,5
2024-10-02,VST,TRIM,Current weight is above target weight,0.7081745782294973,True,True,11,0.14719888622083727,0.11159285145936301,-0.03560603476147425,124.14185333251953,equal_weight,quarterly,5
2024-10-02,PLTR,TRIM,Current weight is above target weight,0.6515418686537597,True,True,51,0.20610059709971243,0.15024930056654648,-0.05585129653316595,37.4900016784668,equal_weight,quarterly,5
2024-10-02,FICO,BUY,New target holding from latest signal,0.552328667960746,True,False,0,0.0,0.331231898636274,0.331231898636274,1938.1600341796875,equal_weight,quarterly,5
2024-10-02,HWM,TRIM,Current weight is above target weight,0.5369774231668729,True,True,27,0.29350695084910144,0.24306899227331283,-0.050437958575788616,100.84654235839844,equal_weight,quarterly,5
2024-10-02,TSLA,SELL,Ticker is no longer selected by the signal,0.4789167184415484,False,True,6,0.16105681286785428,0.0,-0.16105681286785428,249.02000427246094,equal_weight,quarterly,5
2024-10-03,GEV,TRIM,Current weight is above target weight,1.0203078912470835,True,True,7,0.188808832706279,0.16417541028719881,-0.024633422419080175,253.60830688476562,equal_weight,quarterly,5
2024-10-03,VST,TRIM,Current weight is above target weight,0.8870179069144297,True,True,11,0.15343696111298405,0.11010608787299735,-0.0433308732399867,131.15248107910156,equal_weight,quarterly,5
2024-10-03,PLTR,TRIM,Current weight is above target weight,0.7455517116333166,True,True,44,0.18362951465572333,0.14998250643171554,-0.03364700822400779,39.2400016784668,equal_weight,quarterly,5
2024-10-03,FICO,ADD,Current weight is below target weight,0.5870393818239568,True,True,1,0.2058993227720293,0.33281188165583614,0.12691255888380684,1935.949951171875,equal_weight,quarterly,5
2024-10-03,HWM,TRIM,Current weight is above target weight,0.5397481817236407,True,True,25,0.2667105927031357,0.24292411375225217,-0.02378647895088351,100.30889892578125,equal_weight,quarterly,5
2024-10-04,GEV,TRIM,Current weight is above target weight,1.1645478320536986,True,True,7,0.19318848062887048,0.14115665695430174,-0.05203182367456874,264.4723815917969,equal_weight,quarterly,5
2024-10-04,VST,TRIM,Current weight is above target weight,0.846541006180233,True,True,10,0.14301938861162375,0.09863671234497741,-0.04438267626664634,137.05410766601562,equal_weight,quarterly,5
2024-10-04,PLTR,TRIM,Current weight is above target weight,0.742595815197183,True,True,45,0.18788145193786848,0.13141174243346612,-0.05646970950440236,40.0099983215332,equal_weight,quarterly,5
2024-10-04,FICO,ADD,Current weight is below target weight,0.5535094929203384,True,True,1,0.19966598822918807,0.29966748355599165,0.10000149532680358,1913.3800048828125,equal_weight,quarterly,5
2024-10-04,IRM,BUY,New target holding from latest signal,0.5245705910222964,True,False,0,0.0,0.32912740471126306,0.32912740471126306,111.7515640258789,equal_weight,quarterly,5
2024-10-04,HWM,SELL,Ticker is no longer selected by the signal,0.5237339445331162,False,True,26,0.27561227043663244,0.0,-0.27561227043663244,101.58330535888672,equal_weight,quarterly,5
2024-10-07,GEV,HOLD,Current holding remains close to target weight,1.0201603095026788,True,True,6,0.16558835417293993,0.16241204308864213,-0.003176311084297806,261.4352722167969,equal_weight,quarterly,5
2024-10-07,VST,HOLD,Current holding remains close to target weight,0.7727002863619423,True,True,9,0.12349430978674332,0.10879900064479198,-0.014695309141951343,129.9840545654297,equal_weight,quarterly,5
2024-10-07,PLTR,HOLD,Current holding remains close to target weight,0.6908695386803669,True,True,37,0.1518986865022804,0.14873517098534994,-0.0031635155169304485,38.88999938964844,equal_weight,quarterly,5
2024-10-07,FICO,ADD,Current weight is below target weight,0.5780382218574318,True,True,1,0.20637691671767888,0.33719792352830963,0.13082100681063075,1955.0,equal_weight,quarterly,5
2024-10-07,HWM,BUY,New target holding from latest signal,0.5432756583701188,True,False,0,0.0,0.24285586175290638,0.24285586175290638,102.37980651855469,equal_weight,quarterly,5
2024-10-07,IRM,SELL,Ticker is no longer selected by the signal,0.5031959984373964,False,True,30,0.3493890070857753,0.0,-0.3493890070857753,110.32492065429688,equal_weight,quarterly,5
2024-10-08,GEV,TRIM,Current weight is above target weight,0.9994699403300282,True,True,7,0.19207633305630525,0.16302639573327624,-0.029049937323029018,263.15789794921875,equal_weight,quarterly,5
2024-10-08,VST,TRIM,Current weight is above target weight,0.8495304473640661,True,True,11,0.14532852737237706,0.10982374743906688,-0.03550477993331018,126.70646667480469,equal_weight,quarterly,5
2024-10-08,PLTR,TRIM,Current weight is above target weight,0.8171855209741878,True,True,43,0.1858456523588198,0.14716003011135922,-0.03868562224746058,41.45000076293945,equal_weight,quarterly,5
2024-10-08,FICO,ADD,Current weight is below target weight,0.6320340156305839,True,True,1,0.20745351813460491,0.33605526175305855,0.12860174361845364,1989.5799560546875,equal_weight,quarterly,5
2024-10-08,HWM,TRIM,Current weight is above target weight,0.5663327139095315,True,True,25,0.2672938014892649,0.24393456496323906,-0.02335923652602584,102.53909301757812,equal_weight,quarterly,5
2024-10-09,GEV,TRIM,Current weight is above target weight,0.9267180705503852,True,True,7,0.19184786856779215,0.14427174639512394,-0.04757612217266821,265.4781188964844,equal_weight,quarterly,5
2024-10-09,PLTR,TRIM,Current weight is above target weight,0.9237288546541647,True,True,40,0.17810235705276167,0.12963822693805302,-0.04846413011470865,43.130001068115234,equal_weight,quarterly,5
2024-10-09,VST,TRIM,Current weight is above target weight,0.7636940651746444,True,True,11,0.13963655051201118,0.1003969759237266,-0.03923957458828459,122.9635009765625,equal_weight,quarterly,5
2024-10-09,FICO,ADD,Current weight is below target weight,0.7143062940468154,True,True,1,0.20905140351110102,0.29738283876739924,0.08833143525629822,2024.989990234375,equal_weight,quarterly,5
2024-10-09,IRM,BUY,New target holding from latest signal,0.6135862699462693,True,False,0,0.0,0.3283102119756972,0.3283102119756972,113.839599609375,equal_weight,quarterly,5
2024-10-09,HWM,SELL,Ticker is no longer selected by the signal,0.5916331348475461,False,True,26,0.277125635990197,0.0,-0.277125635990197,103.24597930908203,equal_weight,quarterly,5
2024-10-10,GL,BUY,New target holding from latest signal,1.175831515043717,True,False,0,0.0,0.37628998919989315,0.37628998919989315,105.08943176269531,equal_weight,quarterly,5
2024-10-10,GEV,TRIM,Current weight is above target weight,0.9376143116214604,True,True,6,0.1646845895102391,0.13273744071075574,-0.03194714879948335,263.5064697265625,equal_weight,quarterly,5
2024-10-10,PLTR,TRIM,Current weight is above target weight,0.9054290791163866,True,True,35,0.15865996866593665,0.11658884234882086,-0.04207112631711579,43.52000045776367,equal_weight,quarterly,5
2024-10-10,VST,HOLD,Current holding remains close to target weight,0.7323423656535661,True,True,9,0.1152084434744882,0.09903680838543676,-0.01617163508905145,122.89419555664062,equal_weight,quarterly,5
2024-10-10,FICO,ADD,Current weight is below target weight,0.6653127769919269,True,True,1,0.20671210662018571,0.27534691935509337,0.06863481273490765,1984.52001953125,equal_weight,quarterly,5
2024-10-10,IRM,SELL,Ticker is no longer selected by the signal,0.5747594318783411,False,True,30,0.351393691123819,0.0,-0.351393691123819,112.45072937011719,equal_weight,quarterly,5
2024-10-11,GEV,TRIM,Current weight is above target weight,0.9917162862341007,True,True,6,0.16469666830749513,0.13396914856343836,-0.03072751974405677,265.76690673828125,equal_weight,quarterly,5
2024-10-11,PLTR,HOLD,Current holding remains close to target weight,0.9192764964756959,True,True,27,0.12133483180075204,0.11701689735855443,-0.004317934442197607,43.5099983215332,equal_weight,quarterly,5
2024-10-11,GL,HOLD,Current holding remains close to target weight,0.8335198531186265,True,True,35,0.3847103630783145,0.37506780129896516,-0.009642561779349357,106.42243194580078,equal_weight,quarterly,5
2024-10-11,VST,HOLD,Current holding remains close to target weight,0.8054851374337701,True,True,9,0.11532306606743316,0.10024450562748458,-0.015078560439948582,124.06263732910156,equal_weight,quarterly,5
2024-10-11,FICO,ADD,Current weight is below target weight,0.7276137709842909,True,True,1,0.2097696169410127,0.2737016471515575,0.06393203021054478,2031.0,equal_weight,quarterly,5
2024-10-14,GEV,TRIM,Current weight is above target weight,1.0455408706756835,True,True,6,0.1638165931442286,0.1349215722575392,-0.02889502088668941,268.365966796875,equal_weight,quarterly,5
2024-10-14,PLTR,HOLD,Current holding remains close to target weight,0.9817352640114574,True,True,27,0.11921549571940608,0.11687492541786171,-0.002340570301544373,43.400001525878906,equal_weight,quarterly,5
2024-10-14,GL,HOLD,Current holding remains close to target weight,0.9592888459504176,True,True,35,0.38246464670474356,0.37726013833941313,-0.005204508365330429,107.40983581542969,equal_weight,quarterly,5
2024-10-14,VST,TRIM,Current weight is above target weight,0.9483919811310046,True,True,9,0.11991537503021982,0.09854877867449778,-0.021366596355722037,130.96437072753906,equal_weight,quarterly,5
2024-10-14,FICO,ADD,Current weight is below target weight,0.7982389502029694,True,True,1,0.21048482001980257,0.27239458531068805,0.06190976529088549,2068.909912109375,equal_weight,quarterly,5
2024-10-15,GEV,HOLD,Current holding remains close to target weight,1.04782009514634,True,True,6,0.16220520960666504,0.14483786042303132,-0.017367349183633723,265.2391357421875,equal_weight,quarterly,5
2024-10-15,PLTR,HOLD,Current holding remains close to target weight,0.9392139822956547,True,True,30,0.1297389066257847,0.11409041896877266,-0.01564848765701203,42.43000030517578,equal_weight,quarterly,5
2024-10-15,VST,HOLD,Current holding remains close to target weight,0.9072411126956581,True,True,8,0.10358176578971053,0.10351032233635028,-7.14434533602426e-05,127.03324127197266,equal_weight,quarterly,5
2024-10-15,GL,TRIM,Current weight is above target weight,0.8572362472276351,True,True,35,0.39028218802777254,0.36910548508213187,-0.02117670294564067,109.40438842773438,equal_weight,quarterly,5
2024-10-15,FICO,ADD,Current weight is below target weight,0.7880195507363297,True,True,1,0.21007021597354925,0.26845591318971374,0.05838569721616449,2061.050048828125,equal_weight,quarterly,5
2024-10-16,GEV,TRIM,Current weight is above target weight,1.039109073921947,True,True,6,0.16577405152426772,0.14540726008973442,-0.020366791434533293,273.6137390136719,equal_weight,quarterly,5
2024-10-16,VST,TRIM,Current weight is above target weight,0.9864004768010655,True,True,9,0.12210750940269294,0.1018141432662993,-0.02029336613639364,134.3607635498047,equal_weight,quarterly,5
2024-10-16,PLTR,HOLD,Current holding remains close to target weight,0.9676208989206341,True,True,30,0.12702041308414433,0.11217496384960718,-0.01484544923453715,41.93000030517578,equal_weight,quarterly,5
2024-10-16,FICO,ADD,Current weight is below target weight,0.7790822499092369,True,True,1,0.20718494712000315,0.2696542720284214,0.06246932490841825,2051.780029296875,equal_weight,quarterly,5
2024-10-16,GL,HOLD,Current holding remains close to target weight,0.7625939834846536,True,True,34,0.3758506737596512,0.37094936076593776,-0.004901312993713436,109.47350311279297,equal_weight,quarterly,5
2024-10-17,PLTR,HOLD,Current holding remains close to target weight,0.9876952990127914,True,True,31,0.13354927851132206,0.12596476121760494,-0.007584517293717119,42.0,equal_weight,quarterly,5
2024-10-17,GEV,HOLD,Current holding remains close to target weight,0.9822186607133485,True,True,6,0.16669375244796017,0.15772801636388706,-0.008965736084073112,270.85540771484375,equal_weight,quarterly,5
2024-10-17,VST,HOLD,Current holding remains close to target weight,0.9414754755599508,True,True,8,0.10341205936859094,0.1007814998932739,-0.0026305594753170403,126.02323913574219,equal_weight,quarterly,5
2024-10-17,FICO,ADD,Current weight is below target weight,0.7543127134195526,True,True,1,0.20914001144370142,0.28643301106186186,0.07729299961816044,2038.949951171875,equal_weight,quarterly,5
2024-10-17,IRM,BUY,New target holding from latest signal,0.6951962240443745,True,False,0,0.0,0.3290927114633723,0.3290927114633723,117.5904769897461,equal_weight,quarterly,5
2024-10-17,GL,SELL,Ticker is no longer selected by the signal,0.6864510551398355,False,True,35,0.3865620834836539,0.0,-0.3865620834836539,107.67642974853516,equal_weight,quarterly,5
2024-10-18,PLTR,HOLD,Current holding remains close to target weight,1.0991696464137046,True,True,33,0.14482825516806155,0.16303045927428178,0.018202204106220227,42.970001220703125,equal_weight,quarterly,5
2024-10-18,GEV,ADD,Current weight is below target weight,1.0186526480501623,True,True,6,0.166422044743271,0.197089544325217,0.030667499581946006,271.5723876953125,equal_weight,quarterly,5
2024-10-18,VST,HOLD,Current holding remains close to target weight,1.0075201554033368,True,True,10,0.13264777247575577,0.127175654776603,-0.005472117699152762,129.8751220703125,equal_weight,quarterly,5
2024-10-18,NVDA,BUY,New target holding from latest signal,0.811326969317484,True,False,0,0.0,0.1419920319656742,0.1419920319656742,137.78469848632812,equal_weight,quarterly,5
2024-10-18,FICO,ADD,Current weight is below target weight,0.7463319280510448,True,True,1,0.2015590543558682,0.370712309658224,0.16915325530235578,1973.4599609375,equal_weight,quarterly,5
2024-10-18,IRM,SELL,Ticker is no longer selected by the signal,0.6973930514140776,False,True,29,0.3519304562793817,0.0,-0.3519304562793817,118.81871795654297,equal_weight,quarterly,5
2024-10-21,PLTR,HOLD,Current holding remains close to target weight,1.036242353892042,True,True,38,0.164274767243182,0.16348892692738323,-0.0007858403157987581,42.70000076293945,equal_weight,quarterly,5
2024-10-21,GEV,ADD,Current weight is below target weight,1.0223130749449019,True,True,6,0.16721082642630578,0.1971467075963792,0.029935881170073425,275.2667541503906,equal_weight,quarterly,5
2024-10-21,VST,HOLD,Current holding remains close to target weight,0.9638774612070047,True,True,9,0.11763524034272858,0.12749305565804067,0.009857815315312088,129.10276794433594,equal_weight,quarterly,5
2024-10-21,NVDA,HOLD,Current holding remains close to target weight,0.8075668229888804,True,True,10,0.14526744115596857,0.14153592886545238,-0.003731512290516187,143.4857940673828,equal_weight,quarterly,5
2024-10-21,FICO,TRIM,Current weight is above target weight,0.7333094849285613,True,True,2,0.4038429627177229,0.37033538095274454,-0.03350758176497837,1994.449951171875,equal_weight,quarterly,5
2024-10-22,PLTR,TRIM,Current weight is above target weight,0.9842883474039963,True,True,47,0.2046703344929651,0.16324994706762097,-0.041420387425344124,42.939998626708984,equal_weight,quarterly,5
2024-10-22,GEV,TRIM,Current weight is above target weight,0.8698501775604255,True,True,9,0.2512323668585339,0.19051768512420011,-0.06071468173433378,275.2568054199219,equal_weight,quarterly,5
2024-10-22,VST,TRIM,Current weight is above target weight,0.8358410669054621,True,True,13,0.16323448209594824,0.12671534776580412,-0.036519134330144115,123.81507873535156,equal_weight,quarterly,5
2024-10-22,NVDA,TRIM,Current weight is above target weight,0.742403070427827,True,True,12,0.17447068558830808,0.13639423514738747,-0.03807645044092062,143.3660125732422,equal_weight,quarterly,5
2024-10-22,FICO,ADD,Current weight is below target weight,0.706646282402535,True,True,1,0.20564796002931862,0.3831227848949873,0.17747482486566868,2027.8199462890625,equal_weight,quarterly,5
2024-10-23,PLTR,HOLD,Current holding remains close to target weight,0.9726725267059728,True,True,37,0.16125226510244334,0.1635993458638369,0.0023470807613935607,42.59000015258789,equal_weight,quarterly,5
2024-10-23,GEV,ADD,Current weight is below target weight,0.9146261758314351,True,True,6,0.1711150714300212,0.19354236724133075,0.02242729581130956,278.7023010253906,equal_weight,quarterly,5
2024-10-23,VST,HOLD,Current holding remains close to target weight,0.7987312275482268,True,True,10,0.12778224871108465,0.12832617134699223,0.0005439226359075788,124.87458801269531,equal_weight,quarterly,5
2024-10-23,NVDA,HOLD,Current holding remains close to target weight,0.7518656149131404,True,True,9,0.12832812491501336,0.1364061662364379,0.008078041321424534,139.34226989746094,equal_weight,quarterly,5
2024-10-23,FICO,TRIM,Current weight is above target weight,0.6752805755925684,True,True,2,0.40903962550088946,0.37812594931140225,-0.030913676189487205,1998.6600341796875,equal_weight,quarterly,5
2024-10-24,PLTR,HOLD,Current holding remains close to target weight,1.0064487890488136,True,True,37,0.16273755190401093,0.16131675554509597,-0.0014207963589149553,43.560001373291016,equal_weight,quarterly,5
2024-10-24,GEV,HOLD,Current holding remains close to target weight,1.0025619026600974,True,True,6,0.17917377431461146,0.19788252471273798,0.018708750398126528,295.75018310546875,equal_weight,quarterly,5
2024-10-24,VST,HOLD,Current holding remains close to target weight,0.7412524605050546,True,True,10,0.12555766615828168,0.12640482330663805,0.00084715714835637,124.34979248046875,equal_weight,quarterly,5
2024-10-24,NVDA,HOLD,Current holding remains close to target weight,0.69950532887805,True,True,9,0.1273974120690986,0.13408091060955185,0.006683498540453248,140.19093322753906,equal_weight,quarterly,5
2024-10-24,FICO,TRIM,Current weight is above target weight,0.6705343160780994,True,True,2,0.40268385710895593,0.3803149858259762,-0.022368871282979708,1994.050048828125,equal_weight,quarterly,5
2024-10-25,PLTR,TRIM,Current weight is above target weight,0.9920070914068864,True,True,37,0.16701964905108854,0.11750579141009503,-0.04951385764099352,44.86000061035156,equal_weight,quarterly,5
2024-10-25,GEV,TRIM,Current weight is above target weight,0.9176849979308028,True,True,6,0.176479302741767,0.15528619349545758,-0.021193109246309433,292.3048095703125,equal_weight,quarterly,5
2024-10-25,FICO,TRIM,Current weight is above target weight,0.8003961062772724,True,True,2,0.4024945814302547,0.2932804896287865,-0.10921409180146818,1999.969970703125,equal_weight,quarterly,5
2024-10-25,VST,TRIM,Current weight is above target weight,0.7145566758638098,True,True,10,0.12358275734627869,0.09592677479586813,-0.02765598255041056,122.81497192382812,equal_weight,quarterly,5
2024-10-25,IRM,BUY,New target holding from latest signal,0.6697710888140178,True,False,0,0.0,0.3380007506697928,0.3380007506697928,120.65164947509766,equal_weight,quarterly,5
2024-10-25,NVDA,SELL,Ticker is no longer selected by the signal,0.613537206725693,False,True,9,0.12798237028006562,0.0,-0.12798237028006562,141.3191680908203,equal_weight,quarterly,5
2024-10-28,PLTR,TRIM,Current weight is above target weight,0.9697766697759596,True,True,32,0.1446786136020903,0.11888608227441128,-0.02579253132767903,44.970001220703125,equal_weight,quarterly,5
2024-10-28,GEV,HOLD,Current holding remains close to target weight,0.8189421865297077,True,True,6,0.17373793876414959,0.16014160635323918,-0.013596332410910406,288.0129089355469,equal_weight,quarterly,5
2024-10-28,FICO,ADD,Current weight is below target weight,0.7469598293369422,True,True,1,0.2007628855305484,0.2923944513333238,0.0916315658027754,1996.8800048828125,equal_weight,quarterly,5
2024-10-28,IRM,TRIM,Current weight is above target weight,0.6658539939553443,True,True,30,0.3651571550754783,0.33133939671832646,-0.03381775835715184,121.06736755371094,equal_weight,quarterly,5
2024-10-28,VST,HOLD,Current holding remains close to target weight,0.6472159303382918,True,True,9,0.1144883907763512,0.0972384633206993,-0.017249927455651903,126.52824401855469,equal_weight,quarterly,5
2024-10-29,PLTR,TRIM,Current weight is above target weight,1.0450615252347788,True,True,32,0.14373524568816975,0.11350354049495041,-0.03023170519321934,44.93000030517578,equal_weight,quarterly,5
2024-10-29,GEV,HOLD,Current holding remains close to target weight,0.9437246975670786,True,True,6,0.17845703504932375,0.17512488276725202,-0.003332152282071732,297.5127258300781,equal_weight,quarterly,5
2024-10-29,FICO,ADD,Current weight is below target weight,0.7839994209541568,True,True,1,0.20212868612819468,0.28150045638251886,0.07937177025432418,2021.8599853515625,equal_weight,quarterly,5
2024-10-29,VST,TRIM,Current weight is above target weight,0.6784202400212858,True,True,10,0.1253836681648024,0.10521691764698475,-0.020166750517817647,125.41921997070312,equal_weight,quarterly,5
2024-10-29,IRM,TRIM,Current weight is above target weight,0.6684633838926441,True,True,29,0.34951665892433587,0.324654202708294,-0.024862456216041884,120.55715942382812,equal_weight,quarterly,5
2024-10-30,PLTR,HOLD,Current holding remains close to target weight,0.9751354868494266,True,True,28,0.12334415820936177,0.10708485392457819,-0.016259304284783588,43.689998626708984,equal_weight,quarterly,5
2024-10-30,GEV,TRIM,Current weight is above target weight,0.9621544434451423,True,True,7,0.20915972388660012,0.17984563424456668,-0.029314089642033442,296.34765625,equal_weight,quarterly,5
2024-10-30,FICO,ADD,Current weight is below target weight,0.7593909379059718,True,True,1,0.2023595614076726,0.25459234065749214,0.05223277924981953,2006.989990234375,equal_weight,quarterly,5
2024-10-30,NVDA,BUY,New target holding from latest signal,0.6782477383096992,True,False,0,0.0,0.1228064825345751,0.1228064825345751,139.1226043701172,equal_weight,quarterly,5
2024-10-30,IRM,HOLD,Current holding remains close to target weight,0.6565920300375689,True,True,28,0.3404597086786132,0.3356706886387878,-0.004789020039825398,120.59496307373047,equal_weight,quarterly,5
2024-10-30,VST,SELL,Ticker is no longer selected by the signal,0.6228033253187126,False,True,10,0.12391100918986836,0.0,-0.12391100918986836,122.89419555664062,equal_weight,quarterly,5
2024-10-31,GEV,TRIM,Current weight is above target weight,0.9609958382226083,True,True,7,0.21619622720439144,0.19376151824253945,-0.022434708961851985,300.3905944824219,equal_weight,quarterly,5
2024-10-31,PLTR,HOLD,Current holding remains close to target weight,0.8430156443193066,True,True,28,0.11964576341008748,0.10593775427764109,-0.013708009132446394,41.560001373291016,equal_weight,quarterly,5
2024-10-31,FICO,ADD,Current weight is below target weight,0.7103102304948585,True,True,1,0.20492502911268418,0.2379740560861889,0.03304902697350473,1993.1099853515625,equal_weight,quarterly,5
2024-10-31,IRM,TRIM,Current weight is above target weight,0.6287865298943018,True,True,28,0.33654195101014533,0.312010468768882,-0.024531482241263336,116.90078735351562,equal_weight,quarterly,5
2024-10-31,NCLH,BUY,New target holding from latest signal,0.5887147621072841,True,False,0,0.0,0.15031620262474857,0.15031620262474857,25.34000015258789,equal_weight,quarterly,5
2024-10-31,NVDA,SELL,Ticker is no longer selected by the signal,0.5472722536518899,False,True,9,0.12265787627141127,0.0,-0.12265787627141127,132.55288696289062,equal_weight,quarterly,5
2024-11-01,GEV,TRIM,Current weight is above target weight,0.810958450862268,True,True,7,0.21726048103610449,0.1565913960378283,-0.060669084998276196,299.8229675292969,equal_weight,quarterly,5
2024-11-01,PLTR,HOLD,Current holding remains close to target weight,0.7968280456936312,True,True,26,0.11282683392374168,0.09758019585265848,-0.015246638071083202,41.91999816894531,equal_weight,quarterly,5
2024-11-01,FICO,HOLD,Current holding remains close to target weight,0.6671360825970123,True,True,1,0.20588890186205852,0.2097681759681307,0.003879274106072167,1988.9100341796875,equal_weight,quarterly,5
2024-11-01,IRM,HOLD,Current holding remains close to target weight,0.6305300004531618,True,True,26,0.30810075466783166,0.30046306148895763,-0.007637693178874028,114.47261810302734,equal_weight,quarterly,5
2024-11-01,IP,BUY,New target holding from latest signal,0.5700659478460794,True,False,0,0.0,0.23559717065242491,0.23559717065242491,51.850460052490234,equal_weight,quarterly,5
2024-11-01,NCLH,SELL,Ticker is no longer selected by the signal,0.5559724525891452,False,True,60,0.15453235040825525,0.0,-0.15453235040825525,24.8799991607666,equal_weight,quarterly,5
2024-11-04,GEV,HOLD,Current holding remains close to target weight,0.7468369820095155,True,True,5,0.15224012723722968,0.1441438127119919,-0.008096314525237791,294.2166748046875,equal_weight,quarterly,5
2024-11-04,PLTR,HOLD,Current holding remains close to target weight,0.6426021956072723,True,True,24,0.10285095336378793,0.10382157339507726,0.0009706200312893376,41.40999984741211,equal_weight,quarterly,5
2024-11-04,IRM,HOLD,Current holding remains close to target weight,0.6148142771895933,True,True,25,0.29907369947690166,0.2994865654904435,0.00041286601354184604,115.5969467163086,equal_weight,quarterly,5
2024-11-04,FICO,HOLD,Current holding remains close to target weight,0.6021985092771098,True,True,1,0.20603927374448125,0.2211316085527224,0.015092334808241153,1990.93994140625,equal_weight,quarterly,5
2024-11-04,IP,HOLD,Current holding remains close to target weight,0.5658110986793319,True,True,44,0.23961440896774475,0.231416439849765,-0.008197969117979736,52.622127532958984,equal_weight,quarterly,5
2024-11-05,PLTR,TRIM,Current weight is above target weight,1.3892524289505936,True,True,22,0.1110328616536148,0.08497250568745474,-0.026060355966160062,51.130001068115234,equal_weight,quarterly,5
2024-11-05,GEV,HOLD,Current holding remains close to target weight,0.886770779323218,True,True,5,0.15518955563270398,0.1726114415247104,0.01742188589200641,314.4411926269531,equal_weight,quarterly,5
2024-11-05,NCLH,BUY,New target holding from latest signal,0.6628205063937136,True,False,0,0.0,0.15701118443299283,0.15701118443299283,25.940000534057617,equal_weight,quarterly,5
2024-11-05,IRM,HOLD,Current holding remains close to target weight,0.6423172714197172,True,True,26,0.30486509724168104,0.31498454811546395,0.01011945087378291,118.79039001464844,equal_weight,quarterly,5
2024-11-05,FICO,ADD,Current weight is below target weight,0.6199561573325774,True,True,1,0.1983787218380447,0.27042032023937806,0.07204159840133337,2009.75,equal_weight,quarterly,5
2024-11-05,IP,SELL,Ticker is no longer selected by the signal,0.5136524978228878,False,True,43,0.22714035830202434,0.0,-0.22714035830202434,53.51466369628906,equal_weight,quarterly,5
2024-11-06,PLTR,HOLD,Current holding remains close to target weight,1.5756029756408747,True,True,19,0.10298848178961113,0.1201820834990284,0.017193601709417264,55.529998779296875,equal_weight,quarterly,5
2024-11-06,GEV,HOLD,Current holding remains close to target weight,1.050609964331347,True,True,6,0.19613455389846995,0.21328945992169407,0.017154906023224115,334.88482666015625,equal_weight,quarterly,5
2024-11-06,NCLH,HOLD,Current holding remains close to target weight,0.7252952122823293,True,True,66,0.17884252466601988,0.1609845988929579,-0.017857925773061972,27.760000228881836,equal_weight,quarterly,5
2024-11-06,CCL,BUY,New target holding from latest signal,0.6944054651025855,True,False,0,0.0,0.17945201842425496,0.17945201842425496,23.9716854095459,equal_weight,quarterly,5
2024-11-06,TRGP,BUY,New target holding from latest signal,0.6712486624995948,True,False,0,0.0,0.3260918392620646,0.3260918392620646,180.20069885253906,equal_weight,quarterly,5
2024-11-06,FICO,SELL,Ticker is no longer selected by the signal,0.6705794770009079,False,True,1,0.2040725282189613,0.0,-0.2040725282189613,2090.6298828125,equal_weight,quarterly,5
2024-11-06,IRM,SELL,Ticker is no longer selected by the signal,0.48641607514578133,False,True,30,0.3166276827961127,0.0,-0.3166276827961127,108.12353515625,equal_weight,quarterly,5
2024-11-07,PLTR,HOLD,Current holding remains close to target weight,1.64333030659773,True,True,23,0.12536759150848342,0.12949258750474194,0.0041249959962585125,55.880001068115234,equal_weight,quarterly,5
2024-11-07,GEV,ADD,Current weight is below target weight,1.0239183004429382,True,True,6,0.19627598658185128,0.2241597629823391,0.027883776400487836,335.36279296875,equal_weight,quarterly,5
2024-11-07,TSLA,BUY,New target holding from latest signal,0.7265220768421148,True,False,0,0.0,0.11846812173763974,0.11846812173763974,296.9100036621094,equal_weight,quarterly,5
2024-11-07,FICO,BUY,New target holding from latest signal,0.6911205086430501,True,False,0,0.0,0.353766115502485,0.353766115502485,2176.10009765625,equal_weight,quarterly,5
2024-11-07,NVDA,BUY,New target holding from latest signal,0.6778593666359172,True,False,0,0.0,0.17411341227279425,0.17411341227279425,148.6477508544922,equal_weight,quarterly,5
2024-11-07,CCL,SELL,Ticker is no longer selected by the signal,0.6263735885419615,False,True,78,0.17824712775362697,0.0,-0.17824712775362697,23.42755126953125,equal_weight,quarterly,5
2024-11-07,NCLH,SELL,Ticker is no longer selected by the signal,0.6697529606876627,False,True,61,0.16095265053996513,0.0,-0.16095265053996513,27.049999237060547,equal_weight,quarterly,5
2024-11-07,TRGP,SELL,Ticker is no longer selected by the signal,0.6700389045095327,False,True,19,0.3371143461891888,0.0,-0.3371143461891888,181.89576721191406,equal_weight,quarterly,5
2024-11-08,PLTR,TRIM,Current weight is above target weight,1.8344659373002665,True,True,32,0.1764115360575735,0.14264347591644874,-0.03376806014112477,58.38999938964844,equal_weight,quarterly,5
2024-11-08,GEV,HOLD,Current holding remains close to target weight,1.039696498998358,True,True,8,0.2566142030269747,0.26164371650041607,0.005029513473441383,339.7442932128906,equal_weight,quarterly,5
2024-11-08,AXON,BUY,New target holding from latest signal,0.9878720206815106,True,False,0,0.0,0.15310398921380688,0.15310398921380688,603.1799926757812,equal_weight,quarterly,5
2024-11-08,TSLA,TRIM,Current weight is above target weight,0.9066896117599641,True,True,5,0.15163907138449434,0.12658086764836143,-0.025058203736132906,321.2200012207031,equal_weight,quarterly,5
2024-11-08,FICO,ADD,Current weight is below target weight,0.7554361812547679,True,True,1,0.22020191418886603,0.31602795072096695,0.09582603653210092,2332.2900390625,equal_weight,quarterly,5
2024-11-08,NVDA,SELL,Ticker is no longer selected by the signal,0.6428353440380254,False,True,14,0.1948332766891385,0.0,-0.1948332766891385,147.39968872070312,equal_weight,quarterly,5
2024-11-11,PLTR,TRIM,Current weight is above target weight,1.8767908377313627,True,True,30,0.16569964904254783,0.14234946897377987,-0.02335018006876796,60.2400016784668,equal_weight,quarterly,5
2024-11-11,GEV,TRIM,Current weight is above target weight,1.1633134540936982,True,True,9,0.28714357381369104,0.2598854574140888,-0.02725811639960224,347.96954345703125,equal_weight,quarterly,5
2024-11-11,AXON,HOLD,Current holding remains close to target weight,1.0522265999467164,True,True,3,0.16947905269532992,0.15103827069982292,-0.018440781995507,616.1400146484375,equal_weight,quarterly,5
2024-11-11,TSLA,TRIM,Current weight is above target weight,1.036185940094184,True,True,5,0.16045505629974777,0.12445066436125377,-0.036004391938494,350.0,equal_weight,quarterly,5
2024-11-11,FICO,ADD,Current weight is below target weight,0.7635625076607129,True,True,1,0.2154682184596613,0.32227613855105464,0.10680792009139334,2350.0,equal_weight,quarterly,5
2024-11-12,PLTR,HOLD,Current holding remains close to target weight,1.7915110533252498,True,True,30,0.1711327435936541,0.15648135147695327,-0.014651392116700829,59.849998474121094,equal_weight,quarterly,5
2024-11-12,AXON,HOLD,Current holding remains close to target weight,1.0076233212938193,True,True,3,0.17018343805421984,0.1893710323575984,0.019187594303378547,595.1799926757812,equal_weight,quarterly,5
2024-11-12,GEV,TRIM,Current weight is above target weight,0.9544165305924202,True,True,9,0.2765126131541195,0.24834745395799826,-0.028165159196121253,322.3478088378906,equal_weight,quarterly,5
2024-11-12,TSLA,TRIM,Current weight is above target weight,0.8501266380638501,True,True,5,0.15654523727395067,0.1327807060519355,-0.02376453122201516,328.489990234375,equal_weight,quarterly,5
2024-11-12,NCLH,BUY,New target holding from latest signal,0.7842510271078569,True,False,0,0.0,0.2730194561555146,0.2730194561555146,27.8700008392334,equal_weight,quarterly,5
2024-11-12,FICO,SELL,Ticker is no longer selected by the signal,0.7342846413819002,False,True,1,0.22380218445518915,0.0,-0.22380218445518915,2348.10009765625,equal_weight,quarterly,5
2024-11-13,PLTR,HOLD,Current holding remains close to target weight,1.8011075472649702,True,True,29,0.16652575423419097,0.15369632121760365,-0.012829433016587316,60.70000076293945,equal_weight,quarterly,5
2024-11-13,AXON,HOLD,Current holding remains close to target weight,1.045551804923385,True,True,3,0.17064750186773445,0.18682444795388103,0.016176946086146587,601.2899780273438,equal_weight,quarterly,5
2024-11-13,GEV,HOLD,Current holding remains close to target weight,0.9852267861395554,True,True,8,0.2511519279899461,0.24782112108506513,-0.003330806904880995,331.8576354980469,equal_weight,quarterly,5
2024-11-13,TSLA,HOLD,Current holding remains close to target weight,0.8980400011962175,True,True,4,0.12496384198342846,0.13378389606290347,0.008820054079475018,330.239990234375,equal_weight,quarterly,5
2024-11-13,NCLH,HOLD,Current holding remains close to target weight,0.7366411433414333,True,True,110,0.28408613287757933,0.27787421368054666,-0.006211919197032678,27.299999237060547,equal_weight,quarterly,5
2024-11-14,PLTR,HOLD,Current holding remains close to target weight,1.733487360180991,True,True,29,0.16607812453748125,0.15247111545683495,-0.013607009080646298,59.18000030517578,equal_weight,quarterly,5
2024-11-14,AXON,HOLD,Current holding remains close to target weight,1.0815314435915502,True,True,3,0.17550929958948855,0.19026034214250676,0.014751042553018207,604.5599975585938,equal_weight,quarterly,5
2024-11-14,GEV,HOLD,Current holding remains close to target weight,0.9593750978424023,True,True,8,0.25134424322123305,0.24906229942439265,-0.0022819437968404077,324.6679992675781,equal_weight,quarterly,5
2024-11-14,TSLA,HOLD,Current holding remains close to target weight,0.7797986684602989,True,True,4,0.12045119928838886,0.13151979254335625,0.011068593254967382,311.17999267578125,equal_weight,quarterly,5
2024-11-14,NCLH,HOLD,Current holding remains close to target weight,0.6790434064645674,True,True,111,0.28658158472969686,0.27668645043290935,-0.009895134296787511,26.68000030517578,equal_weight,quarterly,5
2024-11-15,PLTR,TRIM,Current weight is above target weight,2.022518196289839,True,True,25,0.1560173418258075,0.13422919438139416,-0.021788147444413347,65.7699966430664,equal_weight,quarterly,5
2024-11-15,AXON,HOLD,Current holding remains close to target weight,1.0753833507114128,True,True,3,0.17061090732010276,0.16698687400961207,-0.0036240333104906874,599.3499755859375,equal_weight,quarterly,5
2024-11-15,GEV,TRIM,Current weight is above target weight,1.0277948434203217,True,True,8,0.2492651518689263,0.2209328089768708,-0.028332342892055523,328.372314453125,equal_weight,quarterly,5
2024-11-15,TSLA,TRIM,Current weight is above target weight,0.8072804524223047,True,True,5,0.15216020865069918,0.1171109684585491,-0.03504924019215008,320.7200012207031,equal_weight,quarterly,5
2024-11-15,TRGP,BUY,New target holding from latest signal,0.6829576255742962,True,False,0,0.0,0.3607401541735739,0.3607401541735739,189.8868408203125,equal_weight,quarterly,5
2024-11-15,NCLH,SELL,Ticker is no longer selected by the signal,0.6774603223043776,False,True,108,0.2707457299556122,0.0,-0.2707457299556122,26.420000076293945,equal_weight,quarterly,5
2024-11-18,PLTR,HOLD,Current holding remains close to target weight,1.8334873239396856,True,True,23,0.13410290975753236,0.13162316523575895,-0.002479744521773408,61.2599983215332,equal_weight,quarterly,5
2024-11-18,AXON,HOLD,Current holding remains close to target weight,1.0545834417972002,True,True,3,0.1713191416324494,0.16528905513458472,-0.006030086497864684,600.0,equal_weight,quarterly,5
2024-11-18,GEV,HOLD,Current holding remains close to target weight,1.0215595900541832,True,True,7,0.2158626674226416,0.21904593587458102,0.0031832684519394194,324.0008239746094,equal_weight,quarterly,5
2024-11-18,TSLA,HOLD,Current holding remains close to target weight,0.9362103237680479,True,True,4,0.12896143191897202,0.11700520557475672,-0.01195622634421531,338.739990234375,equal_weight,quarterly,5
2024-11-18,TRGP,HOLD,Current holding remains close to target weight,0.7101121901024756,True,True,19,0.348570134186656,0.3670366381803184,0.018466503993662398,192.75390625,equal_weight,quarterly,5
2024-11-19,PLTR,ADD,Current weight is below target weight,1.9651600857301137,True,True,23,0.13422361205808137,0.15516286656693734,0.020939254508855976,62.97999954223633,equal_weight,quarterly,5
2024-11-19,AXON,ADD,Current weight is below target weight,1.119117854970979,True,True,3,0.16962579627407967,0.19894774199774443,0.029321945723664755,610.2000122070312,equal_weight,quarterly,5
2024-11-19,GEV,ADD,Current weight is below target weight,1.0740560923535352,True,True,7,0.2196058864124045,0.2512588003542163,0.03165291394181183,338.5692443847656,equal_weight,quarterly,5
2024-11-19,TSLA,HOLD,Current holding remains close to target weight,0.8542335942264538,True,True,4,0.1282432521287655,0.13753503023035452,0.009291778101589016,346.0,equal_weight,quarterly,5
2024-11-19,UAL,BUY,New target holding from latest signal,0.7774845239677801,True,False,0,0.0,0.25709556085074736,0.25709556085074736,94.26000213623047,equal_weight,quarterly,5
2024-11-19,TRGP,SELL,Ticker is no longer selected by the signal,0.7397646076172071,False,True,19,0.34714902929958974,0.0,-0.34714902929958974,197.18048095703125,equal_weight,quarterly,5
2024-11-20,PLTR,HOLD,Current holding remains close to target weight,1.9343409876245778,True,True,28,0.16075774396706533,0.15505228187569517,-0.005705462091370156,62.119998931884766,equal_weight,quarterly,5
2024-11-20,AXON,TRIM,Current weight is above target weight,1.140695818362183,True,True,4,0.22544680868605202,0.19832029655868696,-0.027126512127365054,609.8200073242188,equal_weight,quarterly,5
2024-11-20,GEV,ADD,Current weight is below target weight,1.0919742254827907,True,True,7,0.22082683501334638,0.248590501785684,0.02776366677233763,341.32757568359375,equal_weight,quarterly,5
2024-11-20,TSLA,HOLD,Current holding remains close to target weight,0.8990061496876103,True,True,4,0.1264464444812655,0.1393140551172278,0.012867610635962312,342.0299987792969,equal_weight,quarterly,5
2024-11-20,UAL,HOLD,Current holding remains close to target weight,0.8052270232523344,True,True,30,0.26238107921831144,0.25872286466270605,-0.003658214555605388,94.62999725341797,equal_weight,quarterly,5
2024-11-21,PLTR,TRIM,Current weight is above target weight,1.961390088985365,True,True,28,0.1583853936583232,0.13337398067360842,-0.025011412984714765,61.36000061035156,equal_weight,quarterly,5
2024-11-21,AXON,TRIM,Current weight is above target weight,1.2546163846886964,True,True,4,0.2327806610951949,0.16713659315258977,-0.06564406794260513,631.27001953125,equal_weight,quarterly,5
2024-11-21,GEV,HOLD,Current holding remains close to target weight,1.1021215814805196,True,True,7,0.21838643734225152,0.21760466567525302,-0.0007817716669984986,338.4198913574219,equal_weight,quarterly,5
2024-11-21,TSLA,HOLD,Current holding remains close to target weight,0.9548751232300434,True,True,4,0.12524217006686333,0.11941597476486743,-0.005826195301995907,339.6400146484375,equal_weight,quarterly,5
2024-11-21,TRGP,BUY,New target holding from latest signal,0.8427937826174894,True,False,0,0.0,0.3624687857336814,0.3624687857336814,201.17115783691406,equal_weight,quarterly,5
2024-11-21,UAL,SELL,Ticker is no longer selected by the signal,0.8238022524549928,False,True,30,0.26107482633460094,0.0,-0.26107482633460094,94.4000015258789,equal_weight,quarterly,5
2024-11-22,PLTR,HOLD,Current holding remains close to target weight,2.062827119138296,True,True,24,0.14029033889414086,0.15413961533776988,0.013849276443629016,64.3499984741211,equal_weight,quarterly,5
2024-11-22,AXON,ADD,Current weight is below target weight,1.22998284955517,True,True,3,0.17357796268458273,0.20108281384155374,0.027504851156971016,636.9500122070312,equal_weight,quarterly,5
2024-11-22,GEV,ADD,Current weight is below target weight,0.9678747635507048,True,True,7,0.22108492959507264,0.24510792788494987,0.024022998289877223,347.69073486328125,equal_weight,quarterly,5
2024-11-22,TSLA,ADD,Current weight is below target weight,0.9669715842094182,True,True,3,0.09607762764342502,0.1390374920897953,0.042959864446370274,352.55999755859375,equal_weight,quarterly,5
2024-11-22,UAL,BUY,New target holding from latest signal,0.8410979838886006,True,False,0,0.0,0.2606321508459313,0.2606321508459313,95.23999786376953,equal_weight,quarterly,5
2024-11-22,TRGP,SELL,Ticker is no longer selected by the signal,0.832500992153286,False,True,20,0.3648113644072041,0.0,-0.3648113644072041,200.80308532714844,equal_weight,quarterly,5
2024-11-25,PLTR,HOLD,Current holding remains close to target weight,2.071259091166919,True,True,26,0.1564065732843582,0.1572340944955834,0.0008275212112252017,64.6500015258789,equal_weight,quarterly,5
2024-11-25,AXON,TRIM,Current weight is above target weight,1.14781392706998,True,True,4,0.23039006860124928,0.1998064930431121,-0.030583575558137177,619.0,equal_weight,quarterly,5
2024-11-25,TSLA,HOLD,Current holding remains close to target weight,0.9156435436372878,True,True,4,0.12602224957024777,0.13968189530990444,0.013659645739656667,338.5899963378906,equal_weight,quarterly,5
2024-11-25,UAL,HOLD,Current holding remains close to target weight,0.9121248617322884,True,True,30,0.2702989187946177,0.2691633665630765,-0.0011355522315412148,96.83000183105469,equal_weight,quarterly,5
2024-11-25,GEV,ADD,Current weight is below target weight,0.8472680672227695,True,True,7,0.21337779804734144,0.23411415058832355,0.020736352540982106,327.5956115722656,equal_weight,quarterly,5
2024-11-26,PLTR,HOLD,Current holding remains close to target weight,2.139445854208432,True,True,26,0.1570125372698678,0.16566716995482378,0.008654632684955976,65.73999786376953,equal_weight,quarterly,5
2024-11-26,TPL,BUY,New target holding from latest signal,1.6046641750455266,True,False,0,0.0,0.25985385341819245,0.25985385341819245,518.8138427734375,equal_weight,quarterly,5
2024-11-26,AXON,TRIM,Current weight is above target weight,1.2244272061430759,True,True,4,0.23228345830719113,0.19414997402546752,-0.03813348428172361,632.1599731445312,equal_weight,quarterly,5
2024-11-26,TSLA,ADD,Current weight is below target weight,0.9196890078868687,True,True,4,0.12428062514679511,0.14495526574091544,0.02067464059412033,338.2300109863281,equal_weight,quarterly,5
2024-11-26,GEV,HOLD,Current holding remains close to target weight,0.9111775783893854,True,True,7,0.21699850158263106,0.2353737368606008,0.018375235277969748,337.4639587402344,equal_weight,quarterly,5
2024-11-26,UAL,SELL,Ticker is no longer selected by the signal,0.8620489818004429,False,True,30,0.2659652383469474,0.0,-0.2659652383469474,96.51000213623047,equal_weight,quarterly,5
2024-11-27,PLTR,TRIM,Current weight is above target weight,2.0395768266528145,True,True,27,0.16258928241514106,0.13788240569273008,-0.02470687672241098,66.05000305175781,equal_weight,quarterly,5
2024-11-27,TPL,TRIM,Current weight is above target weight,1.7088479175092282,True,True,6,0.29552589712912125,0.2305365145861017,-0.06498938254301956,540.2427978515625,equal_weight,quarterly,5
2024-11-27,AXON,HOLD,Current holding remains close to target weight,1.2537890789471833,True,True,3,0.1736692565646695,0.1708846271130995,-0.0027846294515699865,634.9600219726562,equal_weight,quarterly,5
2024-11-27,GEV,HOLD,Current holding remains close to target weight,0.915295947979994,True,True,7,0.21310533821027067,0.20948820718912042,-0.003617131021150244,333.91888427734375,equal_weight,quarterly,5
2024-11-27,UAL,BUY,New target holding from latest signal,0.8767042888149346,True,False,0,0.0,0.2512082454189483,0.2512082454189483,96.3499984741211,equal_weight,quarterly,5
2024-11-27,TSLA,SELL,Ticker is no longer selected by the signal,0.8619051800940858,False,True,5,0.15174908487988167,0.0,-0.15174908487988167,332.8900146484375,equal_weight,quarterly,5
2024-11-29,PLTR,HOLD,Current holding remains close to target weight,2.0940959818640006,True,True,24,0.14637230076350535,0.1653817447052183,0.019009443941712945,67.08000183105469,equal_weight,quarterly,5
2024-11-29,TPL,HOLD,Current holding remains close to target weight,1.6492633083285582,True,True,5,0.24009965529944513,0.2576857794174492,0.01758612411800406,528.1617431640625,equal_weight,quarterly,5
2024-11-29,AXON,HOLD,Current holding remains close to target weight,1.2968721948765096,True,True,3,0.17646285094894273,0.1938346973442764,0.01737184639533368,646.9600219726562,equal_weight,quarterly,5
2024-11-29,TSLA,BUY,New target holding from latest signal,0.9382300096198575,True,False,0,0.0,0.14545683091532988,0.14545683091532988,345.1600036621094,equal_weight,quarterly,5
2024-11-29,GEV,ADD,Current weight is below target weight,0.8994880686705449,True,True,6,0.1815001146933649,0.23764094761772622,0.05614083292436131,332.7139892578125,equal_weight,quarterly,5
2024-11-29,UAL,SELL,Ticker is no longer selected by the signal,0.8273258872230393,False,True,29,0.25530688677567237,0.0,-0.25530688677567237,96.83000183105469,equal_weight,quarterly,5
2024-12-02,PLTR,HOLD,Current holding remains close to target weight,2.1139775018742473,True,True,29,0.17760891638266324,0.16281950132611395,-0.014789415056549293,66.38999938964844,equal_weight,quarterly,5
2024-12-02,TPL,ADD,Current weight is below target weight,1.5590238364152662,True,True,5,0.22865660758865253,0.25910585236464817,0.030449244775995643,495.7350769042969,equal_weight,quarterly,5
2024-12-02,AXON,HOLD,Current holding remains close to target weight,1.2848167789377105,True,True,3,0.17612001486136114,0.1905765058620376,0.014456491000676447,636.3900146484375,equal_weight,quarterly,5
2024-12-02,TSLA,TRIM,Current weight is above target weight,1.025582902815731,True,True,5,0.1647068988467592,0.1431358403571744,-0.02157105848958482,357.0899963378906,equal_weight,quarterly,5
2024-12-02,GEV,HOLD,Current holding remains close to target weight,0.9812174126399495,True,True,8,0.24805496545954944,0.24436230009002596,-0.003692665369523479,336.1195983886719,equal_weight,quarterly,5
2024-12-03,PLTR,HOLD,Current holding remains close to target weight,2.210859631657326,True,True,27,0.1722322414898943,0.16081074784464308,-0.011421493645251218,70.95999908447266,equal_weight,quarterly,5
2024-12-03,TPL,TRIM,Current weight is above target weight,1.729515992213353,True,True,6,0.2797858542394706,0.2561548057683855,-0.023631048471085103,518.7252807617188,equal_weight,quarterly,5
2024-12-03,AXON,HOLD,Current holding remains close to target weight,1.4251321126523102,True,True,3,0.18065453503445641,0.18891871786606554,0.008264182831609124,669.8699951171875,equal_weight,quarterly,5
2024-12-03,GEV,HOLD,Current holding remains close to target weight,1.035819649312887,True,True,8,0.23769997477759341,0.2493018265940467,0.01160185181645329,330.5232849121094,equal_weight,quarterly,5
2024-12-03,TSLA,HOLD,Current holding remains close to target weight,1.0107570225831295,True,True,4,0.12636405987300778,0.14481390192685928,0.0184498420538515,351.4200134277344,equal_weight,quarterly,5
2024-12-04,PLTR,HOLD,Current holding remains close to target weight,2.042247441610706,True,True,27,0.1729263160817361,0.1611931978099775,-0.011733118271758575,69.8499984741211,equal_weight,quarterly,5
2024-12-04,AXON,HOLD,Current holding remains close to target weight,1.4364300242859906,True,True,3,0.18908426873650233,0.19338196699529492,0.004297698258792587,687.3900146484375,equal_weight,quarterly,5
2024-12-04,TPL,HOLD,Current holding remains close to target weight,1.3783187833089094,True,True,6,0.2522921379950784,0.24081934291163878,-0.011472795083439596,458.5867919921875,equal_weight,quarterly,5
2024-12-04,GEV,HOLD,Current holding remains close to target weight,1.1025750949468258,True,True,8,0.25109161446813516,0.2592032643055618,0.008111649837426627,342.303466796875,equal_weight,quarterly,5
2024-12-04,TSLA,HOLD,Current holding remains close to target weight,1.0453142438616072,True,True,4,0.13127710999909478,0.14540222797752703,0.014125117978432244,357.92999267578125,equal_weight,quarterly,5
2024-12-05,PLTR,HOLD,Current holding remains close to target weight,2.021017233323167,True,True,27,0.17693746146408948,0.16062822617104527,-0.016309235293044205,71.87000274658203,equal_weight,quarterly,5
2024-12-05,AXON,HOLD,Current holding remains close to target weight,1.4710014127840614,True,True,3,0.1886862431987294,0.19284978565938782,0.00416354246065842,689.780029296875,equal_weight,quarterly,5
2024-12-05,TPL,HOLD,Current holding remains close to target weight,1.308632969357638,True,True,6,0.24342668724739758,0.2389340112509816,-0.004492675996415979,444.9472961425781,equal_weight,quarterly,5
2024-12-05,GEV,HOLD,Current holding remains close to target weight,1.1716049507802908,True,True,8,0.2528764575791708,0.25837554694452514,0.005499089365354315,346.6650390625,equal_weight,quarterly,5
2024-12-05,TSLA,HOLD,Current holding remains close to target weight,1.076486372737036,True,True,4,0.1347631132549622,0.1492124299740602,0.014449316719097993,369.489990234375,equal_weight,quarterly,5
2024-12-06,PLTR,HOLD,Current holding remains close to target weight,2.274989192918213,True,True,27,0.18517017123130067,0.16782636771975604,-0.01734380351154463,76.33999633789062,equal_weight,quarterly,5
2024-12-06,AXON,HOLD,Current holding remains close to target weight,1.451657762714461,True,True,3,0.18533997265849567,0.192589467432803,0.007249494774307336,687.6900024414062,equal_weight,quarterly,5
2024-12-06,TPL,HOLD,Current holding remains close to target weight,1.3366764753450333,True,True,6,0.23837590423273206,0.2344827233443869,-0.0038931808883451435,442.2379150390625,equal_weight,quarterly,5
2024-12-06,TSLA,HOLD,Current holding remains close to target weight,1.1930358946944066,True,True,4,0.13986539308561238,0.1480078072339847,0.008142414148372329,389.2200012207031,equal_weight,quarterly,5
2024-12-06,GEV,HOLD,Current holding remains close to target weight,1.137895069627855,True,True,8,0.2479873421888886,0.25709363426906945,0.00910629208018085,345.0518798828125,equal_weight,quarterly,5
2024-12-09,PLTR,HOLD,Current holding remains close to target weight,2.1327281328820895,True,True,23,0.15419686180456527,0.16621066191764533,0.012013800113080064,72.45999908447266,equal_weight,quarterly,5
2024-12-09,AXON,HOLD,Current holding remains close to target weight,1.2515418381141892,True,True,3,0.1783629351485588,0.18776028835004824,0.009397353201489433,642.5900268554688,equal_weight,quarterly,5
2024-12-09,TSLA,HOLD,Current holding remains close to target weight,1.2428794729461807,True,True,4,0.14425805383435958,0.15266019475985396,0.008402140925494378,389.7900085449219,equal_weight,quarterly,5
2024-12-09,GEV,TRIM,Current weight is above target weight,1.0118220172335297,True,True,9,0.27799007994853764,0.2542418807690659,-0.02374819917947174,333.8392639160156,equal_weight,quarterly,5
2024-12-09,TPL,HOLD,Current holding remains close to target weight,0.8644576743942207,True,True,6,0.2434118515757774,0.2391269742033867,-0.004284877372390722,438.4712219238281,equal_weight,quarterly,5
2024-12-10,PLTR,HOLD,Current holding remains close to target weight,1.9723269708929005,True,True,27,0.17935805732243795,0.16618368596640593,-0.013174371356032027,70.88999938964844,equal_weight,quarterly,5
2024-12-10,TSLA,HOLD,Current holding remains close to target weight,1.3496424565201415,True,True,4,0.15030231767194313,0.1451121775504249,-0.005190140121518222,400.989990234375,equal_weight,quarterly,5
2024-12-10,AXON,HOLD,Current holding remains close to target weight,1.2210027194785948,True,True,3,0.1792006344947508,0.18835684054538593,0.009156206050635135,637.4500122070312,equal_weight,quarterly,5
2024-12-10,GEV,HOLD,Current holding remains close to target weight,0.9460859168827134,True,True,8,0.2443971891259208,0.23404605411849505,-0.010351135007425738,326.0123596191406,equal_weight,quarterly,5
2024-12-10,UAL,BUY,New target holding from latest signal,0.8545629240003092,True,False,0,0.0,0.2663012418192882,0.2663012418192882,96.52999877929688,equal_weight,quarterly,5
2024-12-10,TPL,SELL,Ticker is no longer selected by the signal,0.7178251692120341,False,True,6,0.2407773548892443,0.0,-0.2407773548892443,428.24493408203125,equal_weight,quarterly,5
2024-12-11,PLTR,HOLD,Current holding remains close to target weight,2.0504838342376854,True,True,25,0.16407319195285403,0.16568979307071208,0.001616601117858052,72.51000213623047,equal_weight,quarterly,5
2024-12-11,TSLA,HOLD,Current holding remains close to target weight,1.395905043146597,True,True,4,0.1537848371590187,0.143258292203416,-0.010526544955602707,424.7699890136719,equal_weight,quarterly,5
2024-12-11,AXON,HOLD,Current holding remains close to target weight,1.1716131022164546,True,True,3,0.17444571132393705,0.19270000355785422,0.01825429223391717,642.4500122070312,equal_weight,quarterly,5
2024-12-11,GEV,HOLD,Current holding remains close to target weight,0.9366832645748457,True,True,8,0.24789294661957556,0.23152590994706357,-0.016367036672511992,342.353271484375,equal_weight,quarterly,5
2024-12-11,UAL,HOLD,Current holding remains close to target weight,0.8696391179653142,True,True,29,0.2597510914166776,0.26682600122095423,0.007074909804276608,98.95999908447266,equal_weight,quarterly,5
2024-12-12,PLTR,HOLD,Current holding remains close to target weight,2.1456809414810367,True,True,25,0.16907637226042838,0.16915095068976538,7.45784293370022e-05,73.19999694824219,equal_weight,quarterly,5
2024-12-12,TSLA,HOLD,Current holding remains close to target weight,1.291335580130844,True,True,4,0.15451548682228286,0.144564416236758,-0.009951070585524857,418.1000061035156,equal_weight,quarterly,5
2024-12-12,AXON,HOLD,Current holding remains close to target weight,1.1684951251217535,True,True,3,0.17639654756660686,0.19386411900839856,0.0174675714417917,636.4099731445312,equal_weight,quarterly,5
2024-12-12,GEV,HOLD,Current holding remains close to target weight,0.8726798622897507,True,True,8,0.24282082789887247,0.22899751908549407,-0.013823308813378399,328.521728515625,equal_weight,quarterly,5
2024-12-12,UAL,HOLD,Current holding remains close to target weight,0.8430958667787851,True,True,29,0.2571374587609655,0.26342299497958405,0.006285536218618548,95.97000122070312,equal_weight,quarterly,5
2024-12-13,PLTR,HOLD,Current holding remains close to target weight,2.2274077505197667,True,True,25,0.17312133557146775,0.1687536043175295,-0.004367731253938245,76.06999969482422,equal_weight,quarterly,5
2024-12-13,TSLA,HOLD,Current holding remains close to target weight,1.4505928006732005,True,True,4,0.15884469025115053,0.14375784514950177,-0.01508684510164876,436.2300109863281,equal_weight,quarterly,5
2024-12-13,AXON,HOLD,Current holding remains close to target weight,1.2061027016299808,True,True,3,0.17612358562699526,0.19383511330214792,0.01771152767515266,644.9099731445312,equal_weight,quarterly,5
2024-12-13,GEV,HOLD,Current holding remains close to target weight,0.9510489195640437,True,True,8,0.24077252785114084,0.2293173844476939,-0.011455143403446943,330.6128845214844,equal_weight,quarterly,5
2024-12-13,UAL,HOLD,Current holding remains close to target weight,0.9140672819264031,True,True,29,0.2510853379990941,0.264336052783127,0.013250714784032891,95.11000061035156,equal_weight,quarterly,5
2024-12-16,PLTR,HOLD,Current holding remains close to target weight,2.0275778822575874,True,True,26,0.17657238426103725,0.1688555148736192,-0.007716869387418057,75.75,equal_weight,quarterly,5
2024-12-16,TSLA,TRIM,Current weight is above target weight,1.4702303829643406,True,True,4,0.1660452773204637,0.1430781227746304,-0.022967154545833313,463.0199890136719,equal_weight,quarterly,5
2024-12-16,AXON,HOLD,Current holding remains close to target weight,1.184944504674477,True,True,3,0.17463586739568449,0.19356872728951674,0.018932859893832255,649.2999877929688,equal_weight,quarterly,5
2024-12-16,GEV,HOLD,Current holding remains close to target weight,1.001125728266194,True,True,7,0.2110461054308979,0.22960972834377966,0.018563622912881744,336.28887939453125,equal_weight,quarterly,5
2024-12-16,UAL,HOLD,Current holding remains close to target weight,0.8959492096850283,True,True,31,0.2653633344003827,0.2648879067184541,-0.0004754276819285974,95.4800033569336,equal_weight,quarterly,5
2024-12-17,PLTR,HOLD,Current holding remains close to target weight,1.8810999329547005,True,True,27,0.1816558159611151,0.16871348599916974,-0.012942329961945359,74.38999938964844,equal_weight,quarterly,5
2024-12-17,TSLA,HOLD,Current holding remains close to target weight,1.5958021409023617,True,True,3,0.13019873922918232,0.1456616552819076,0.01546291605272529,479.8599853515625,equal_weight,quarterly,5
2024-12-17,AXON,ADD,Current weight is below target weight,1.1659853964358522,True,True,3,0.1724985500993024,0.1929299029100465,0.020431352810744097,635.760009765625,equal_weight,quarterly,5
2024-12-17,UAL,HOLD,Current holding remains close to target weight,0.9158933916027421,True,True,32,0.2749152578120656,0.2649535537723909,-0.009961704039674724,94.98999786376953,equal_weight,quarterly,5
2024-12-17,GEV,HOLD,Current holding remains close to target weight,0.8284793858199209,True,True,8,0.23656660624778994,0.22774140203648538,-0.00882520421130456,326.9583740234375,equal_weight,quarterly,5
2024-12-18,PLTR,HOLD,Current holding remains close to target weight,1.7977309714546168,True,True,27,0.1824852607671936,0.16983502121111838,-0.012650239556075221,71.51000213623047,equal_weight,quarterly,5
2024-12-18,TSLA,HOLD,Current holding remains close to target weight,1.4240237215879965,True,True,3,0.12479565610586814,0.14424224387350054,0.019446587767632403,440.1300048828125,equal_weight,quarterly,5
2024-12-18,AXON,ADD,Current weight is below target weight,1.0807804854079053,True,True,3,0.17294972007349269,0.19380956965029122,0.02085984957679854,609.9600219726562,equal_weight,quarterly,5
2024-12-18,UAL,HOLD,Current holding remains close to target weight,0.8705521138336834,True,True,32,0.2766469589064632,0.25988506992315796,-0.016761888983305218,91.47000122070312,equal_weight,quarterly,5
2024-12-18,GEV,HOLD,Current holding remains close to target weight,0.7898183191865367,True,True,8,0.23876984730576628,0.232228095341932,-0.006541751963834275,315.7855529785156,equal_weight,quarterly,5
2024-12-19,PLTR,HOLD,Current holding remains close to target weight,2.112835512143106,True,True,24,0.16352123110008665,0.16987693841756263,0.006355707317475978,74.20999908447266,equal_weight,quarterly,5
2024-12-19,TSLA,HOLD,Current holding remains close to target weight,1.3833125322095028,True,True,4,0.1601829457947169,0.14746361547581027,-0.012719330318906624,436.1700134277344,equal_weight,quarterly,5
2024-12-19,AXON,ADD,Current weight is below target weight,1.1146488256313702,True,True,3,0.1695808375018246,0.19530967412138744,0.02572883661956285,615.6799926757812,equal_weight,quarterly,5
2024-12-19,UAL,HOLD,Current holding remains close to target weight,0.98339553659837,True,True,30,0.2632072604345991,0.25874463819643073,-0.004462622238168346,95.55999755859375,equal_weight,quarterly,5
2024-12-19,GEV,HOLD,Current holding remains close to target weight,0.8938143443535669,True,True,8,0.24341221220404596,0.22860513378880895,-0.014807078415237013,331.3995361328125,equal_weight,quarterly,5
2024-12-20,PLTR,HOLD,Current holding remains close to target weight,2.334023326179197,True,True,25,0.18024554286457953,0.16734285830247253,-0.012902684562106997,80.55000305175781,equal_weight,quarterly,5
2024-12-20,TSLA,HOLD,Current holding remains close to target weight,1.3061671231015204,True,True,4,0.1507519502681902,0.15084202010200357,9.006983381337763e-05,421.05999755859375,equal_weight,quarterly,5
2024-12-20,AXON,ADD,Current weight is below target weight,1.1581481930195552,True,True,3,0.16962279791202683,0.19495753571514482,0.025334737803117985,631.6900024414062,equal_weight,quarterly,5
2024-12-20,UAL,HOLD,Current holding remains close to target weight,0.9804798886027737,True,True,29,0.2528226190254051,0.2586508627838822,0.005828243758477125,97.4000015258789,equal_weight,quarterly,5
2024-12-20,GEV,HOLD,Current holding remains close to target weight,0.9249892649372204,True,True,8,0.24451602635371078,0.22820672309649698,-0.016309303257213803,341.4745788574219,equal_weight,quarterly,5
2024-12-23,PLTR,HOLD,Current holding remains close to target weight,2.285423623616114,True,True,24,0.1718115002903948,0.16748990356458973,-0.004321596725805066,80.69000244140625,equal_weight,quarterly,5
2024-12-23,TSLA,HOLD,Current holding remains close to target weight,1.298371988659548,True,True,4,0.1528112340134101,0.15084245366205537,-0.0019687803513547264,430.6000061035156,equal_weight,quarterly,5
2024-12-23,AXON,ADD,Current weight is below target weight,1.1328640407137418,True,True,3,0.16612100177138775,0.1949538700938843,0.02883286832249654,624.1400146484375,equal_weight,quarterly,5
2024-12-23,UAL,HOLD,Current holding remains close to target weight,1.0502885906509887,True,True,30,0.26477581033133,0.2585848134391909,-0.0061909968921391445,99.4800033569336,equal_weight,quarterly,5
2024-12-23,GEV,HOLD,Current holding remains close to target weight,0.902338282917142,True,True,8,0.24396334145317294,0.22812895924027982,-0.015834382212893128,343.72674560546875,equal_weight,quarterly,5
2024-12-24,PLTR,HOLD,Current holding remains close to target weight,2.4182570933384384,True,True,24,0.1714861547913257,0.1677095629771105,-0.003776591814215191,82.37999725341797,equal_weight,quarterly,5
2024-12-24,TSLA,HOLD,Current holding remains close to target weight,1.3541274648574624,True,True,4,0.1603840375306463,0.14924932018924503,-0.011134717341401285,462.2799987792969,equal_weight,quarterly,5
2024-12-24,AXON,ADD,Current weight is below target weight,1.1553195488800148,True,True,3,0.16425503584174525,0.19537757491892374,0.03112253907717849,631.25,equal_weight,quarterly,5
2024-12-24,UAL,HOLD,Current holding remains close to target weight,1.1044311276124565,True,True,30,0.26322439647161755,0.2586859974726269,-0.004538398998990667,101.16000366210938,equal_weight,quarterly,5
2024-12-24,GEV,HOLD,Current holding remains close to target weight,0.930839102260693,True,True,8,0.24014483071149645,0.2289775444420939,-0.011167286269402554,346.0885314941406,equal_weight,quarterly,5
2024-12-26,PLTR,HOLD,Current holding remains close to target weight,2.2569390018243842,True,True,23,0.1652787224119142,0.16738314283932806,0.002104420427413878,82.13999938964844,equal_weight,quarterly,5
2024-12-26,TSLA,ADD,Current weight is below target weight,1.3003242280155605,True,True,3,0.11918891538361179,0.14847846299683468,0.029289547613222888,454.1300048828125,equal_weight,quarterly,5
2024-12-26,UAL,HOLD,Current holding remains close to target weight,1.0927386130694852,True,True,29,0.2559142365199105,0.26231184676961394,0.006397610249703423,100.87000274658203,equal_weight,quarterly,5
2024-12-26,AXON,TRIM,Current weight is above target weight,1.0908328306738322,True,True,4,0.2182929797251637,0.1945696031563983,-0.023723376568765414,623.7999877929688,equal_weight,quarterly,5
2024-12-26,GEV,HOLD,Current holding remains close to target weight,0.947628626422768,True,True,8,0.23927767207736222,0.22725694423782508,-0.012020727839537143,341.8832092285156,equal_weight,quarterly,5
2024-12-27,PLTR,HOLD,Current holding remains close to target weight,2.1219898171829294,True,True,23,0.1633861504462199,0.16661817998544404,0.003232029539224135,79.08000183105469,equal_weight,quarterly,5
2024-12-27,TSLA,ADD,Current weight is below target weight,1.1814230493765394,True,True,3,0.11632787600932327,0.1467752523192267,0.03044737630990342,431.6600036621094,equal_weight,quarterly,5
2024-12-27,AXON,TRIM,Current weight is above target weight,1.0764681917712062,True,True,4,0.2195369899432305,0.1951218273936665,-0.024415162549563996,610.97998046875,equal_weight,quarterly,5
2024-12-27,UAL,HOLD,Current holding remains close to target weight,1.0478833094607705,True,True,29,0.2595948314113841,0.264574711249454,0.004979879838069856,99.6500015258789,equal_weight,quarterly,5
2024-12-27,GEV,HOLD,Current holding remains close to target weight,0.9477055698142525,True,True,8,0.23905180379111823,0.22691002905220886,-0.012141774738909372,332.6452331542969,equal_weight,quarterly,5
2024-12-30,PLTR,HOLD,Current holding remains close to target weight,1.982225765377096,True,True,24,0.169267127481254,0.1661114648031336,-0.0031556626781203967,77.18000030517578,equal_weight,quarterly,5
2024-12-30,AXON,ADD,Current weight is below target weight,1.089554390163887,True,True,3,0.1656703668611561,0.19569640104801708,0.030026034186860978,604.3200073242188,equal_weight,quarterly,5
2024-12-30,UAL,HOLD,Current holding remains close to target weight,1.0320710813912557,True,True,30,0.2692362718520627,0.2642903848883579,-0.004945886963704849,98.20999908447266,equal_weight,quarterly,5
2024-12-30,TSLA,HOLD,Current holding remains close to target weight,0.9889926734400294,True,True,4,0.15257362015732556,0.14632464163512138,-0.006248978522204185,417.4100036621094,equal_weight,quarterly,5
2024-12-30,GEV,HOLD,Current holding remains close to target weight,0.9729480977264628,True,True,8,0.240601050372128,0.22757710762537012,-0.013023942746757888,329.1174621582031,equal_weight,quarterly,5
2024-12-31,PLTR,HOLD,Current holding remains close to target weight,1.9279906107938802,True,True,24,0.1684129504955765,0.16633591363699723,-0.0020770368585792676,75.62999725341797,equal_weight,quarterly,5
2024-12-31,AXON,ADD,Current weight is below target weight,1.0271506315966756,True,True,3,0.16542904536384348,0.19513234875538907,0.029703303391545588,594.3200073242188,equal_weight,quarterly,5
2024-12-31,UAL,HOLD,Current holding remains close to target weight,1.014522758032411,True,True,30,0.27027796228373635,0.2651996880976186,-0.005078274186117726,97.0999984741211,equal_weight,quarterly,5
2024-12-31,GEV,HOLD,Current holding remains close to target weight,0.9385035226105993,True,True,8,0.24330924226097375,0.22752347631270728,-0.015785765948266473,327.7920837402344,equal_weight,quarterly,5
2024-12-31,TSLA,HOLD,Current holding remains close to target weight,0.746259646849353,True,True,4,0.14987854859471403,0.14580857319728782,-0.0040699753974262065,403.8399963378906,equal_weight,quarterly,5
2025-01-02,PLTR,TRIM,Current weight is above target weight,1.908704113416777,True,True,24,0.1685684538744677,0.13243759644085507,-0.036130857433612634,75.19000244140625,equal_weight,quarterly,5
2025-01-02,AXON,HOLD,Current holding remains close to target weight,1.011363619992348,True,True,3,0.16715885114473936,0.15701709565400918,-0.010141755490730181,596.489990234375,equal_weight,quarterly,5
2025-01-02,UAL,TRIM,Current weight is above target weight,0.9672233272952961,True,True,30,0.2674306271172699,0.21630354389341974,-0.05112708322385015,95.43000030517578,equal_weight,quarterly,5
2025-01-02,GEV,TRIM,Current weight is above target weight,0.9642971678214138,True,True,8,0.2524136010441036,0.20708269600285822,-0.04533090504124537,337.7674560546875,equal_weight,quarterly,5
2025-01-02,TPR,BUY,New target holding from latest signal,0.6560479559710539,True,False,0,0.0,0.28715906800885777,0.28715906800885777,64.2313232421875,equal_weight,quarterly,5
2025-01-02,TSLA,SELL,Ticker is no longer selected by the signal,0.5393481866911825,False,True,4,0.1417179609517874,0.0,-0.1417179609517874,379.2799987792969,equal_weight,quarterly,5
2025-01-03,PLTR,ADD,Current weight is below target weight,1.9338964646595542,True,True,19,0.1389823596119353,0.1601724952941748,0.021190135682239486,79.88999938964844,equal_weight,quarterly,5
2025-01-03,UAL,ADD,Current weight is below target weight,1.0355318759350065,True,True,25,0.2189925982300174,0.2584047796645238,0.039412181434506394,95.66999816894531,equal_weight,quarterly,5
2025-01-03,AXON,ADD,Current weight is below target weight,1.014411112415718,True,True,3,0.16510215500375455,0.1869251701874209,0.02182301518366636,601.0599975585938,equal_weight,quarterly,5
2025-01-03,GEV,ADD,Current weight is below target weight,1.0104187444188715,True,True,6,0.19382060071073123,0.21842541321631812,0.02460481250558688,352.80523681640625,equal_weight,quarterly,5
2025-01-03,VST,BUY,New target holding from latest signal,0.824191916852256,True,False,0,0.0,0.17607214163756235,0.17607214163756235,161.030029296875,equal_weight,quarterly,5
2025-01-03,TPR,SELL,Ticker is no longer selected by the signal,0.6869121770851427,False,True,47,0.2812142521529182,0.0,-0.2812142521529182,65.3470230102539,equal_weight,quarterly,5
2025-01-06,PLTR,HOLD,Current holding remains close to target weight,1.740794082234129,True,True,23,0.16013051582967439,0.15614624232868923,-0.003984273500985153,75.91999816894531,equal_weight,quarterly,5
2025-01-06,GEV,HOLD,Current holding remains close to target weight,1.1310957391164966,True,True,6,0.2036032179949815,0.21972645195842733,0.016123233963445838,370.0354309082031,equal_weight,quarterly,5
2025-01-06,UAL,HOLD,Current holding remains close to target weight,1.1052968888788945,True,True,29,0.2621397197491915,0.26518869151866653,0.0030489717694750507,98.56999969482422,equal_weight,quarterly,5
2025-01-06,AXON,TRIM,Current weight is above target weight,0.8867693772943295,True,True,4,0.20934643425977845,0.18290200970616188,-0.026444424553616563,570.7100219726562,equal_weight,quarterly,5
2025-01-06,VST,HOLD,Current holding remains close to target weight,0.7722460735644299,True,True,11,0.1640295401707584,0.17603660448805508,0.012007064317296673,162.60702514648438,equal_weight,quarterly,5
2025-01-07,PLTR,HOLD,Current holding remains close to target weight,1.55531213667062,True,True,23,0.1492326186901028,0.15366542717093343,0.004432808480830636,69.98999786376953,equal_weight,quarterly,5
2025-01-07,UAL,HOLD,Current holding remains close to target weight,1.1442796069601089,True,True,29,0.2720955019648237,0.2672987757680825,-0.004796726196741208,101.20999908447266,equal_weight,quarterly,5
2025-01-07,GEV,HOLD,Current holding remains close to target weight,1.1320212615929965,True,True,6,0.2042712225631467,0.21886742167989473,0.014596199116748032,367.2450866699219,equal_weight,quarterly,5
2025-01-07,AXON,TRIM,Current weight is above target weight,0.882784532881,True,True,4,0.2084104328305807,0.1811856338850858,-0.0272247989454949,562.030029296875,equal_weight,quarterly,5
2025-01-07,VST,HOLD,Current holding remains close to target weight,0.7945718109649254,True,True,11,0.16523146780433876,0.17898274149600352,0.013751273691664762,162.03175354003906,equal_weight,quarterly,5
2025-01-08,PLTR,HOLD,Current holding remains close to target weight,1.4007742144183344,True,True,24,0.15110887284352423,0.15421326348694453,0.0031043906434203017,68.2300033569336,equal_weight,quarterly,5
2025-01-08,UAL,HOLD,Current holding remains close to target weight,1.1997878656223375,True,True,28,0.2679932628186827,0.2677698159865842,-0.00022344683209846172,103.72000122070312,equal_weight,quarterly,5
2025-01-08,GEV,HOLD,Current holding remains close to target weight,1.0405914459785048,True,True,6,0.20220870390992648,0.21857206264270695,0.01636335873278047,365.2121887207031,equal_weight,quarterly,5
2025-01-08,AXON,TRIM,Current weight is above target weight,0.9684953801180727,True,True,4,0.21310566323047175,0.18150112615974867,-0.03160453707072308,577.3400268554688,equal_weight,quarterly,5
2025-01-08,VST,HOLD,Current holding remains close to target weight,0.7490372570720232,True,True,11,0.16189630142789882,0.17794373172401576,0.016047430296116938,159.49273681640625,equal_weight,quarterly,5
2025-01-10,PLTR,HOLD,Current holding remains close to target weight,1.4334299428899508,True,True,25,0.1534480072213395,0.15410094496440455,0.0006529377430650463,67.26000213623047,equal_weight,quarterly,5
2025-01-10,UAL,HOLD,Current holding remains close to target weight,1.3468449176764246,True,True,26,0.2541369052947562,0.26764698471507853,0.01351007942032234,107.11000061035156,equal_weight,quarterly,5
2025-01-10,GEV,HOLD,Current holding remains close to target weight,1.0790944372192954,True,True,6,0.20030647637511742,0.21860165515975993,0.018295178784642513,365.8300476074219,equal_weight,quarterly,5
2025-01-10,AXON,TRIM,Current weight is above target weight,0.9576864707746189,True,True,4,0.20806508792909875,0.18166225390364457,-0.02640283402545418,570.0,equal_weight,quarterly,5
2025-01-10,VST,HOLD,Current holding remains close to target weight,0.8272818682491079,True,True,12,0.1810869604865547,0.17798816125711248,-0.0030987992294422284,165.36422729492188,equal_weight,quarterly,5
2025-01-13,UAL,HOLD,Current holding remains close to target weight,1.3414578762577754,True,True,27,0.26232829704013294,0.2648487758704897,0.002520478830356776,104.70999908447266,equal_weight,quarterly,5
2025-01-13,PLTR,HOLD,Current holding remains close to target weight,1.3149271130528422,True,True,26,0.15676398591331106,0.15327925717748178,-0.003484728735829279,64.9800033569336,equal_weight,quarterly,5
2025-01-13,GEV,HOLD,Current holding remains close to target weight,1.0342799738965143,True,True,6,0.2035075944593568,0.22115738668905707,0.017649792229700284,365.5410461425781,equal_weight,quarterly,5
2025-01-13,AXON,TRIM,Current weight is above target weight,0.9431421634653936,True,True,4,0.21106740004143976,0.1833362989973207,-0.02773110104411905,568.6799926757812,equal_weight,quarterly,5
2025-01-13,VST,HOLD,Current holding remains close to target weight,0.7823157048388729,True,True,11,0.16412591127009724,0.17737828126565072,0.013252369995553487,160.8019256591797,equal_weight,quarterly,5
2025-01-14,UAL,HOLD,Current holding remains close to target weight,1.4293772317313267,True,True,27,0.2616735626826125,0.26560223161334795,0.003928668930735457,107.66999816894531,equal_weight,quarterly,5
2025-01-14,PLTR,HOLD,Current holding remains close to target weight,1.2989188519956674,True,True,26,0.1542503155966254,0.15471084877612307,0.0004605331794976797,65.91000366210938,equal_weight,quarterly,5
2025-01-14,GEV,HOLD,Current holding remains close to target weight,1.155925695255485,True,True,6,0.20573420105090418,0.21930416646184475,0.013569965410940577,380.9376220703125,equal_weight,quarterly,5
2025-01-14,VST,HOLD,Current holding remains close to target weight,0.9862217279919425,True,True,11,0.16744484384597438,0.17588987230726774,0.008445028461293358,169.11328125,equal_weight,quarterly,5
2025-01-14,AXON,TRIM,Current weight is above target weight,0.8785638940997373,True,True,4,0.20875629035120288,0.18449288084141657,-0.02426340950978631,579.7999877929688,equal_weight,quarterly,5
2025-01-15,PLTR,HOLD,Current holding remains close to target weight,1.3767003560628042,True,True,26,0.15947622685831186,0.154398846246026,-0.005077380612285853,68.13999938964844,equal_weight,quarterly,5
2025-01-15,UAL,HOLD,Current holding remains close to target weight,1.2298704007855341,True,True,27,0.25509859165765714,0.2651063893587727,0.01000779770111554,104.95999908447266,equal_weight,quarterly,5
2025-01-15,GEV,HOLD,Current holding remains close to target weight,1.1195191475452835,True,True,6,0.20831058934014543,0.21908290282131435,0.010772313481168916,385.69110107421875,equal_weight,quarterly,5
2025-01-15,VST,HOLD,Current holding remains close to target weight,0.9779555762138958,True,True,11,0.1661362221673333,0.17745107571151686,0.011314853544183573,167.78424072265625,equal_weight,quarterly,5
2025-01-15,AXON,TRIM,Current weight is above target weight,0.8157343183133561,True,True,4,0.20883748934623006,0.1839607858623701,-0.024876703483859952,580.0,equal_weight,quarterly,5
2025-01-16,PLTR,HOLD,Current holding remains close to target weight,1.4535790059712448,True,True,25,0.15363001384865674,0.1548528848670438,0.0012228710183870561,69.23999786376953,equal_weight,quarterly,5
2025-01-16,GEV,TRIM,Current weight is above target weight,1.3596086970904544,True,True,7,0.24207432846508378,0.21950461538693664,-0.022569713078147147,389.6473083496094,equal_weight,quarterly,5
2025-01-16,VST,HOLD,Current holding remains close to target weight,1.2926040583865377,True,True,12,0.18379657157103504,0.17805909565004807,-0.005737475920986973,172.57470703125,equal_weight,quarterly,5
2025-01-16,UAL,HOLD,Current holding remains close to target weight,1.2605454562151328,True,True,28,0.26368981990383344,0.2637635682445756,7.374834074214132e-05,106.11000061035156,equal_weight,quarterly,5
2025-01-16,AXON,ADD,Current weight is below target weight,0.8435396472587431,True,True,3,0.15598373347610595,0.1838198358513961,0.02783610237529016,585.8400268554688,equal_weight,quarterly,5
2025-01-17,PLTR,HOLD,Current holding remains close to target weight,1.5059356903829668,True,True,25,0.15703858013805572,0.14498608057888437,-0.012052499559171342,71.7699966430664,equal_weight,quarterly,5
2025-01-17,GEV,TRIM,Current weight is above target weight,1.4875333444097865,True,True,7,0.24507816321541048,0.21179478681584982,-0.033283376399560666,400.0213317871094,equal_weight,quarterly,5
2025-01-17,UAL,ADD,Current weight is below target weight,1.3147229718950797,True,True,28,0.26315089123246144,0.29080823349531604,0.0276573422628546,107.37999725341797,equal_weight,quarterly,5
2025-01-17,VST,HOLD,Current holding remains close to target weight,1.240938640003503,True,True,12,0.177980714753198,0.1781280650520674,0.00014735029886941975,169.46041870117188,equal_weight,quarterly,5
2025-01-17,AXON,HOLD,Current holding remains close to target weight,0.9429122536052863,True,True,3,0.1559375488713831,0.1742828340578824,0.018345285186499277,593.8900146484375,equal_weight,quarterly,5
2025-01-21,PLTR,HOLD,Current holding remains close to target weight,1.5566829912485534,True,True,24,0.14800602782860925,0.14705901764050444,-0.0009470101881048076,73.06999969482422,equal_weight,quarterly,5
2025-01-21,GEV,HOLD,Current holding remains close to target weight,1.5487497048436043,True,True,6,0.20992714267667514,0.21255836510365558,0.0026312224269804396,414.56085205078125,equal_weight,quarterly,5
2025-01-21,VST,HOLD,Current holding remains close to target weight,1.43352736421163,True,True,12,0.18617904705863914,0.17601946294466306,-0.010159584113976078,183.8317413330078,equal_weight,quarterly,5
2025-01-21,UAL,HOLD,Current holding remains close to target weight,1.3058626317415603,True,True,32,0.29848320363284286,0.28825576285733745,-0.010227440775505414,110.5199966430664,equal_weight,quarterly,5
2025-01-21,AXON,ADD,Current weight is below target weight,0.9633003505390663,True,True,3,0.15332813267446513,0.17610739145383944,0.022779258779374312,605.5800170898438,equal_weight,quarterly,5
2025-01-22,PLTR,HOLD,Current holding remains close to target weight,1.7009840203586353,True,True,26,0.16709274137061547,0.14718575591078922,-0.01990698545982625,76.87000274658203,equal_weight,quarterly,5
2025-01-22,GEV,HOLD,Current holding remains close to target weight,1.5630912429289756,True,True,6,0.2135025835798626,0.2118984703070644,-0.001604113272798191,425.6224670410156,equal_weight,quarterly,5
2025-01-22,VST,HOLD,Current holding remains close to target weight,1.36968414603929,True,True,12,0.18593143192678566,0.17644093456791335,-0.009490497358872307,185.32936096191406,equal_weight,quarterly,5
2025-01-22,UAL,HOLD,Current holding remains close to target weight,1.2405064182936387,True,True,31,0.2798286258516158,0.28846913090104814,0.008640505049432368,107.97000122070312,equal_weight,quarterly,5
2025-01-22,AXON,ADD,Current weight is below target weight,0.9181713500877491,True,True,3,0.1523934644152115,0.17600570831318493,0.023612243897973423,607.5999755859375,equal_weight,quarterly,5
2025-01-23,PLTR,HOLD,Current holding remains close to target weight,1.741409400243116,True,True,24,0.1580823244543952,0.14764581926352427,-0.010436505190870943,78.9800033569336,equal_weight,quarterly,5
2025-01-23,GEV,HOLD,Current holding remains close to target weight,1.5692945893998993,True,True,6,0.21826675590446604,0.2123545078589521,-0.005912248045513935,436.19573974609375,equal_weight,quarterly,5
2025-01-23,VST,HOLD,Current holding remains close to target weight,1.406119601179574,True,True,12,0.19046552030614666,0.17708212755501307,-0.013383392751133594,190.31814575195312,equal_weight,quarterly,5
2025-01-23,UAL,HOLD,Current holding remains close to target weight,1.1360430815538272,True,True,32,0.2748793572505933,0.28685393453190466,0.01197457728131135,103.0,equal_weight,quarterly,5
2025-01-23,AXON,ADD,Current weight is below target weight,0.9195119020946778,True,True,3,0.15346374529055215,0.1760636107906057,0.02259986550005355,613.3800048828125,equal_weight,quarterly,5
2025-01-24,PLTR,HOLD,Current holding remains close to target weight,1.9691730159505254,True,True,24,0.1587500983270895,0.16157741585751306,0.002827317530423562,78.9800033569336,equal_weight,quarterly,5
2025-01-24,VST,HOLD,Current holding remains close to target weight,1.6436327228874998,True,True,11,0.1746182145161553,0.16958316442897073,-0.005035050087184578,189.54452514648438,equal_weight,quarterly,5
2025-01-24,GEV,HOLD,Current holding remains close to target weight,1.5832176405943095,True,True,6,0.21056564477648276,0.2099307227528446,-0.000634922023638157,419.03533935546875,equal_weight,quarterly,5
2025-01-24,UAL,HOLD,Current holding remains close to target weight,1.281616665700973,True,True,34,0.2989880491576543,0.2982904660914791,-0.0006975830661752336,105.0,equal_weight,quarterly,5
2025-01-24,CEG,BUY,New target holding from latest signal,0.9912792407776414,True,False,0,0.0,0.16061823086919258,0.16061823086919258,344.50665283203125,equal_weight,quarterly,5
2025-01-24,AXON,SELL,Ticker is no longer selected by the signal,0.949219238852911,False,True,3,0.15334318348886844,0.0,-0.15334318348886844,610.3200073242188,equal_weight,quarterly,5
2025-01-27,PLTR,HOLD,Current holding remains close to target weight,1.8328954118988618,True,True,25,0.17765618985061327,0.15936293984003477,-0.018293250010578493,75.44000244140625,equal_weight,quarterly,5
2025-01-27,UAL,ADD,Current weight is below target weight,1.2846745521160137,True,True,32,0.3217479654117387,0.3418336818353369,0.020085716423598188,106.73999786376953,equal_weight,quarterly,5
2025-01-27,GEV,TRIM,Current weight is above target weight,1.0640499124754181,True,True,6,0.18586550186984988,0.16534018649774365,-0.020525315372106223,328.8583679199219,equal_weight,quarterly,5
2025-01-27,VST,HOLD,Current holding remains close to target weight,0.9555079010215182,True,True,12,0.15368157536183974,0.1370249101097881,-0.016656665252051644,135.9571075439453,equal_weight,quarterly,5
2025-01-27,AXON,BUY,New target holding from latest signal,0.9454972408401607,True,False,0,0.0,0.19643828171709665,0.19643828171709665,604.6799926757812,equal_weight,quarterly,5
2025-01-27,CEG,SELL,Ticker is no longer selected by the signal,0.6191072706890226,False,True,6,0.1541134147441054,0.0,-0.1541134147441054,272.67828369140625,equal_weight,quarterly,5
2025-01-28,PLTR,HOLD,Current holding remains close to target weight,1.9518028865384416,True,True,24,0.17288491697722316,0.15794090039872624,-0.014944016578496921,80.2300033569336,equal_weight,quarterly,5
2025-01-28,UAL,HOLD,Current holding remains close to target weight,1.2448806995077453,True,True,36,0.3437226848248464,0.351682175171743,0.00795949034689658,106.33999633789062,equal_weight,quarterly,5
2025-01-28,VST,HOLD,Current holding remains close to target weight,1.1124708629138444,True,True,11,0.14658088101792274,0.13373438909932778,-0.012846491918594966,148.41424560546875,equal_weight,quarterly,5
2025-01-28,GEV,HOLD,Current holding remains close to target weight,1.0529543697472596,True,True,5,0.15887265905052578,0.16335875857493823,0.004486099524412451,353.8914794921875,equal_weight,quarterly,5
2025-01-28,AXON,ADD,Current weight is below target weight,1.0526418648825588,True,True,3,0.1717239835064016,0.19328377675526467,0.021559793248863063,637.530029296875,equal_weight,quarterly,5
2025-01-29,PLTR,HOLD,Current holding remains close to target weight,1.9453472068294912,True,True,23,0.16298604186449556,0.15792394113863487,-0.005062100725860691,79.76000213623047,equal_weight,quarterly,5
2025-01-29,UAL,HOLD,Current holding remains close to target weight,1.315226818269072,True,True,37,0.3558829447091599,0.35140438370647714,-0.004478561002682735,108.26000213623047,equal_weight,quarterly,5
2025-01-29,VST,HOLD,Current holding remains close to target weight,1.1874123633127867,True,True,11,0.1504450015114699,0.13361563233744478,-0.01682936917402511,153.9386444091797,equal_weight,quarterly,5
2025-01-29,AXON,ADD,Current weight is below target weight,1.071100228812702,True,True,3,0.1705761354335561,0.1933989796697107,0.022822844236154605,639.969970703125,equal_weight,quarterly,5
2025-01-29,GEV,HOLD,Current holding remains close to target weight,1.054725761556734,True,True,5,0.15638121246338188,0.16365706314773257,0.007275850684350688,352.0279541015625,equal_weight,quarterly,5
2025-01-30,PLTR,HOLD,Current holding remains close to target weight,2.0800151170212957,True,True,24,0.16609791186273032,0.1603264657197209,-0.005771446143009423,81.22000122070312,equal_weight,quarterly,5
2025-01-30,VST,HOLD,Current holding remains close to target weight,1.5652991053294856,True,True,10,0.1489944681955629,0.12906502541636883,-0.019929442779194062,174.85586547851562,equal_weight,quarterly,5
2025-01-30,GEV,HOLD,Current holding remains close to target weight,1.3554264060159893,True,True,5,0.16258693623295803,0.16018823594154905,-0.002398700291408984,381.615234375,equal_weight,quarterly,5
2025-01-30,UAL,HOLD,Current holding remains close to target weight,1.3471358097683095,True,True,38,0.35423450630422504,0.35542816456623455,0.0011936582620095115,109.4000015258789,equal_weight,quarterly,5
2025-01-30,AXON,ADD,Current weight is below target weight,1.1443620046539507,True,True,3,0.16703606824168127,0.1949921083561266,0.02795604011444533,653.4299926757812,equal_weight,quarterly,5
2025-01-31,PLTR,HOLD,Current holding remains close to target weight,2.067683143775929,True,True,24,0.17218366541894684,0.16301055396479916,-0.009173111454147675,82.48999786376953,equal_weight,quarterly,5
2025-01-31,UAL,HOLD,Current holding remains close to target weight,1.330251004066659,True,True,39,0.3589994951831468,0.35033642763519623,-0.008663067547950543,105.83999633789062,equal_weight,quarterly,5
2025-01-31,AXON,ADD,Current weight is below target weight,1.1738607761297026,True,True,3,0.17016417832448955,0.1970393832888242,0.026875204964334654,652.1799926757812,equal_weight,quarterly,5
2025-01-31,VST,HOLD,Current holding remains close to target weight,1.1295443345131302,True,True,9,0.13044775539646086,0.12877663806890344,-0.0016711173275574254,166.65359497070312,equal_weight,quarterly,5
2025-01-31,GEV,HOLD,Current holding remains close to target weight,1.0935833554777377,True,True,5,0.1615896365434521,0.16083699704227686,-0.0007526395011752396,371.5900573730469,equal_weight,quarterly,5
2025-02-03,PLTR,HOLD,Current holding remains close to target weight,2.210889498034546,True,True,24,0.17532506305837256,0.16352601048509882,-0.011799052573273738,83.73999786376953,equal_weight,quarterly,5
2025-02-03,UAL,HOLD,Current holding remains close to target weight,1.4735724206935892,True,True,38,0.3475113604168784,0.3494855232151149,0.0019741627982364784,104.83000183105469,equal_weight,quarterly,5
2025-02-03,VST,HOLD,Current holding remains close to target weight,1.2252040186607958,True,True,10,0.14581591015722326,0.1290959174763402,-0.01671999268088306,167.14950561523438,equal_weight,quarterly,5
2025-02-03,AXON,ADD,Current weight is below target weight,1.1964088196339153,True,True,3,0.17223426323227248,0.19754733827726284,0.025313075044990363,658.1099853515625,equal_weight,quarterly,5
2025-02-03,GEV,HOLD,Current holding remains close to target weight,1.0799970978856916,True,True,5,0.15722634113706332,0.1603452105461833,0.0031188694091199842,360.45867919921875,equal_weight,quarterly,5
2025-02-04,PLTR,HOLD,Current holding remains close to target weight,3.196847323833339,True,True,19,0.1634455139453308,0.14933148167066065,-0.014114032274670146,103.83000183105469,equal_weight,quarterly,5
2025-02-04,UAL,HOLD,Current holding remains close to target weight,1.7039064912215927,True,True,39,0.3511323226374024,0.35019901658149294,-0.0009333060559094664,108.66999816894531,equal_weight,quarterly,5
2025-02-04,VST,HOLD,Current holding remains close to target weight,1.3333389491678824,True,True,10,0.13832031669017214,0.13123825712929552,-0.007082059560876625,166.95115661621094,equal_weight,quarterly,5
2025-02-04,AXON,ADD,Current weight is below target weight,1.267444268569732,True,True,3,0.16476780265717836,0.20485917334764228,0.04009137069046392,662.9099731445312,equal_weight,quarterly,5
2025-02-04,GEV,HOLD,Current holding remains close to target weight,1.1659566100196495,True,True,6,0.17661957883116666,0.16437207127090847,-0.012247507560258192,355.2966003417969,equal_weight,quarterly,5
2025-02-05,PLTR,HOLD,Current holding remains close to target weight,3.2075550007608813,True,True,18,0.15007307693151573,0.14933931269836784,-0.0007337642331478877,101.36000061035156,equal_weight,quarterly,5
2025-02-05,UAL,HOLD,Current holding remains close to target weight,1.846356828262596,True,True,39,0.3458817205172799,0.3499573114225196,0.004075590905239734,107.81999969482422,equal_weight,quarterly,5
2025-02-05,VST,HOLD,Current holding remains close to target weight,1.4543711075983903,True,True,9,0.12600177857754002,0.13135072802277586,0.00534894944523584,170.20428466796875,equal_weight,quarterly,5
2025-02-05,AXON,HOLD,Current holding remains close to target weight,1.3781101859880849,True,True,4,0.2239054034674544,0.20492440356043753,-0.018980999907016877,680.52001953125,equal_weight,quarterly,5
2025-02-05,GEV,HOLD,Current holding remains close to target weight,1.2695176409796955,True,True,5,0.1507973891148924,0.16442824429589922,0.013630855181006818,366.6571350097656,equal_weight,quarterly,5
2025-02-06,PLTR,HOLD,Current holding remains close to target weight,3.185031896980507,True,True,18,0.161611522501797,0.14680132508470778,-0.014810197417089221,111.27999877929688,equal_weight,quarterly,5
2025-02-06,UAL,HOLD,Current holding remains close to target weight,1.8131444245396335,True,True,39,0.3434559603032387,0.35686590777855753,0.013409947475318817,109.1500015258789,equal_weight,quarterly,5
2025-02-06,AXON,HOLD,Current holding remains close to target weight,1.2962712692002119,True,True,4,0.21861900009829288,0.20192509476627593,-0.01669390533201695,677.4000244140625,equal_weight,quarterly,5
2025-02-06,VST,HOLD,Current holding remains close to target weight,1.2927801482263441,True,True,9,0.12234756955958416,0.13152387196988355,0.009176302410299389,168.4884490966797,equal_weight,quarterly,5
2025-02-06,GEV,HOLD,Current holding remains close to target weight,1.282395871229716,True,True,5,0.15068916526926393,0.16288380040057515,0.012194635131311221,373.5332946777344,equal_weight,quarterly,5
2025-02-07,PLTR,HOLD,Current holding remains close to target weight,3.2116261306765725,True,True,16,0.14329607132235656,0.15051667815930717,0.0072206068369506105,110.8499984741211,equal_weight,quarterly,5
2025-02-07,UAL,TRIM,Current weight is above target weight,1.812177624358792,True,True,41,0.36106796997899604,0.3098148843374555,-0.05125308564154052,109.0,equal_weight,quarterly,5
2025-02-07,GEV,HOLD,Current holding remains close to target weight,1.2776792334655007,True,True,5,0.15216015261597407,0.13970956933548498,-0.012450583280489091,376.6624450683594,equal_weight,quarterly,5
2025-02-07,VST,HOLD,Current holding remains close to target weight,1.2659634364425973,True,True,9,0.12036640154504877,0.11474265693648654,-0.005623744608562228,165.5328369140625,equal_weight,quarterly,5
2025-02-07,TPR,BUY,New target holding from latest signal,1.2462052809701412,True,False,0,0.0,0.2852162112312659,0.2852162112312659,78.66697692871094,equal_weight,quarterly,5
2025-02-07,AXON,SELL,Ticker is no longer selected by the signal,0.9449089715600352,False,True,4,0.21951381016109098,0.0,-0.21951381016109098,679.239990234375,equal_weight,quarterly,5
2025-02-10,PLTR,HOLD,Current holding remains close to target weight,2.983948046117448,True,True,16,0.1504589759687641,0.15041540984089793,-4.356612786615699e-05,116.6500015258789,equal_weight,quarterly,5
2025-02-10,UAL,ADD,Current weight is below target weight,1.5760077961369476,True,True,35,0.29930566240463546,0.3402431600440167,0.04093749763938126,106.08000183105469,equal_weight,quarterly,5
2025-02-10,GEV,HOLD,Current holding remains close to target weight,1.1741968967114245,True,True,5,0.15464614202006655,0.13800474619511452,-0.016641395824952027,383.6681213378906,equal_weight,quarterly,5
2025-02-10,VST,HOLD,Current holding remains close to target weight,1.13788499140614,True,True,8,0.10770788189397218,0.10834000128654557,0.0006321193925733909,167.01063537597656,equal_weight,quarterly,5
2025-02-10,TPR,TRIM,Current weight is above target weight,1.1135257345834013,True,True,46,0.28689139255381363,0.26299668263342535,-0.02389470992038828,77.36531829833984,equal_weight,quarterly,5
2025-02-11,PLTR,HOLD,Current holding remains close to target weight,2.752749146539351,True,True,15,0.13773026828171306,0.14932452350068728,0.011594255218974225,112.62000274658203,equal_weight,quarterly,5
2025-02-11,UAL,HOLD,Current holding remains close to target weight,1.4917993207888123,True,True,39,0.3284956017188182,0.3340499938401405,0.005554392121322305,103.30999755859375,equal_weight,quarterly,5
2025-02-11,TPR,HOLD,Current holding remains close to target weight,1.1582167907183485,True,True,42,0.27266362475390404,0.269512756915629,-0.003150867838275062,79.6260757446289,equal_weight,quarterly,5
2025-02-11,VST,HOLD,Current holding remains close to target weight,1.1398884104559315,True,True,8,0.10842772834146525,0.1097210006856744,0.0012932723442091593,166.23703002929688,equal_weight,quarterly,5
2025-02-11,GEV,HOLD,Current holding remains close to target weight,1.0835257190262886,True,True,5,0.15148859742855728,0.13739172505786862,-0.014096872370688657,371.6099548339844,equal_weight,quarterly,5
2025-02-12,PLTR,HOLD,Current holding remains close to target weight,2.9955753145973003,True,True,16,0.15023177757383707,0.14929249140047945,-0.0009392861733576174,117.38999938964844,equal_weight,quarterly,5
2025-02-12,UAL,HOLD,Current holding remains close to target weight,1.5774370367294397,True,True,39,0.3249822822854073,0.33760748602667595,0.012625203741268631,104.18000030517578,equal_weight,quarterly,5
2025-02-12,TPR,HOLD,Current holding remains close to target weight,1.3027968359096254,True,True,40,0.26656169634252896,0.2647707580859051,-0.001790938256623853,83.31573486328125,equal_weight,quarterly,5
2025-02-12,VST,HOLD,Current holding remains close to target weight,1.1456749369369885,True,True,8,0.10573763341715404,0.11080012001819059,0.005062486601036545,165.24520874023438,equal_weight,quarterly,5
2025-02-12,GEV,HOLD,Current holding remains close to target weight,1.0966209956197899,True,True,5,0.14732159587555002,0.13752914446874898,-0.009792451406801045,368.3712158203125,equal_weight,quarterly,5
2025-02-13,PLTR,HOLD,Current holding remains close to target weight,2.8798949006320926,True,True,16,0.15174113927876176,0.14993692807056458,-0.0018042112081971817,117.91000366210938,equal_weight,quarterly,5
2025-02-13,UAL,HOLD,Current holding remains close to target weight,1.4655426174044917,True,True,40,0.3245942450542571,0.3357348705593507,0.011140625505093593,100.88999938964844,equal_weight,quarterly,5
2025-02-13,TPR,HOLD,Current holding remains close to target weight,1.2982784410628971,True,True,39,0.2659868711698421,0.26470486282189776,-0.0012820083479443412,84.79356384277344,equal_weight,quarterly,5
2025-02-13,VST,HOLD,Current holding remains close to target weight,1.067284042172766,True,True,8,0.10571631887795728,0.1111959779486904,0.0054796590707331255,164.29310607910156,equal_weight,quarterly,5
2025-02-13,GEV,HOLD,Current holding remains close to target weight,1.062835385775792,True,True,5,0.14840998597078414,0.13842736059949648,-0.009982625371287662,369.0289306640625,equal_weight,quarterly,5
2025-02-14,PLTR,HOLD,Current holding remains close to target weight,2.843871085874496,True,True,16,0.1509341326845819,0.15000215574171943,-0.0009319769428624558,119.16000366210938,equal_weight,quarterly,5
2025-02-14,UAL,HOLD,Current holding remains close to target weight,1.5909542193687831,True,True,41,0.33840639319644233,0.33090404828285824,-0.007502344913584091,104.26000213623047,equal_weight,quarterly,5
2025-02-14,TPR,HOLD,Current holding remains close to target weight,1.3429440233985406,True,True,38,0.25820496800616977,0.2657639633188993,0.007558995312729522,85.83097076416016,equal_weight,quarterly,5
2025-02-14,VST,HOLD,Current holding remains close to target weight,1.1240511557065047,True,True,8,0.10531357320677827,0.11073679755213038,0.005423224345352112,166.28665161132812,equal_weight,quarterly,5
2025-02-14,GEV,HOLD,Current holding remains close to target weight,0.997536428335301,True,True,5,0.14499920682630227,0.14259303510439264,-0.002406171721909628,366.3183288574219,equal_weight,quarterly,5
2025-02-18,PLTR,HOLD,Current holding remains close to target weight,2.9916721808919218,True,True,16,0.15617656474219685,0.14955041412669454,-0.006626150615502313,124.62000274658203,equal_weight,quarterly,5
2025-02-18,UAL,HOLD,Current holding remains close to target weight,1.4203000555393457,True,True,41,0.33157520267800555,0.33186447982605227,0.0002892771480467182,103.25,equal_weight,quarterly,5
2025-02-18,TPR,HOLD,Current holding remains close to target weight,1.3024616826112796,True,True,38,0.2592544324245583,0.26525973775076633,0.006005305326208021,87.103271484375,equal_weight,quarterly,5
2025-02-18,VST,HOLD,Current holding remains close to target weight,1.0866484514972519,True,True,8,0.10520384792047649,0.11064530147564532,0.0054414535551688265,167.8933563232422,equal_weight,quarterly,5
2025-02-18,GEV,HOLD,Current holding remains close to target weight,0.9782361214941591,True,True,5,0.14567093212197307,0.14268006682084144,-0.002990865301131629,371.958740234375,equal_weight,quarterly,5
2025-02-19,PLTR,HOLD,Current holding remains close to target weight,2.493141869153989,True,True,15,0.13203538589974345,0.14061587184258845,0.008580485942844995,112.05999755859375,equal_weight,quarterly,5
2025-02-19,UAL,HOLD,Current holding remains close to target weight,1.5317328953851685,True,True,41,0.34302258978266975,0.32927322021058214,-0.01374936957208761,106.51000213623047,equal_weight,quarterly,5
2025-02-19,TPR,HOLD,Current holding remains close to target weight,1.2393427953154705,True,True,39,0.2674675012308372,0.2861827897947218,0.018715288563884602,87.30878448486328,equal_weight,quarterly,5
2025-02-19,VST,HOLD,Current holding remains close to target weight,1.1427575178988785,True,True,8,0.10554837753807979,0.10661093232753147,0.001062554789451678,167.96279907226562,equal_weight,quarterly,5
2025-02-19,GEV,HOLD,Current holding remains close to target weight,1.0399981817873032,True,True,5,0.14685078528768755,0.13731718582457628,-0.009533599463111275,373.9020080566406,equal_weight,quarterly,5
2025-02-20,PLTR,HOLD,Current holding remains close to target weight,2.2698460505558895,True,True,17,0.14731616784081608,0.14440924005468633,-0.0029069277861297482,106.2699966430664,equal_weight,quarterly,5
2025-02-20,UAL,HOLD,Current holding remains close to target weight,1.4200708750060125,True,True,38,0.31758201903103633,0.32334618790796427,0.005764168876927933,102.48999786376953,equal_weight,quarterly,5
2025-02-20,TPR,HOLD,Current holding remains close to target weight,1.1621850976592123,True,True,41,0.2830972270636683,0.28214154987634177,-0.0009556771873265313,84.67611694335938,equal_weight,quarterly,5
2025-02-20,VST,HOLD,Current holding remains close to target weight,1.029144394566674,True,True,8,0.10557852684614678,0.11018185199471742,0.004603325148570633,161.84332275390625,equal_weight,quarterly,5
2025-02-20,GEV,HOLD,Current holding remains close to target weight,0.9414803106706502,True,True,5,0.14614101657249154,0.1399211701662902,-0.006219846406201351,358.43572998046875,equal_weight,quarterly,5
2025-02-21,PLTR,HOLD,Current holding remains close to target weight,2.135829190318695,True,True,16,0.13990158352516488,0.15122428937092516,0.011322705845760284,101.3499984741211,equal_weight,quarterly,5
2025-02-21,UAL,HOLD,Current holding remains close to target weight,1.2962165527723104,True,True,39,0.3226389710604622,0.3060437858779092,-0.016595185182552985,95.88999938964844,equal_weight,quarterly,5
2025-02-21,TPR,HOLD,Current holding remains close to target weight,1.1244237100635002,True,True,41,0.29283716726851816,0.29234573307836315,-0.0004914341901550157,82.78724670410156,equal_weight,quarterly,5
2025-02-21,VST,HOLD,Current holding remains close to target weight,0.8965611709697487,True,True,8,0.10298170721546793,0.11130079318393081,0.008319085968462883,149.2076873779297,equal_weight,quarterly,5
2025-02-21,GEV,HOLD,Current holding remains close to target weight,0.7832961355376635,True,True,5,0.14094795606672994,0.1390853984888717,-0.0018625575778582482,326.7456970214844,equal_weight,quarterly,5
2025-02-24,PLTR,HOLD,Current holding remains close to target weight,1.7867239629334293,True,True,18,0.14383326002983654,0.14543743583075863,0.0016041758009220919,90.68000030517578,equal_weight,quarterly,5
2025-02-24,UAL,HOLD,Current holding remains close to target weight,1.3284113535343,True,True,36,0.3101582995798856,0.31995089493076667,0.009792595350881061,97.7699966430664,equal_weight,quarterly,5
2025-02-24,TPR,HOLD,Current holding remains close to target weight,1.079743078960397,True,True,40,0.2911191186082623,0.2842270799567824,-0.006892038651479859,82.59151458740234,equal_weight,quarterly,5
2025-02-24,VST,HOLD,Current holding remains close to target weight,0.7419955633872157,True,True,9,0.11229288972876203,0.11127297199763923,-0.0010199177311227964,141.59060668945312,equal_weight,quarterly,5
2025-02-24,GEV,HOLD,Current holding remains close to target weight,0.71576838226978,True,True,5,0.1387086789522627,0.1391116172840531,0.00040293833179042005,314.8171081542969,equal_weight,quarterly,5
2025-02-25,PLTR,HOLD,Current holding remains close to target weight,1.751879577942947,True,True,18,0.14111322537701157,0.1449705746519408,0.003857349274929228,87.83999633789062,equal_weight,quarterly,5
2025-02-25,UAL,HOLD,Current holding remains close to target weight,1.330598577018455,True,True,37,0.3189274039535681,0.3191783235898797,0.0002509196363115751,96.58000183105469,equal_weight,quarterly,5
2025-02-25,TPR,HOLD,Current holding remains close to target weight,1.1213923750943917,True,True,39,0.2862505508489471,0.2847359930288188,-0.001514557820128326,82.23918914794922,equal_weight,quarterly,5
2025-02-25,GEV,HOLD,Current holding remains close to target weight,0.7092945183393993,True,True,5,0.1412769772924401,0.14014685894280596,-0.0011301183496341405,316.5909423828125,equal_weight,quarterly,5
2025-02-25,VST,HOLD,Current holding remains close to target weight,0.6623291614178153,True,True,9,0.10987542441567384,0.11096824978655481,0.0010928253708809704,136.79025268554688,equal_weight,quarterly,5
2025-02-26,PLTR,HOLD,Current holding remains close to target weight,1.8102578863732788,True,True,18,0.13933997716156107,0.14605317873162,0.006713201570058919,89.30999755859375,equal_weight,quarterly,5
2025-02-26,UAL,HOLD,Current holding remains close to target weight,1.2483841692528,True,True,37,0.3123660603445224,0.3208335820757063,0.008467521731183869,97.4000015258789,equal_weight,quarterly,5
2025-02-26,TPR,HOLD,Current holding remains close to target weight,1.107106290208125,True,True,39,0.28637123052779645,0.28382367912152506,-0.0025475514062713867,84.71525573730469,equal_weight,quarterly,5
2025-02-26,GEV,HOLD,Current holding remains close to target weight,0.830389301716459,True,True,5,0.14478513430904671,0.13860317110989587,-0.006181963199150847,334.08026123046875,equal_weight,quarterly,5
2025-02-26,VST,HOLD,Current holding remains close to target weight,0.7346756222227746,True,True,9,0.11465485255431998,0.11068638896125288,-0.003968463593067101,146.9761199951172,equal_weight,quarterly,5
2025-02-27,PLTR,HOLD,Current holding remains close to target weight,1.7478118507247768,True,True,18,0.13892908380004895,0.127216380687552,-0.011712703112496947,84.7699966430664,equal_weight,quarterly,5
2025-02-27,UAL,TRIM,Current weight is above target weight,1.154511472626559,True,True,38,0.31889791229140746,0.2675163943962329,-0.05138151789517453,92.16999816894531,equal_weight,quarterly,5
2025-02-27,TPR,TRIM,Current weight is above target weight,1.1022940686223293,True,True,39,0.29299934680754103,0.22244561005883776,-0.07055373674870327,82.51322174072266,equal_weight,quarterly,5
2025-02-27,GEV,HOLD,Current holding remains close to target weight,0.7928145273330633,True,True,5,0.14802461028353725,0.14078821048436205,-0.007236399799175203,325.1512451171875,equal_weight,quarterly,5
2025-02-27,RL,BUY,New target holding from latest signal,0.5942073920542061,True,False,0,0.0,0.24203340437301535,0.24203340437301535,265.9686279296875,equal_weight,quarterly,5
2025-02-27,VST,SELL,Ticker is no longer selected by the signal,0.5378226376604032,False,True,8,0.09392326319439487,0.0,-0.09392326319439487,128.94505310058594,equal_weight,quarterly,5
2025-02-28,PLTR,HOLD,Current holding remains close to target weight,1.7535667233717374,True,True,18,0.1377226247890081,0.12156419471934911,-0.01615843006965899,84.91999816894531,equal_weight,quarterly,5
2025-02-28,UAL,HOLD,Current holding remains close to target weight,1.22615089979422,True,True,32,0.2704717511654847,0.27663111585263966,0.0061593646871549446,93.80999755859375,equal_weight,quarterly,5
2025-02-28,TPR,ADD,Current weight is below target weight,1.1516633790535895,True,True,30,0.22596858961916771,0.2577353056402009,0.0317667160210332,83.59956359863281,equal_weight,quarterly,5
2025-02-28,GEV,HOLD,Current holding remains close to target weight,0.8077711394838647,True,True,4,0.12038041988610733,0.12993746345073817,0.009557043564630843,334.02044677734375,equal_weight,quarterly,5
2025-02-28,TPL,BUY,New target holding from latest signal,0.667567771336933,True,False,0,0.0,0.21413192033707215,0.21413192033707215,471.813232421875,equal_weight,quarterly,5
2025-02-28,RL,SELL,Ticker is no longer selected by the signal,0.5844933672797905,False,True,10,0.239999563136244,0.0,-0.239999563136244,266.3714294433594,equal_weight,quarterly,5
2025-03-03,PLTR,HOLD,Current holding remains close to target weight,1.7476942191003246,True,True,16,0.1240315238966442,0.12881200426311007,0.004780480366465875,83.41999816894531,equal_weight,quarterly,5
2025-03-03,UAL,TRIM,Current weight is above target weight,1.2180013091619553,True,True,34,0.2896330120281675,0.2668098602789677,-0.0228231517491998,91.66999816894531,equal_weight,quarterly,5
2025-03-03,TPR,TRIM,Current weight is above target weight,1.0952625140387293,True,True,34,0.26002173868663764,0.22478651400748642,-0.03523522467915122,82.29791259765625,equal_weight,quarterly,5
2025-03-03,GEV,ADD,Current weight is below target weight,0.7185736366452695,True,True,4,0.11704597028397086,0.1372343347865576,0.02018836450258675,314.8868713378906,equal_weight,quarterly,5
2025-03-03,RL,BUY,New target holding from latest signal,0.5601437078229103,True,False,0,0.0,0.24235728666387807,0.24235728666387807,257.7457580566406,equal_weight,quarterly,5
2025-03-03,TPL,SELL,Ticker is no longer selected by the signal,0.5590812955572748,False,True,5,0.20846698543731226,0.0,-0.20846698543731226,448.66827392578125,equal_weight,quarterly,5
2025-03-04,PLTR,HOLD,Current holding remains close to target weight,1.7225806943831907,True,True,16,0.1299740853431557,0.12655920003836355,-0.0034148853047921424,84.4000015258789,equal_weight,quarterly,5
2025-03-04,TPR,ADD,Current weight is below target weight,1.0339924639385627,True,True,29,0.2220071950011477,0.2555233397025773,0.03351614470142958,79.53800964355469,equal_weight,quarterly,5
2025-03-04,UAL,HOLD,Current holding remains close to target weight,1.0218105140358316,True,True,31,0.2572252909150496,0.26912200457519464,0.011896713660145053,86.20999908447266,equal_weight,quarterly,5
2025-03-04,GEV,HOLD,Current holding remains close to target weight,0.6372560426457077,True,True,5,0.15014149968301913,0.1314454185720894,-0.018696081110929713,311.9869384765625,equal_weight,quarterly,5
2025-03-04,TPL,BUY,New target holding from latest signal,0.5758374822394781,True,False,0,0.0,0.21735003711177514,0.21735003711177514,452.32672119140625,equal_weight,quarterly,5
2025-03-04,RL,SELL,Ticker is no longer selected by the signal,0.49225248981256886,False,True,10,0.23896148025258004,0.0,-0.23896148025258004,248.27532958984375,equal_weight,quarterly,5
2025-03-05,PLTR,HOLD,Current holding remains close to target weight,1.8630876290989669,True,True,16,0.13435563515598706,0.12526373738554858,-0.009091897770438478,90.12999725341797,equal_weight,quarterly,5
2025-03-05,UAL,TRIM,Current weight is above target weight,1.0724340314644953,True,True,33,0.28061347396161007,0.25995810164977495,-0.02065537231183512,91.2699966430664,equal_weight,quarterly,5
2025-03-05,TPR,HOLD,Current holding remains close to target weight,1.0118994807629114,True,True,34,0.25198440732137384,0.2622772263482917,0.010292819026917865,79.54780578613281,equal_weight,quarterly,5
2025-03-05,TPL,HOLD,Current holding remains close to target weight,0.5811986229230612,True,True,5,0.21097219814139506,0.21954431812621913,0.008572119984824073,452.8857727050781,equal_weight,quarterly,5
2025-03-05,GEV,HOLD,Current holding remains close to target weight,0.5773042675007203,True,True,4,0.11765398335387614,0.13295661649016577,0.015302633136289628,315.7040100097656,equal_weight,quarterly,5
2025-03-06,PLTR,HOLD,Current holding remains close to target weight,1.6371680918017955,True,True,15,0.11942306124876487,0.12318379257993411,0.003760731331169248,80.45999908447266,equal_weight,quarterly,5
2025-03-06,UAL,HOLD,Current holding remains close to target weight,0.9664918792684372,True,True,30,0.256093144674765,0.25619121260613326,9.806793136823977e-05,86.2699966430664,equal_weight,quarterly,5
2025-03-06,TPR,HOLD,Current holding remains close to target weight,0.9042125064409996,True,True,35,0.2645674097715816,0.26244260469602315,-0.0021248050755584558,76.39261627197266,equal_weight,quarterly,5
2025-03-06,TPL,HOLD,Current holding remains close to target weight,0.6045244158899841,True,True,5,0.21356729623445259,0.2231558162956207,0.009588520061168115,431.6659851074219,equal_weight,quarterly,5
2025-03-06,GEV,HOLD,Current holding remains close to target weight,0.5239179506686971,True,True,5,0.14456415421067534,0.13502657382228878,-0.009537580388386563,292.19561767578125,equal_weight,quarterly,5
2025-03-07,PLTR,TRIM,Current weight is above target weight,1.77574381296386,True,True,15,0.1264707633170026,0.10606841325534354,-0.020402350061659066,84.91000366210938,equal_weight,quarterly,5
2025-03-07,UAL,TRIM,Current weight is above target weight,0.8763867034001502,True,True,30,0.24689426602930034,0.22581638073594612,-0.02107788529335422,82.87999725341797,equal_weight,quarterly,5
2025-03-07,TPR,HOLD,Current holding remains close to target weight,0.8525442064611426,True,True,35,0.2559318914764654,0.236456531721359,-0.01947535975510639,73.64043426513672,equal_weight,quarterly,5
2025-03-07,TPL,TRIM,Current weight is above target weight,0.7140190151703814,True,True,5,0.22577436569837261,0.19425594563306886,-0.031518420065303754,454.74151611328125,equal_weight,quarterly,5
2025-03-07,WBD,BUY,New target holding from latest signal,0.5122950048116908,True,False,0,0.0,0.23740272865428252,0.23740272865428252,11.069999694824219,equal_weight,quarterly,5
2025-03-07,GEV,SELL,Ticker is no longer selected by the signal,0.45027048876188625,False,True,5,0.14313750872997782,0.0,-0.14313750872997782,288.2991943359375,equal_weight,quarterly,5
2025-03-10,PLTR,HOLD,Current holding remains close to target weight,1.532493290445815,True,True,13,0.1051200477833347,0.08658492338571684,-0.018535124397617855,76.37999725341797,equal_weight,quarterly,5
2025-03-10,TPR,TRIM,Current weight is above target weight,0.7410106210291081,True,True,32,0.2354238593381006,0.1760741133808845,-0.059349745957216093,69.49250030517578,equal_weight,quarterly,5
2025-03-10,UAL,TRIM,Current weight is above target weight,0.7203015200368417,True,True,28,0.23008814565834718,0.1550984497759022,-0.07498969588244497,77.62000274658203,equal_weight,quarterly,5
2025-03-10,TPL,HOLD,Current holding remains close to target weight,0.6829149815891333,True,True,4,0.1864801698685324,0.17465119385917505,-0.011828976009357367,440.3622741699219,equal_weight,quarterly,5
2025-03-10,GILD,BUY,New target holding from latest signal,0.5145335593620246,True,False,0,0.0,0.40759131959832146,0.40759131959832146,112.63817596435547,equal_weight,quarterly,5
2025-03-10,WBD,SELL,Ticker is no longer selected by the signal,0.4272237255659517,False,True,216,0.24216550266160855,0.0,-0.24216550266160855,10.59000015258789,equal_weight,quarterly,5
2025-03-11,PLTR,ADD,Current weight is below target weight,1.5733598169498708,True,True,10,0.08298368161117803,0.12666738125689983,0.0436836996457218,78.05000305175781,equal_weight,quarterly,5
2025-03-11,TPR,ADD,Current weight is below target weight,0.8008279953799131,True,True,23,0.17298869052765345,0.2645924035279097,0.09160371300025624,70.7408218383789,equal_weight,quarterly,5
2025-03-11,TPL,ADD,Current weight is below target weight,0.6659143432752872,True,True,4,0.18673914279255524,0.2479989631195277,0.06125982032697247,439.0920715332031,equal_weight,quarterly,5
2025-03-11,UAL,ADD,Current weight is below target weight,0.653118894442489,True,True,18,0.14556219184020786,0.25435388363875316,0.10879169179854531,76.05999755859375,equal_weight,quarterly,5
2025-03-11,VST,BUY,New target holding from latest signal,0.5579066644143305,True,False,0,0.0,0.10638736845690944,0.10638736845690944,113.4232406616211,equal_weight,quarterly,5
2025-03-11,GILD,SELL,Ticker is no longer selected by the signal,0.47955088146610536,False,True,35,0.409212320234107,0.0,-0.409212320234107,109.96662139892578,equal_weight,quarterly,5
2025-03-12,PLTR,HOLD,Current holding remains close to target weight,1.4176302085228278,True,True,14,0.12581461771640978,0.12644315318800103,0.0006285354715912517,83.6500015258789,equal_weight,quarterly,5
2025-03-12,TPR,ADD,Current weight is below target weight,0.7534183198421782,True,True,35,0.2649612147692644,0.2956451354495963,0.030683920680331933,70.4655990600586,equal_weight,quarterly,5
2025-03-12,TPL,HOLD,Current holding remains close to target weight,0.7065805992527212,True,True,5,0.23950711911030848,0.22867153203977664,-0.010835587070531838,445.8731384277344,equal_weight,quarterly,5
2025-03-12,VST,TRIM,Current weight is above target weight,0.6331948929031632,True,True,9,0.1169182861131661,0.0942972638092242,-0.022621022303941904,120.92130279541016,equal_weight,quarterly,5
2025-03-12,EQT,BUY,New target holding from latest signal,0.545054543073169,True,False,0,0.0,0.25494291551340187,0.25494291551340187,48.24007034301758,equal_weight,quarterly,5
2025-03-12,UAL,SELL,Ticker is no longer selected by the signal,0.4863589555789263,False,True,32,0.249106704281381,0.0,-0.249106704281381,72.45999908447266,equal_weight,quarterly,5
2025-03-13,PLTR,HOLD,Current holding remains close to target weight,1.2905640561339973,True,True,15,0.13201450434055687,0.12846900419117657,-0.003545500149380293,79.62000274658203,equal_weight,quarterly,5
2025-03-13,TPR,HOLD,Current holding remains close to target weight,0.7099607408731026,True,True,40,0.3029576335228661,0.29278512271499885,-0.010172510807867241,68.51942443847656,equal_weight,quarterly,5
2025-03-13,TPL,ADD,Current weight is below target weight,0.5965278753499246,True,True,4,0.1835272521694157,0.2209580719651863,0.03743081979577059,415.0805358886719,equal_weight,quarterly,5
2025-03-13,VST,HOLD,Current holding remains close to target weight,0.5572065470911742,True,True,8,0.10349231501295804,0.09726658955550689,-0.006225725457451148,117.0334243774414,equal_weight,quarterly,5
2025-03-13,EQT,HOLD,Current holding remains close to target weight,0.5321308699985969,True,True,52,0.27677080175192675,0.26052121157313135,-0.016249590178795403,48.1513786315918,equal_weight,quarterly,5
2025-03-14,PLTR,HOLD,Current holding remains close to target weight,1.4746054989876,True,True,14,0.1282207313348921,0.126632553936756,-0.0015881773981361036,86.23999786376953,equal_weight,quarterly,5
2025-03-14,TPR,HOLD,Current holding remains close to target weight,0.7043470636465723,True,True,39,0.28684503891293744,0.2990257686708085,0.012180729757871045,69.2566146850586,equal_weight,quarterly,5
2025-03-14,TPL,HOLD,Current holding remains close to target weight,0.6773844238303042,True,True,5,0.23203915317130772,0.2181118223243886,-0.013927330846919106,436.98828125,equal_weight,quarterly,5
2025-03-14,VST,HOLD,Current holding remains close to target weight,0.5608062644502405,True,True,7,0.09176502983158943,0.09836277143077778,0.006597741599188342,123.44050598144531,equal_weight,quarterly,5
2025-03-14,EQT,HOLD,Current holding remains close to target weight,0.5536937528954389,True,True,49,0.26010702879709474,0.2578670836372691,-0.002239945159825618,49.984405517578125,equal_weight,quarterly,5
2025-03-17,PLTR,HOLD,Current holding remains close to target weight,1.5021483487802532,True,True,13,0.11889284239448153,0.12695839269801262,0.008065550303531094,87.3499984741211,equal_weight,quarterly,5
2025-03-17,TPR,HOLD,Current holding remains close to target weight,0.7108466061785039,True,True,41,0.3005064761780256,0.2994562951328667,-0.0010501810451589155,70.00362396240234,equal_weight,quarterly,5
2025-03-17,TPL,HOLD,Current holding remains close to target weight,0.6892560895065467,True,True,5,0.23197185967343648,0.21458122618366998,-0.017390633489766494,443.1143798828125,equal_weight,quarterly,5
2025-03-17,EQT,HOLD,Current holding remains close to target weight,0.5834511790204422,True,True,48,0.25585878302402393,0.2603637592088666,0.004504976184842691,50.9107666015625,equal_weight,quarterly,5
2025-03-17,VST,HOLD,Current holding remains close to target weight,0.5756860008839395,True,True,7,0.09180034853128617,0.09864032677658416,0.006839978245297987,125.25550842285156,equal_weight,quarterly,5
2025-03-18,PLTR,HOLD,Current holding remains close to target weight,1.3571227600443958,True,True,15,0.13207317070279126,0.12647254722307347,-0.005600623479717792,83.88999938964844,equal_weight,quarterly,5
2025-03-18,TPR,HOLD,Current holding remains close to target weight,0.6761348382413881,True,True,42,0.30750760976516595,0.29977444114488433,-0.007733168620281616,69.75790405273438,equal_weight,quarterly,5
2025-03-18,TPL,ADD,Current weight is below target weight,0.6645248374514137,True,True,4,0.18660751823198002,0.21472244209278057,0.028114923860800556,444.4838562011719,equal_weight,quarterly,5
2025-03-18,EQT,HOLD,Current holding remains close to target weight,0.5950196851041156,True,True,49,0.2663911723948215,0.2605265188306364,-0.0058646535641851405,51.79771423339844,equal_weight,quarterly,5
2025-03-18,VST,HOLD,Current holding remains close to target weight,0.46064461543503166,True,True,8,0.10364797798222784,0.09850405070862522,-0.005143927273602619,123.44050598144531,equal_weight,quarterly,5
2025-03-19,PLTR,HOLD,Current holding remains close to target weight,1.3712474584882473,True,True,14,0.1228495353723683,0.11130854912815664,-0.011540986244211654,86.0999984741211,equal_weight,quarterly,5
2025-03-19,TPR,HOLD,Current holding remains close to target weight,0.7158239940870994,True,True,40,0.29451557158489633,0.2802144246187244,-0.014301146966171907,72.24468994140625,equal_weight,quarterly,5
2025-03-19,TPL,TRIM,Current weight is above target weight,0.6550378704483497,True,True,5,0.23345488189393673,0.20123849874126085,-0.03221638315267589,458.1319885253906,equal_weight,quarterly,5
2025-03-19,EQT,HOLD,Current holding remains close to target weight,0.6091265760209841,True,True,47,0.2530231350424051,0.25813750618636333,0.005114371143958241,52.8226318359375,equal_weight,quarterly,5
2025-03-19,AXON,BUY,New target holding from latest signal,0.4726650634594294,True,False,0,0.0,0.14910102132549474,0.14910102132549474,568.1099853515625,equal_weight,quarterly,5
2025-03-19,VST,SELL,Ticker is no longer selected by the signal,0.458274405100211,False,True,7,0.0918777292499159,0.0,-0.0918777292499159,128.78636169433594,equal_weight,quarterly,5
2025-03-20,PLTR,HOLD,Current holding remains close to target weight,1.397530797269619,True,True,12,0.10741507549780693,0.11156192154043265,0.004146846042625718,87.38999938964844,equal_weight,quarterly,5
2025-03-20,TPR,HOLD,Current holding remains close to target weight,0.7012639611905278,True,True,38,0.2789404709213341,0.2800414866716875,0.0011010157503533735,71.66476440429688,equal_weight,quarterly,5
2025-03-20,EQT,HOLD,Current holding remains close to target weight,0.6266043573623519,True,True,47,0.2549131365417355,0.25824630298921863,0.00333316644748316,52.950748443603516,equal_weight,quarterly,5
2025-03-20,TPL,HOLD,Current holding remains close to target weight,0.5734134178886696,True,True,4,0.1858727351218209,0.2011399212023256,0.015267186080504702,453.6630859375,equal_weight,quarterly,5
2025-03-20,AXON,TRIM,Current weight is above target weight,0.45962820517524894,True,True,3,0.1715918578869825,0.14901036759633568,-0.022581490290646822,558.4099731445312,equal_weight,quarterly,5
2025-03-21,PLTR,HOLD,Current holding remains close to target weight,1.500274777732025,True,True,12,0.11312430680285573,0.11297285481643099,-0.00015145198642474433,90.95999908447266,equal_weight,quarterly,5
2025-03-21,TPR,HOLD,Current holding remains close to target weight,0.7120980423089254,True,True,38,0.2830496325664498,0.28119767740612484,-0.0018519551603249917,71.87117767333984,equal_weight,quarterly,5
2025-03-21,EQT,HOLD,Current holding remains close to target weight,0.5884586051812721,True,True,47,0.2538451076797279,0.258864280122559,0.005019172442831121,52.113075256347656,equal_weight,quarterly,5
2025-03-21,AXON,TRIM,Current weight is above target weight,0.46210277987951365,True,True,3,0.1741139304288244,0.15015697411885842,-0.02395695630996597,560.0,equal_weight,quarterly,5
2025-03-21,TPL,ADD,Current weight is below target weight,0.446874432841456,True,True,4,0.17458532958433823,0.19680821353602673,0.022222883951688505,421.1371154785156,equal_weight,quarterly,5
2025-03-24,PLTR,HOLD,Current holding remains close to target weight,1.6269344336122562,True,True,12,0.11611306564332792,0.1102684612703519,-0.005844604372976014,96.75,equal_weight,quarterly,5
2025-03-24,TPR,TRIM,Current weight is above target weight,0.7858121581672188,True,True,37,0.275410022696714,0.24201427963933164,-0.033395743057382354,74.42676544189453,equal_weight,quarterly,5
2025-03-24,EQT,HOLD,Current holding remains close to target weight,0.5660545004410624,True,True,48,0.2554695365498819,0.254995521937277,-0.0004740146126049338,53.21683120727539,equal_weight,quarterly,5
2025-03-24,UAL,BUY,New target holding from latest signal,0.525385072978662,True,False,0,0.0,0.19866578778762728,0.19866578778762728,80.22000122070312,equal_weight,quarterly,5
2025-03-24,TPL,HOLD,Current holding remains close to target weight,0.471983595977024,True,True,4,0.17797896266124943,0.19405594936541212,0.016076986704162688,444.8973388671875,equal_weight,quarterly,5
2025-03-24,AXON,SELL,Ticker is no longer selected by the signal,0.4689794064677786,False,True,3,0.17177533490943517,0.0,-0.17177533490943517,572.52001953125,equal_weight,quarterly,5
2025-03-25,PLTR,HOLD,Current holding remains close to target weight,1.594085968302943,True,True,12,0.11659158284694525,0.10880882986147782,-0.007782752985467434,96.5,equal_weight,quarterly,5
2025-03-25,TPR,HOLD,Current holding remains close to target weight,0.7725769671846792,True,True,33,0.24402147336654947,0.2400922725211671,-0.003929200845382369,73.44385528564453,equal_weight,quarterly,5
2025-03-25,EQT,ADD,Current weight is below target weight,0.5687878923897827,True,True,48,0.25837763322344504,0.2831772488164324,0.02479961559298738,53.46321105957031,equal_weight,quarterly,5
2025-03-25,UAL,HOLD,Current holding remains close to target weight,0.5123635095859536,True,True,25,0.19859836063317393,0.21358580684685122,0.014987446213677286,78.9000015258789,equal_weight,quarterly,5
2025-03-25,AXON,BUY,New target holding from latest signal,0.4675684104236666,True,False,0,0.0,0.15433584195407146,0.15433584195407146,577.1799926757812,equal_weight,quarterly,5
2025-03-25,TPL,SELL,Ticker is no longer selected by the signal,0.45816811396137425,False,True,4,0.18149076422595584,0.0,-0.18149076422595584,450.6463928222656,equal_weight,quarterly,5
2025-03-26,PLTR,HOLD,Current holding remains close to target weight,1.4316204723087664,True,True,12,0.11380085888464544,0.09777175898706376,-0.01602909989758168,92.27999877929688,equal_weight,quarterly,5
2025-03-26,TPR,TRIM,Current weight is above target weight,0.6864984996872165,True,True,34,0.2530485155056531,0.20696149635871253,-0.04608701914694058,72.4216079711914,equal_weight,quarterly,5
2025-03-26,UAL,TRIM,Current weight is above target weight,0.4872040076177375,True,True,28,0.22407062988710552,0.17063902558106814,-0.053431604306037384,77.87000274658203,equal_weight,quarterly,5
2025-03-26,EQT,TRIM,Current weight is above target weight,0.4822387842217357,True,True,54,0.2894180456204051,0.24051046121245767,-0.0489075844079474,52.15250015258789,equal_weight,quarterly,5
2025-03-26,TTWO,BUY,New target holding from latest signal,0.4418620553659771,True,False,0,0.0,0.2841172578606979,0.2841172578606979,215.88999938964844,equal_weight,quarterly,5
2025-03-26,AXON,SELL,Ticker is no longer selected by the signal,0.41915010939196784,False,True,2,0.1149066405357194,0.0,-0.1149066405357194,559.0599975585938,equal_weight,quarterly,5
2025-03-27,PLTR,HOLD,Current holding remains close to target weight,1.4414632144312578,True,True,10,0.09458444639233472,0.09538725538503247,0.0008028089926977455,90.08999633789062,equal_weight,quarterly,5
2025-03-27,TPR,ADD,Current weight is below target weight,0.6182622047392281,True,True,28,0.2102096915258863,0.2318554535793345,0.021645762053448175,71.50749206542969,equal_weight,quarterly,5
2025-03-27,EQT,TRIM,Current weight is above target weight,0.4785909143914431,True,True,44,0.2381874324193742,0.2144917134706176,-0.023695718948756606,51.56119918823242,equal_weight,quarterly,5
2025-03-27,TTWO,HOLD,Current holding remains close to target weight,0.4200795358092144,True,True,13,0.29247476488152263,0.28954615032284853,-0.002928614558674103,214.2899932861328,equal_weight,quarterly,5
2025-03-27,TPL,BUY,New target holding from latest signal,0.41902904822813647,True,False,0,0.0,0.16871942724216682,0.16871942724216682,440.5740051269531,equal_weight,quarterly,5
2025-03-27,UAL,SELL,Ticker is no longer selected by the signal,0.3710609232676825,False,True,21,0.16211642215565145,0.0,-0.16211642215565145,73.52999877929688,equal_weight,quarterly,5
2025-03-28,PLTR,HOLD,Current holding remains close to target weight,1.3127694219942172,True,True,10,0.09176337655247081,0.10120888213912857,0.009445505586657757,85.8499984741211,equal_weight,quarterly,5
2025-03-28,TPR,HOLD,Current holding remains close to target weight,0.551375627047842,True,True,31,0.22879982577583557,0.23492255650570842,0.0061227307298728495,69.0501937866211,equal_weight,quarterly,5
2025-03-28,EQT,TRIM,Current weight is above target weight,0.5185422356467329,True,True,40,0.22335833410701475,0.1816203188040038,-0.04173801530301094,52.24119186401367,equal_weight,quarterly,5
2025-03-28,EXE,BUY,New target holding from latest signal,0.43480239972076284,True,False,0,0.0,0.3156346054150491,0.3156346054150491,106.94319915771484,equal_weight,quarterly,5
2025-03-28,TPL,HOLD,Current holding remains close to target weight,0.4104136912956877,True,True,4,0.18466296365469737,0.16661363713610994,-0.018049326518587427,431.907470703125,equal_weight,quarterly,5
2025-03-28,TTWO,SELL,Ticker is no longer selected by the signal,0.395967336051517,False,True,12,0.26996069868310524,0.0,-0.26996069868310524,210.47000122070312,equal_weight,quarterly,5
2025-03-31,PLTR,TRIM,Current weight is above target weight,1.2749327492493476,True,True,12,0.10827204028733135,0.07510960763553028,-0.03316243265180108,84.4000015258789,equal_weight,quarterly,5
2025-03-31,TPL,TRIM,Current weight is above target weight,0.5194002896670944,True,True,3,0.1405628083753225,0.11256980160461028,-0.02799300677071223,438.2849426269531,equal_weight,quarterly,5
2025-03-31,EQT,TRIM,Current weight is above target weight,0.5154876926622372,True,True,33,0.18575776846020775,0.14461230866662664,-0.04114545979358111,52.65509796142578,equal_weight,quarterly,5
2025-03-31,TPR,TRIM,Current weight is above target weight,0.5125717056065124,True,True,33,0.24415156302005325,0.16623463949147882,-0.07791692352857443,69.20746612548828,equal_weight,quarterly,5
2025-03-31,MCK,BUY,New target holding from latest signal,0.4079638435527282,True,False,0,0.0,0.5014736426017541,0.5014736426017541,669.6005859375,equal_weight,quarterly,5
2025-03-31,EXE,SELL,Ticker is no longer selected by the signal,0.4027827520000862,False,True,28,0.3212098543106249,0.0,-0.3212098543106249,107.30950927734375,equal_weight,quarterly,5
2025-04-01,PLTR,ADD,Current weight is below target weight,1.298588489534175,True,True,9,0.08093208527181248,0.11277227285311477,0.03184018758130229,84.68000030517578,equal_weight,quarterly,5
2025-04-01,TPR,ADD,Current weight is below target weight,0.5354716129644104,True,True,23,0.17498940984254416,0.2440086416559264,0.06901923181338224,71.64511108398438,equal_weight,quarterly,5
2025-04-01,TPL,ADD,Current weight is below target weight,0.5282874469529597,True,True,2,0.09504248205493931,0.17348814925859493,0.07844566720365562,447.4972839355469,equal_weight,quarterly,5
2025-04-01,EQT,ADD,Current weight is below target weight,0.4855795142782191,True,True,26,0.14660662262587368,0.22371246250637405,0.07710583988050038,53.098575592041016,equal_weight,quarterly,5
2025-04-01,TRGP,BUY,New target holding from latest signal,0.394661938011863,True,False,0,0.0,0.24601847372598978,0.24601847372598978,197.4176788330078,equal_weight,quarterly,5
2025-04-01,MCK,SELL,Ticker is no longer selected by the signal,0.38289945785949486,False,True,7,0.4982676411874871,0.0,-0.4982676411874871,670.2969970703125,equal_weight,quarterly,5
2025-04-02,PLTR,TRIM,Current weight is above target weight,1.350806321363422,True,True,13,0.11713403310409479,0.07802038291705099,-0.0391136501870438,87.44999694824219,equal_weight,quarterly,5
2025-04-02,TPR,TRIM,Current weight is above target weight,0.6066156656961466,True,True,32,0.24221533515796195,0.16622740414274173,-0.07598793101522022,73.46351623535156,equal_weight,quarterly,5
2025-04-02,TPL,TRIM,Current weight is above target weight,0.5760394220081202,True,True,4,0.18969036918150553,0.11713521908852027,-0.07255515009298526,460.2622375488281,equal_weight,quarterly,5
2025-04-02,EQT,TRIM,Current weight is above target weight,0.5014614904968535,True,True,40,0.2218435882797154,0.14692167778403184,-0.07492191049568356,53.82783889770508,equal_weight,quarterly,5
2025-04-02,MCK,BUY,New target holding from latest signal,0.4058597843142655,True,False,0,0.0,0.4916953160676552,0.4916953160676552,690.037109375,equal_weight,quarterly,5
2025-04-02,TRGP,SELL,Ticker is no longer selected by the signal,0.4013118666831601,False,True,11,0.22666759635770906,0.0,-0.22666759635770906,199.99392700195312,equal_weight,quarterly,5
2025-04-03,PLTR,HOLD,Current holding remains close to target weight,1.2929237677826522,True,True,9,0.08339564372046886,0.07109082051501175,-0.012304823205457102,83.5999984741211,equal_weight,quarterly,5
2025-04-03,EQT,HOLD,Current holding remains close to target weight,0.44731896171494046,True,True,26,0.14793725487907625,0.1423672567513922,-0.0055699981276840504,51.33453369140625,equal_weight,quarterly,5
2025-04-03,MCK,HOLD,Current holding remains close to target weight,0.4414573898596812,True,True,6,0.47438374158275326,0.4737533514073414,-0.0006303901754118324,713.3192749023438,equal_weight,quarterly,5
2025-04-03,TPR,TRIM,Current weight is above target weight,0.419421428325389,True,True,22,0.15600916279607163,0.13263597614942954,-0.02337318664664209,63.97832107543945,equal_weight,quarterly,5
2025-04-03,TTWO,BUY,New target holding from latest signal,0.3884237015401866,True,False,0,0.0,0.18015259517682522,0.18015259517682522,208.92999267578125,equal_weight,quarterly,5
2025-04-03,TPL,SELL,Ticker is no longer selected by the signal,0.3382036849691621,False,True,3,0.1342976430541966,0.0,-0.1342976430541966,403.88018798828125,equal_weight,quarterly,5
2025-04-04,PLTR,HOLD,Current holding remains close to target weight,0.9741264023132796,True,True,8,0.07032677538413643,0.06968662531862607,-0.0006401500655103531,74.01000213623047,equal_weight,quarterly,5
2025-04-04,MCK,TRIM,Current weight is above target weight,0.40071558387053896,True,True,6,0.4843834870748236,0.3467577640102022,-0.1376257230646214,679.6694946289062,equal_weight,quarterly,5
2025-04-04,TPR,HOLD,Current holding remains close to target weight,0.38721404380717606,True,True,19,0.13961728829332984,0.13640471168985308,-0.0032125766034767633,61.86503982543945,equal_weight,quarterly,5
2025-04-04,TTWO,HOLD,Current holding remains close to target weight,0.28545952373464045,True,True,7,0.16178436328917137,0.1581580864826221,-0.0036262768065492557,194.5800018310547,equal_weight,quarterly,5
2025-04-04,GILD,BUY,New target holding from latest signal,0.285231546743413,True,False,0,0.0,0.28899281249869657,0.28899281249869657,103.79004669189453,equal_weight,quarterly,5
2025-04-04,EQT,SELL,Ticker is no longer selected by the signal,0.26304660222936693,False,True,26,0.14033437433011153,0.0,-0.14033437433011153,45.44126510620117,equal_weight,quarterly,5
2025-04-07,PLTR,HOLD,Current holding remains close to target weight,0.9836899339534386,True,True,9,0.08402732859930956,0.07853770573149543,-0.005489622867814126,77.83999633789062,equal_weight,quarterly,5
2025-04-07,TPR,HOLD,Current holding remains close to target weight,0.3904405017034369,True,True,20,0.14852359305940763,0.1425529935196731,-0.005970599539734528,61.91419219970703,equal_weight,quarterly,5
2025-04-07,MCK,ADD,Current weight is below target weight,0.37569062816040577,True,True,4,0.3159953468896034,0.3925784415733797,0.07658309468377628,658.635986328125,equal_weight,quarterly,5
2025-04-07,TTWO,ADD,Current weight is below target weight,0.33773529649440537,True,True,7,0.1658465117558481,0.1869802919966473,0.021133780240799205,197.52999877929688,equal_weight,quarterly,5
2025-04-07,PM,BUY,New target holding from latest signal,0.3030851761403748,True,False,0,0.0,0.19935056717880442,0.19935056717880442,144.8538360595703,equal_weight,quarterly,5
2025-04-07,GILD,SELL,Ticker is no longer selected by the signal,0.27306318268458885,False,True,23,0.28170607372038037,0.0,-0.28170607372038037,102.1158447265625,equal_weight,quarterly,5
2025-04-08,PLTR,HOLD,Current holding remains close to target weight,0.9325169442261871,True,True,8,0.07566233297229037,0.08095881793990561,0.005296484967615242,77.31999969482422,equal_weight,quarterly,5
2025-04-08,MCK,ADD,Current weight is below target weight,0.34789230360129797,True,True,5,0.39726030865568845,0.43335974982936576,0.036099441173677305,649.5420532226562,equal_weight,quarterly,5
2025-04-08,TPR,HOLD,Current holding remains close to target weight,0.3161081671545478,True,True,19,0.1384339841276416,0.15791446400364273,0.019480479876001128,59.56501007080078,equal_weight,quarterly,5
2025-04-08,EQT,BUY,New target holding from latest signal,0.2948611540608914,True,False,0,0.0,0.13580316581267854,0.13580316581267854,46.80125045776367,equal_weight,quarterly,5
2025-04-08,TTWO,HOLD,Current holding remains close to target weight,0.29375698359426217,True,True,8,0.19204258800334625,0.19196380241440725,-7.878558893900656e-05,196.25,equal_weight,quarterly,5
2025-04-08,PM,SELL,Ticker is no longer selected by the signal,0.27807855884136234,False,True,11,0.19232633611437824,0.0,-0.19232633611437824,142.9381561279297,equal_weight,quarterly,5
2025-04-09,PLTR,HOLD,Current holding remains close to target weight,1.3659039233803965,True,True,9,0.09473875633324318,0.07911156946385599,-0.01562718686938719,92.01000213623047,equal_weight,quarterly,5
2025-04-09,TPR,HOLD,Current holding remains close to target weight,0.48741365517255586,True,True,22,0.16644753855999572,0.14735459919036087,-0.019092939369634854,66.13092041015625,equal_weight,quarterly,5
2025-04-09,MCK,ADD,Current weight is below target weight,0.39199529471463856,True,True,5,0.382332732453773,0.42973931067869675,0.04740657822492372,668.3767700195312,equal_weight,quarterly,5
2025-04-09,TTWO,HOLD,Current holding remains close to target weight,0.3673871342379402,True,True,9,0.2143025471191159,0.19792218643359705,-0.016380360685518847,208.1300048828125,equal_weight,quarterly,5
2025-04-09,EQT,HOLD,Current holding remains close to target weight,0.35473145507381143,True,True,25,0.14141304164572427,0.14587233423348922,0.004459292587764951,49.44237518310547,equal_weight,quarterly,5
2025-04-10,PLTR,HOLD,Current holding remains close to target weight,1.1372736961949386,True,True,8,0.08241052935853087,0.07835144431529385,-0.004059085043237015,88.58999633789062,equal_weight,quarterly,5
2025-04-10,TPR,HOLD,Current holding remains close to target weight,0.42624484850038336,True,True,21,0.1534202429959105,0.14500037464931362,-0.008419868346596887,62.828304290771484,equal_weight,quarterly,5
2025-04-10,MCK,ADD,Current weight is below target weight,0.37521117287688366,True,True,5,0.3929759658224364,0.435903601647503,0.042927635825066646,675.9085693359375,equal_weight,quarterly,5
2025-04-10,TTWO,HOLD,Current holding remains close to target weight,0.3365372067417227,True,True,9,0.21392063965877814,0.1964311218968473,-0.017489517761930834,204.41000366210938,equal_weight,quarterly,5
2025-04-10,EQT,HOLD,Current holding remains close to target weight,0.3174907472292696,True,True,28,0.15558708061545426,0.14431345749104205,-0.011273623124412213,47.786746978759766,equal_weight,quarterly,5
2025-04-11,PLTR,HOLD,Current holding remains close to target weight,1.0530953132115797,True,True,8,0.08105574430987132,0.07845506404781928,-0.002600680262052041,88.55000305175781,equal_weight,quarterly,5
2025-04-11,TPR,HOLD,Current holding remains close to target weight,0.42884830786008066,True,True,21,0.14973811967991785,0.1462289707854356,-0.0035091488944822558,62.31718826293945,equal_weight,quarterly,5
2025-04-11,TTWO,TRIM,Current weight is above target weight,0.3783309923498783,True,True,9,0.21838710512911247,0.19554490542541872,-0.02284219970369375,212.07000732421875,equal_weight,quarterly,5
2025-04-11,MCK,ADD,Current weight is below target weight,0.3759774565577243,True,True,5,0.3923995300961583,0.4383005322354594,0.045901002139301095,685.8880615234375,equal_weight,quarterly,5
2025-04-11,EQT,HOLD,Current holding remains close to target weight,0.3682008555651415,True,True,28,0.15676091988423144,0.14147052750586706,-0.015290392378364381,48.92992401123047,equal_weight,quarterly,5
2025-04-14,PLTR,HOLD,Current holding remains close to target weight,1.128216952489927,True,True,8,0.08401507275734722,0.07820161604612352,-0.0058134567112236996,92.62000274658203,equal_weight,quarterly,5
2025-04-14,TPR,HOLD,Current holding remains close to target weight,0.4503592319781018,True,True,22,0.1563825204762857,0.1463410251668613,-0.010041495309424414,62.690696716308594,equal_weight,quarterly,5
2025-04-14,TTWO,TRIM,Current weight is above target weight,0.38738673090819775,True,True,9,0.21731143463971264,0.19589717701413978,-0.021414257625572863,212.9499969482422,equal_weight,quarterly,5
2025-04-14,EQT,HOLD,Current holding remains close to target weight,0.3743866054169933,True,True,27,0.15076162758024628,0.1416154822946232,-0.009146145285623075,49.24528121948242,equal_weight,quarterly,5
2025-04-14,MCK,ADD,Current weight is below target weight,0.37389843836577197,True,True,5,0.39145925001530557,0.4379446994782523,0.04648544946294675,690.4848022460938,equal_weight,quarterly,5
2025-04-15,PLTR,HOLD,Current holding remains close to target weight,1.2615491914919361,True,True,8,0.08846100057489274,0.07740717519236526,-0.011053825382527485,98.4000015258789,equal_weight,quarterly,5
2025-04-15,TPR,HOLD,Current holding remains close to target weight,0.4263759824116944,True,True,22,0.1553748173822484,0.14629947645123045,-0.009075340931017944,62.84796142578125,equal_weight,quarterly,5
2025-04-15,TTWO,TRIM,Current weight is above target weight,0.383712754986286,True,True,9,0.21703960711413423,0.19490070349851157,-0.02213890361562265,214.60000610351562,equal_weight,quarterly,5
2025-04-15,MCK,ADD,Current weight is below target weight,0.3734719114062788,True,True,5,0.38733740969623537,0.4404597487403647,0.05312233904412933,689.3704833984375,equal_weight,quarterly,5
2025-04-15,EQT,HOLD,Current holding remains close to target weight,0.3660940927896712,True,True,27,0.15171769664654608,0.14093289611752807,-0.010784800529018007,50.004112243652344,equal_weight,quarterly,5
2025-04-16,PLTR,HOLD,Current holding remains close to target weight,1.1361750190075637,True,True,8,0.08415310691200069,0.07540375011215511,-0.008749356799845578,92.70999908447266,equal_weight,quarterly,5
2025-04-16,EQT,HOLD,Current holding remains close to target weight,0.3993547926644283,True,True,27,0.1535195009362092,0.14915467721605366,-0.004364823720155536,50.11251449584961,equal_weight,quarterly,5
2025-04-16,TPR,TRIM,Current weight is above target weight,0.39266203228683105,True,True,22,0.1542546655414948,0.13140817599573718,-0.02284648954575763,61.79623794555664,equal_weight,quarterly,5
2025-04-16,MCK,HOLD,Current holding remains close to target weight,0.3671414489985749,True,True,5,0.39212822123558433,0.39732883948340403,0.005200618247819699,691.2012329101562,equal_weight,quarterly,5
2025-04-16,PM,BUY,New target holding from latest signal,0.36321207792527654,True,False,0,0.0,0.24670455719264997,0.24670455719264997,153.71385192871094,equal_weight,quarterly,5
2025-04-16,TTWO,SELL,Ticker is no longer selected by the signal,0.36009781804116536,False,True,9,0.2158743638350978,0.0,-0.2158743638350978,211.39999389648438,equal_weight,quarterly,5
2025-04-17,PLTR,HOLD,Current holding remains close to target weight,1.2102285671644744,True,True,7,0.07379713052184585,0.08824143277547367,0.01444430225362782,93.77999877929688,equal_weight,quarterly,5
2025-04-17,TPR,ADD,Current weight is below target weight,0.42188214689509507,True,True,19,0.1336083422244102,0.15825662835291252,0.02464828612850231,62.5530891418457,equal_weight,quarterly,5
2025-04-17,EQT,ADD,Current weight is below target weight,0.41530660778313977,True,True,27,0.15249305426268867,0.20540058658842092,0.052907532325732254,50.240631103515625,equal_weight,quarterly,5
2025-04-17,PM,ADD,Current weight is below target weight,0.38248809807104456,True,True,14,0.24603568699674705,0.36187101373995123,0.11583532674320418,156.32875061035156,equal_weight,quarterly,5
2025-04-17,NFLX,BUY,New target holding from latest signal,0.3782685344155421,True,False,0,0.0,0.18623033854324178,0.18623033854324178,97.3030014038086,equal_weight,quarterly,5
2025-04-17,MCK,SELL,Ticker is no longer selected by the signal,0.36010094257837566,False,True,5,0.38984415248399307,0.0,-0.38984415248399307,693.5692138671875,equal_weight,quarterly,5
2025-04-21,PLTR,HOLD,Current holding remains close to target weight,1.165514008845585,True,True,8,0.08292326679182109,0.07117450642254051,-0.011748760369280575,90.80000305175781,equal_weight,quarterly,5
2025-04-21,NFLX,TRIM,Current weight is above target weight,0.407279268673596,True,True,17,0.1917197514858363,0.1501850216395339,-0.04153472984630241,98.79100036621094,equal_weight,quarterly,5
2025-04-21,TPR,TRIM,Current weight is above target weight,0.4035313240184677,True,True,22,0.15596294931249693,0.13083675441984322,-0.02512619489265372,62.10094451904297,equal_weight,quarterly,5
2025-04-21,PM,TRIM,Current weight is above target weight,0.3684223048223203,True,True,21,0.37239962800820886,0.2321145705027138,-0.14028505750549505,155.34217834472656,equal_weight,quarterly,5
2025-04-21,MCK,BUY,New target holding from latest signal,0.3387750657092583,True,False,0,0.0,0.4156891470153686,0.4156891470153686,679.0526733398438,equal_weight,quarterly,5
2025-04-21,EQT,SELL,Ticker is no longer selected by the signal,0.3092568185200144,False,True,36,0.19310544381069988,0.0,-0.19310544381069988,46.988487243652344,equal_weight,quarterly,5
2025-04-22,PLTR,HOLD,Current holding remains close to target weight,1.2378570919945124,True,True,7,0.07319337648820692,0.0723981604549729,-0.000795216033234028,93.98999786376953,equal_weight,quarterly,5
2025-04-22,NFLX,HOLD,Current holding remains close to target weight,0.5128916964360803,True,True,14,0.16202999579674757,0.14780920029183747,-0.014220795504910094,104.03399658203125,equal_weight,quarterly,5
2025-04-22,TPR,HOLD,Current holding remains close to target weight,0.4511229641833685,True,True,19,0.1348785198312045,0.13215383281977994,-0.002724687011424559,63.81122589111328,equal_weight,quarterly,5
2025-04-22,PM,HOLD,Current holding remains close to target weight,0.39335133353058027,True,True,14,0.24482020142933109,0.23713050435617097,-0.007689697073160112,157.1907958984375,equal_weight,quarterly,5
2025-04-22,MCK,ADD,Current weight is below target weight,0.3695723741457926,True,True,5,0.38473376905865725,0.41050830207723876,0.025774533018581514,691.6688232421875,equal_weight,quarterly,5
2025-04-23,PLTR,HOLD,Current holding remains close to target weight,1.346288034226276,True,True,7,0.07738460663156509,0.08536569988867654,0.007981093257111452,100.81999969482422,equal_weight,quarterly,5
2025-04-23,TPR,HOLD,Current holding remains close to target weight,0.4892166824294031,True,True,19,0.1363407858183277,0.15255096694001036,0.016210181121682654,65.44287109375,equal_weight,quarterly,5
2025-04-23,PM,ADD,Current weight is below target weight,0.42648175717858905,True,True,14,0.24718582426304622,0.3310112755264783,0.08382545126343208,161.0221710205078,equal_weight,quarterly,5
2025-04-23,NFLX,ADD,Current weight is below target weight,0.37400672502129595,True,True,14,0.16112300979346897,0.188121951984921,0.02699894219145202,104.95899963378906,equal_weight,quarterly,5
2025-04-23,TTWO,BUY,New target holding from latest signal,0.3737360545019912,True,False,0,0.0,0.24295010565991387,0.24295010565991387,213.3000030517578,equal_weight,quarterly,5
2025-04-23,MCK,SELL,Ticker is no longer selected by the signal,0.36257326605284823,False,True,5,0.37762657835975877,0.0,-0.37762657835975877,688.783447265625,equal_weight,quarterly,5
2025-04-24,PLTR,HOLD,Current holding remains close to target weight,1.5241217061720103,True,True,8,0.09153178599548267,0.08559780183082405,-0.005933984164658623,107.77999877929688,equal_weight,quarterly,5
2025-04-24,TPR,HOLD,Current holding remains close to target weight,0.5496546733525329,True,True,22,0.15678544398685718,0.15387738583249908,-0.0029080581543581008,67.13349914550781,equal_weight,quarterly,5
2025-04-24,PM,HOLD,Current holding remains close to target weight,0.45827697865287087,True,True,19,0.3285619170184407,0.3367376466564936,0.008175729638052909,162.8995361328125,equal_weight,quarterly,5
2025-04-24,NFLX,HOLD,Current holding remains close to target weight,0.4206871840560904,True,True,16,0.18630259417647965,0.1862963348824439,-6.259294035748653e-06,109.68699645996094,equal_weight,quarterly,5
2025-04-24,TTWO,HOLD,Current holding remains close to target weight,0.4194925771946083,True,True,10,0.23639837954233278,0.23749083079773933,0.0010924512554065513,222.69000244140625,equal_weight,quarterly,5
2025-04-25,PLTR,HOLD,Current holding remains close to target weight,1.6264555748995044,True,True,7,0.0830680686733285,0.08232661152708104,-0.0007414571462474595,112.77999877929688,equal_weight,quarterly,5
2025-04-25,TPR,HOLD,Current holding remains close to target weight,0.5834480750294262,True,True,21,0.14960118436338243,0.160331931692747,0.010730747329364576,67.70359802246094,equal_weight,quarterly,5
2025-04-25,VRSN,BUY,New target holding from latest signal,0.45962886178218265,True,False,0,0.0,0.3546861832948152,0.3546861832948152,268.71356201171875,equal_weight,quarterly,5
2025-04-25,NFLX,HOLD,Current holding remains close to target weight,0.44134034711028103,True,True,16,0.1854472081163834,0.18213884070193342,-0.003308367414449981,110.15299987792969,equal_weight,quarterly,5
2025-04-25,TTWO,HOLD,Current holding remains close to target weight,0.40844893679083505,True,True,10,0.2371479482917646,0.22051643278342326,-0.016631515508341355,225.3800048828125,equal_weight,quarterly,5
2025-04-25,PM,SELL,Ticker is no longer selected by the signal,0.321436785674186,False,True,20,0.3431528999436067,0.0,-0.3431528999436067,163.06234741210938,equal_weight,quarterly,5
2025-04-28,PLTR,HOLD,Current holding remains close to target weight,1.6919464924893277,True,True,7,0.08400157354797065,0.08570761247140188,0.0017060389234312273,114.6500015258789,equal_weight,quarterly,5
2025-04-28,TPR,HOLD,Current holding remains close to target weight,0.6064451508384685,True,True,22,0.15676137404559168,0.1678729814426793,0.011111607397087608,68.07710266113281,equal_weight,quarterly,5
2025-04-28,VRSN,HOLD,Current holding remains close to target weight,0.4868910197126306,True,True,13,0.37019256703107073,0.36607974127492654,-0.0041128257561441894,272.0627136230469,equal_weight,quarterly,5
2025-04-28,NFLX,HOLD,Current holding remains close to target weight,0.4819095510133595,True,True,15,0.174332442252958,0.18975202249219017,0.015419580239232178,111.03800201416016,equal_weight,quarterly,5
2025-04-28,EQT,BUY,New target holding from latest signal,0.42272253900045875,True,False,0,0.0,0.1905876423188019,0.1905876423188019,50.378604888916016,equal_weight,quarterly,5
2025-04-28,TTWO,SELL,Ticker is no longer selected by the signal,0.40084473477937865,False,True,9,0.21247148995256968,0.0,-0.21247148995256968,225.5500030517578,equal_weight,quarterly,5
2025-04-29,PLTR,HOLD,Current holding remains close to target weight,1.6648300773982436,True,True,7,0.08414719193504522,0.08328394698886026,-0.0008632449461849628,116.08000183105469,equal_weight,quarterly,5
2025-04-29,TPR,HOLD,Current holding remains close to target weight,0.5905630105634547,True,True,24,0.17110400797556857,0.16137929923983516,-0.009724708735733417,68.84378814697266,equal_weight,quarterly,5
2025-04-29,VRSN,HOLD,Current holding remains close to target weight,0.5036734163809937,True,True,13,0.36914372209996493,0.3536255970854142,-0.015518125014550743,274.2003173828125,equal_weight,quarterly,5
2025-04-29,NFLX,HOLD,Current holding remains close to target weight,0.49180306486183367,True,True,16,0.1865106747115521,0.1822223846538057,-0.004288290057746419,112.56400299072266,equal_weight,quarterly,5
2025-04-29,TTWO,BUY,New target holding from latest signal,0.4306710565098475,True,False,0,0.0,0.21948877203208464,0.21948877203208464,230.7100067138672,equal_weight,quarterly,5
2025-04-29,EQT,SELL,Ticker is no longer selected by the signal,0.39580779277001366,False,True,36,0.18818349966861342,0.0,-0.18818349966861342,50.47715377807617,equal_weight,quarterly,5
2025-04-30,PLTR,HOLD,Current holding remains close to target weight,1.640214017609173,True,True,7,0.0849688477496979,0.08761396071005388,0.0026451129603559803,118.44000244140625,equal_weight,quarterly,5
2025-04-30,VRSN,ADD,Current weight is below target weight,0.5564383454176411,True,True,12,0.3417743790007063,0.37088621311067427,0.029111834109967982,277.90411376953125,equal_weight,quarterly,5
2025-04-30,NFLX,HOLD,Current holding remains close to target weight,0.49960239561444286,True,True,16,0.18557618546591187,0.18944155187765743,0.0038653664117455633,113.1719970703125,equal_weight,quarterly,5
2025-04-30,TTWO,HOLD,Current holding remains close to target weight,0.44211642874341384,True,True,9,0.215207683137627,0.22481566448018742,0.009607981342560412,233.32000732421875,equal_weight,quarterly,5
2025-04-30,CRWD,BUY,New target holding from latest signal,0.426618329063593,True,False,0,0.0,0.12724260982142693,0.12724260982142693,107.21749877929688,equal_weight,quarterly,5
2025-04-30,TPR,SELL,Ticker is no longer selected by the signal,0.41311877055103463,False,True,24,0.1708068535705657,0.0,-0.1708068535705657,69.44336700439453,equal_weight,quarterly,5
2025-05-01,PLTR,HOLD,Current holding remains close to target weight,1.5839447141208094,True,True,7,0.08361414816929832,0.08715668333494424,0.003542535165645913,116.19999694824219,equal_weight,quarterly,5
2025-05-01,VRSN,HOLD,Current holding remains close to target weight,0.5619589068042472,True,True,13,0.3681904831466315,0.3513124703635529,-0.0168780127830786,275.5202941894531,equal_weight,quarterly,5
2025-05-01,NFLX,HOLD,Current holding remains close to target weight,0.5130686170887759,True,True,16,0.18642563288236708,0.1864761429511787,5.0510068811626674e-05,113.34700012207031,equal_weight,quarterly,5
2025-05-01,TTWO,HOLD,Current holding remains close to target weight,0.46295488752065506,True,True,9,0.21757051425455362,0.21593139430015845,-0.0016391199543951684,235.1699981689453,equal_weight,quarterly,5
2025-05-01,HWM,BUY,New target holding from latest signal,0.4480511475666038,True,False,0,0.0,0.15912330905016583,0.15912330905016583,147.6024169921875,equal_weight,quarterly,5
2025-05-01,CRWD,SELL,Ticker is no longer selected by the signal,0.4332934899278422,False,True,12,0.13318642611759937,0.0,-0.13318642611759937,107.97000122070312,equal_weight,quarterly,5
2025-05-02,PLTR,HOLD,Current holding remains close to target weight,1.7660805238182973,True,True,7,0.08885073371104482,0.08928996587071525,0.0004392321596704274,124.27999877929688,equal_weight,quarterly,5
2025-05-02,VRSN,ADD,Current weight is below target weight,0.5891368989981884,True,True,12,0.34297306682766465,0.38492656472552333,0.04195349789785868,279.84466552734375,equal_weight,quarterly,5
2025-05-02,HWM,HOLD,Current holding remains close to target weight,0.5416178114725816,True,True,10,0.15690021827348455,0.16398774564431678,0.007087527370832236,153.62496948242188,equal_weight,quarterly,5
2025-05-02,NFLX,HOLD,Current holding remains close to target weight,0.5228194683373699,True,True,15,0.17717191804667906,0.19714995474891203,0.01997803670223297,115.64900207519531,equal_weight,quarterly,5
2025-05-02,TPR,BUY,New target holding from latest signal,0.4986584060139989,True,False,0,0.0,0.16464576901053266,0.16464576901053266,71.51731872558594,equal_weight,quarterly,5
2025-05-02,TTWO,SELL,Ticker is no longer selected by the signal,0.3526004538521297,False,True,10,0.22417968919414835,0.0,-0.22417968919414835,219.5,equal_weight,quarterly,5
2025-05-05,PLTR,HOLD,Current holding remains close to target weight,1.8329137224417802,True,True,7,0.08862543161720328,0.0891200746015083,0.000494642984305016,123.7699966430664,equal_weight,quarterly,5
2025-05-05,VRSN,HOLD,Current holding remains close to target weight,0.6040925256027356,True,True,13,0.3727416907255731,0.3852864500158801,0.012544759290306962,280.29779052734375,equal_weight,quarterly,5
2025-05-05,TPR,HOLD,Current holding remains close to target weight,0.5292244574178684,True,True,22,0.1621178889375251,0.1650850593464554,0.0029671704089302975,72.03827667236328,equal_weight,quarterly,5
2025-05-05,HWM,HOLD,Current holding remains close to target weight,0.5282866707519533,True,True,11,0.17316490104872714,0.1639292050481415,-0.00923569600058563,153.89419555664062,equal_weight,quarterly,5
2025-05-05,NFLX,HOLD,Current holding remains close to target weight,0.5045771407049058,True,True,17,0.1972104350616433,0.19657921098801479,-0.0006312240736285057,113.40599822998047,equal_weight,quarterly,5
2025-05-06,PLTR,HOLD,Current holding remains close to target weight,1.6193454526763231,True,True,8,0.09006299516727156,0.09301398828587816,0.0029509931186065957,108.86000061035156,equal_weight,quarterly,5
2025-05-06,VRSN,HOLD,Current holding remains close to target weight,0.6015607296263843,True,True,13,0.37507354227297957,0.38427847215775895,0.00920492988477939,278.9876708984375,equal_weight,quarterly,5
2025-05-06,HWM,HOLD,Current holding remains close to target weight,0.5647121013408076,True,True,10,0.16065685309096908,0.1622896134711296,0.001632760380160525,155.3499755859375,equal_weight,quarterly,5
2025-05-06,TPR,HOLD,Current holding remains close to target weight,0.5602668259404215,True,True,23,0.17139483508976305,0.1633643777414042,-0.00803045734835886,72.05793762207031,equal_weight,quarterly,5
2025-05-06,NFLX,HOLD,Current holding remains close to target weight,0.5048212632888491,True,True,17,0.20001424074138496,0.19705354834382915,-0.0029606923975558086,113.76899719238281,equal_weight,quarterly,5
2025-05-07,PLTR,HOLD,Current holding remains close to target weight,1.6354963784034253,True,True,8,0.09007377537350121,0.09665658050269167,0.006582805129190461,110.4800033569336,equal_weight,quarterly,5
2025-05-07,VRSN,TRIM,Current weight is above target weight,0.6265566437769889,True,True,14,0.4038967668612074,0.37417903426680776,-0.029717732594399637,283.08551025390625,equal_weight,quarterly,5
2025-05-07,TPR,HOLD,Current holding remains close to target weight,0.6071724408633437,True,True,21,0.15724387944410798,0.17134062986408738,0.014096750419979404,73.47333526611328,equal_weight,quarterly,5
2025-05-07,HWM,HOLD,Current holding remains close to target weight,0.5730788058279128,True,True,10,0.15966138035210226,0.16065039811506088,0.0009890177629586216,156.66615295410156,equal_weight,quarterly,5
2025-05-07,EQT,BUY,New target holding from latest signal,0.5303178512742059,True,False,0,0.0,0.19717335725135227,0.19717335725135227,53.3350715637207,equal_weight,quarterly,5
2025-05-07,NFLX,SELL,Ticker is no longer selected by the signal,0.5281179663208802,False,True,16,0.18839996012296573,0.0,-0.18839996012296573,115.54100036621094,equal_weight,quarterly,5
2025-05-08,PLTR,HOLD,Current holding remains close to target weight,1.8773243652480986,True,True,9,0.10840391945858134,0.09695022594580982,-0.01145369351277152,119.1500015258789,equal_weight,quarterly,5
2025-05-08,TPR,HOLD,Current holding remains close to target weight,0.6125712782176995,True,True,22,0.16950224309575135,0.18508985710899248,0.01558761401324113,76.21568298339844,equal_weight,quarterly,5
2025-05-08,VRSN,ADD,Current weight is below target weight,0.6035645908782641,True,True,13,0.369213543055879,0.4123801028181885,0.04316655976230949,280.94793701171875,equal_weight,quarterly,5
2025-05-08,AXON,BUY,New target holding from latest signal,0.5914683723001628,True,False,0,0.0,0.13039451690073478,0.13039451690073478,686.8300170898438,equal_weight,quarterly,5
2025-05-08,HWM,HOLD,Current holding remains close to target weight,0.5798843113424084,True,True,10,0.15875693319634535,0.17518529722627454,0.0164283640299292,157.04505920410156,equal_weight,quarterly,5
2025-05-08,EQT,SELL,Ticker is no longer selected by the signal,0.4658755501124061,False,True,36,0.19208487486213222,0.0,-0.19208487486213222,52.78156280517578,equal_weight,quarterly,5
2025-05-09,PLTR,HOLD,Current holding remains close to target weight,1.2941521729188135,True,True,8,0.09526825364298522,0.09699089512551043,0.0017226414825252112,117.30000305175781,equal_weight,quarterly,5
2025-05-09,TPR,HOLD,Current holding remains close to target weight,0.594114417404425,True,True,25,0.19461178182128175,0.18641169639171226,-0.008200085429569487,76.67767333984375,equal_weight,quarterly,5
2025-05-09,VRSN,HOLD,Current holding remains close to target weight,0.5708067002008157,True,True,14,0.3939933443768594,0.4102404586177165,0.01624711424085712,277.2047424316406,equal_weight,quarterly,5
2025-05-09,AXON,HOLD,Current holding remains close to target weight,0.5520416072439069,True,True,2,0.13900190669890078,0.130576584546532,-0.00842532215236877,684.5900268554688,equal_weight,quarterly,5
2025-05-09,HWM,HOLD,Current holding remains close to target weight,0.5441041950342234,True,True,11,0.175389986508234,0.17578036531852886,0.00039037881029485577,157.0550537109375,equal_weight,quarterly,5
2025-05-12,PLTR,HOLD,Current holding remains close to target weight,1.1332613306060044,True,True,8,0.09516801822108424,0.10270567207763368,0.007537653856549434,118.45999908447266,equal_weight,quarterly,5
2025-05-12,TPR,HOLD,Current holding remains close to target weight,0.6775941469457634,True,True,23,0.1876597703776275,0.1880609272226748,0.0004011568450473235,81.24825286865234,equal_weight,quarterly,5
2025-05-12,NRG,BUY,New target holding from latest signal,0.6437873173390631,True,False,0,0.0,0.12199185801185024,0.12199185801185024,148.90679931640625,equal_weight,quarterly,5
2025-05-12,AXON,HOLD,Current holding remains close to target weight,0.5083130052157885,True,True,2,0.1392051148391438,0.13316852262306175,-0.0060365922160820484,693.0999755859375,equal_weight,quarterly,5
2025-05-12,VRSN,ADD,Current weight is below target weight,0.4984992090482161,True,True,14,0.38720422915043656,0.4540730200647795,0.06686879091434295,275.41192626953125,equal_weight,quarterly,5
2025-05-12,HWM,SELL,Ticker is no longer selected by the signal,0.36944746739879397,False,True,12,0.18872052404829323,0.0,-0.18872052404829323,156.60606384277344,equal_weight,quarterly,5
2025-05-13,PLTR,ADD,Current weight is below target weight,1.2924123775045642,True,True,9,0.1139375455957088,0.16553586829081515,0.05159832269510635,128.10000610351562,equal_weight,quarterly,5
2025-05-13,NRG,ADD,Current weight is below target weight,0.6392169505362364,True,True,8,0.12249619152120758,0.1831984597439004,0.06070226822269281,154.93780517578125,equal_weight,quarterly,5
2025-05-13,TPR,ADD,Current weight is below target weight,0.6377568367649196,True,True,23,0.18677891389183446,0.3037834524912176,0.11700453859938312,82.17218017578125,equal_weight,quarterly,5
2025-05-13,AXON,ADD,Current weight is below target weight,0.5461760416666666,True,True,2,0.14325355748489563,0.20785933444931118,0.06460577696441555,724.77001953125,equal_weight,quarterly,5
2025-05-13,SMCI,BUY,New target holding from latest signal,0.5262951369046664,True,False,0,0.0,0.1396228850247557,0.1396228850247557,38.88999938964844,equal_weight,quarterly,5
2025-05-13,VRSN,SELL,Ticker is no longer selected by the signal,0.48392143077587546,False,True,16,0.42982007476012724,0.0,-0.42982007476012724,271.8263244628906,equal_weight,quarterly,5
2025-05-14,PLTR,TRIM,Current weight is above target weight,1.2294912491274999,True,True,12,0.15514874461943223,0.10713003334056037,-0.04801871127887186,130.17999267578125,equal_weight,quarterly,5
2025-05-14,SMCI,TRIM,Current weight is above target weight,0.8352365073366801,True,True,32,0.1430162114135342,0.09325551737549848,-0.049760694038035735,45.0,equal_weight,quarterly,5
2025-05-14,NRG,TRIM,Current weight is above target weight,0.6132334657959781,True,True,12,0.18123801187543384,0.11926214050926329,-0.061975871366170554,152.0706024169922,equal_weight,quarterly,5
2025-05-14,TPR,TRIM,Current weight is above target weight,0.6101686773754358,True,True,37,0.3007318977031653,0.19293591941702473,-0.10779597828614054,81.83799743652344,equal_weight,quarterly,5
2025-05-14,VRSN,BUY,New target holding from latest signal,0.5057746737980189,True,False,0,0.0,0.48741638935765313,0.48741638935765313,272.26959228515625,equal_weight,quarterly,5
2025-05-14,AXON,SELL,Ticker is no longer selected by the signal,0.2078153091003987,False,True,3,0.2170658431063128,0.0,-0.2170658431063128,728.530029296875,equal_weight,quarterly,5
2025-05-15,PLTR,HOLD,Current holding remains close to target weight,1.1268258889007448,True,True,8,0.10163466104951549,0.1067789074431993,0.005144246393683813,128.1199951171875,equal_weight,quarterly,5
2025-05-15,SMCI,HOLD,Current holding remains close to target weight,0.8923805402813483,True,True,21,0.09154021163384395,0.0938028457878345,0.002262634153990556,43.959999084472656,equal_weight,quarterly,5
2025-05-15,NRG,HOLD,Current holding remains close to target weight,0.6580014387116433,True,True,8,0.12158314284219841,0.11937814332368465,-0.002204999518513759,153.2669219970703,equal_weight,quarterly,5
2025-05-15,TPR,HOLD,Current holding remains close to target weight,0.6316539925762219,True,True,23,0.18660078416954676,0.19325051850268374,0.006649734333136981,81.81834411621094,equal_weight,quarterly,5
2025-05-15,VRSN,HOLD,Current holding remains close to target weight,0.5215558691175157,True,True,18,0.4951797368247629,0.4867895849425979,-0.00839015188216502,277.4312744140625,equal_weight,quarterly,5
2025-05-16,PLTR,HOLD,Current holding remains close to target weight,1.1640769853731054,True,True,8,0.10166303772928073,0.10662118618558959,0.004958148456308861,129.52000427246094,equal_weight,quarterly,5
2025-05-16,SMCI,HOLD,Current holding remains close to target weight,1.1267281061435082,True,True,21,0.09508833869564344,0.09499456503766954,-9.377365797390291e-05,46.150001525878906,equal_weight,quarterly,5
2025-05-16,NRG,HOLD,Current holding remains close to target weight,0.7324769935881168,True,True,8,0.12354636590007967,0.1191365335042949,-0.0044098323957847685,157.39964294433594,equal_weight,quarterly,5
2025-05-16,TPR,HOLD,Current holding remains close to target weight,0.634525394848771,True,True,23,0.18370370834055094,0.19400467291757098,0.010300964577020039,81.405517578125,equal_weight,quarterly,5
2025-05-16,VRSN,HOLD,Current holding remains close to target weight,0.538470058848552,True,True,18,0.49257354554246424,0.485243042354875,-0.007330503187589266,278.90887451171875,equal_weight,quarterly,5
2025-05-19,SMCI,HOLD,Current holding remains close to target weight,1.2031481103597739,True,True,21,0.09272446601679914,0.09838132286969145,0.005656856852892314,44.790000915527344,equal_weight,quarterly,5
2025-05-19,PLTR,HOLD,Current holding remains close to target weight,1.0812191143856755,True,True,8,0.09963007663061609,0.10648660082574254,0.006856524195126459,126.33000183105469,equal_weight,quarterly,5
2025-05-19,NRG,HOLD,Current holding remains close to target weight,0.7580924231985884,True,True,7,0.11000830212307398,0.11880474469191427,0.008796442568840282,159.41656494140625,equal_weight,quarterly,5
2025-05-19,TPR,HOLD,Current holding remains close to target weight,0.6227901507181131,True,True,25,0.19953618610714097,0.19298090697232312,-0.0065552791348178485,80.96320343017578,equal_weight,quarterly,5
2025-05-19,VRSN,HOLD,Current holding remains close to target weight,0.5312193919833279,True,True,18,0.49512321795392006,0.4833464246403286,-0.011776793313591438,279.0273742675781,equal_weight,quarterly,5
2025-05-20,SMCI,HOLD,Current holding remains close to target weight,1.3747917775800649,True,True,23,0.09783092067457053,0.10083239446237517,0.0030014737878046455,42.77000045776367,equal_weight,quarterly,5
2025-05-20,PLTR,HOLD,Current holding remains close to target weight,1.122169579085094,True,True,8,0.09992038172021843,0.10886136190257041,0.008940980182351982,125.58999633789062,equal_weight,quarterly,5
2025-05-20,NRG,HOLD,Current holding remains close to target weight,0.7570422164475581,True,True,7,0.10990521813378645,0.1270894633763436,0.017184245242557156,157.8742218017578,equal_weight,quarterly,5
2025-05-20,VRSN,HOLD,Current holding remains close to target weight,0.5274780461389226,True,True,18,0.49657439605781395,0.4812830160220298,-0.015291380035784174,277.39764404296875,equal_weight,quarterly,5
2025-05-20,BA,BUY,New target holding from latest signal,0.5033299485051765,True,False,0,0.0,0.18193376423668117,0.18193376423668117,207.6699981689453,equal_weight,quarterly,5
2025-05-20,TPR,SELL,Ticker is no longer selected by the signal,0.44129532207149036,False,True,24,0.1935967608614093,0.0,-0.1935967608614093,81.11063385009766,equal_weight,quarterly,5
2025-05-21,SMCI,HOLD,Current holding remains close to target weight,1.2416577877773856,True,True,24,0.1009953173782879,0.09925283437815377,-0.0017424830001341318,41.650001525878906,equal_weight,quarterly,5
2025-05-21,PLTR,HOLD,Current holding remains close to target weight,0.8333587955833726,True,True,9,0.10964599437200971,0.10979453073760691,0.00014853636559719607,120.58000183105469,equal_weight,quarterly,5
2025-05-21,NRG,HOLD,Current holding remains close to target weight,0.7005111244713047,True,True,8,0.12424307474480138,0.12621597305804377,0.001972898313242391,153.71180725097656,equal_weight,quarterly,5
2025-05-21,VRSN,HOLD,Current holding remains close to target weight,0.5581957674264018,True,True,17,0.47686736387562756,0.4749358057751882,-0.001931558100439379,277.6346740722656,equal_weight,quarterly,5
2025-05-21,HWM,BUY,New target holding from latest signal,0.45513559587030583,True,False,0,0.0,0.18980085605100747,0.18980085605100747,162.39297485351562,equal_weight,quarterly,5
2025-05-21,BA,SELL,Ticker is no longer selected by the signal,0.44953279959318615,False,True,9,0.18478323863108742,0.0,-0.18478323863108742,203.2100067138672,equal_weight,quarterly,5
2025-05-22,PLTR,HOLD,Current holding remains close to target weight,0.9962455805771999,True,True,9,0.11103223330496095,0.10900460208205784,-0.0020276312229031146,122.29000091552734,equal_weight,quarterly,5
2025-05-22,SMCI,HOLD,Current holding remains close to target weight,0.9182914549013899,True,True,25,0.10421156930996364,0.09841301185302403,-0.005798557456939607,41.31999969482422,equal_weight,quarterly,5
2025-05-22,NRG,HOLD,Current holding remains close to target weight,0.6795946736018288,True,True,8,0.12391096180438514,0.12598466929548524,0.002073707491100099,153.53384399414062,equal_weight,quarterly,5
2025-05-22,VRSN,HOLD,Current holding remains close to target weight,0.5771685168550049,True,True,17,0.4774651857582614,0.4725879358234233,-0.004877249934838124,278.40509033203125,equal_weight,quarterly,5
2025-05-22,HWM,HOLD,Current holding remains close to target weight,0.44243252028471547,True,True,11,0.18048541171639915,0.1940097809460096,0.01352436922961045,162.6424102783203,equal_weight,quarterly,5
2025-05-23,PLTR,HOLD,Current holding remains close to target weight,0.9579231256725917,True,True,8,0.09965388876128033,0.11201061234531727,0.012356723584036944,123.30999755859375,equal_weight,quarterly,5
2025-05-23,NRG,HOLD,Current holding remains close to target weight,0.6776281191931741,True,True,8,0.12610104237479827,0.1264926842354894,0.0003916418606911276,156.03524780273438,equal_weight,quarterly,5
2025-05-23,VRSN,HOLD,Current holding remains close to target weight,0.5737609696309032,True,True,17,0.4745525405620406,0.4686115407403648,-0.005940999821675785,276.33087158203125,equal_weight,quarterly,5
2025-05-23,HWM,HOLD,Current holding remains close to target weight,0.425198575031148,True,True,12,0.19967676077062432,0.19354099362168953,-0.006135767148934795,164.71771240234375,equal_weight,quarterly,5
2025-05-23,SMCI,HOLD,Current holding remains close to target weight,0.4181110542422415,True,True,24,0.09719709256536133,0.09934416905713901,0.0021470764917776858,40.09000015258789,equal_weight,quarterly,5
2025-05-27,PLTR,HOLD,Current holding remains close to target weight,0.9863168305097183,True,True,9,0.11324909797132665,0.1119838843337926,-0.0012652136375340545,123.38999938964844,equal_weight,quarterly,5
2025-05-27,NRG,HOLD,Current holding remains close to target weight,0.6739546883003362,True,True,8,0.126564987172947,0.1208652268879992,-0.0056997602849478135,155.1355438232422,equal_weight,quarterly,5
2025-05-27,SMCI,HOLD,Current holding remains close to target weight,0.6112403458954669,True,True,25,0.10598204859466007,0.10094183294304826,-0.005040215651611807,41.56999969482422,equal_weight,quarterly,5
2025-05-27,VRSN,HOLD,Current holding remains close to target weight,0.4899677437644434,True,True,17,0.46159428699759386,0.47246359660103243,0.01086930960343857,266.2558898925781,equal_weight,quarterly,5
2025-05-27,TPR,BUY,New target holding from latest signal,0.4773903494566003,True,False,0,0.0,0.19374545923412753,0.19374545923412753,79.518310546875,equal_weight,quarterly,5
2025-05-27,HWM,SELL,Ticker is no longer selected by the signal,0.43886156484583827,False,True,11,0.18992441498661816,0.0,-0.18992441498661816,169.30735778808594,equal_weight,quarterly,5
2025-05-28,PLTR,HOLD,Current holding remains close to target weight,1.0169491672943676,True,True,9,0.1137038373814552,0.11117680576713475,-0.0025270316143204546,123.76000213623047,equal_weight,quarterly,5
2025-05-28,NRG,HOLD,Current holding remains close to target weight,0.6241622207968169,True,True,7,0.11025609871527758,0.12794321508963458,0.017687116374356993,154.29515075683594,equal_weight,quarterly,5
2025-05-28,AVGO,BUY,New target holding from latest signal,0.46881750735894,True,False,0,0.0,0.1384477197725791,0.1384477197725791,237.1302947998047,equal_weight,quarterly,5
2025-05-28,VRSN,TRIM,Current weight is above target weight,0.4595670465594428,True,True,18,0.48848010084256693,0.4331114739062807,-0.05536862693628625,265.841064453125,equal_weight,quarterly,5
2025-05-28,HWM,BUY,New target holding from latest signal,0.45803072307086956,True,False,0,0.0,0.18932078546437098,0.18932078546437098,169.93594360351562,equal_weight,quarterly,5
2025-05-28,SMCI,SELL,Ticker is no longer selected by the signal,0.41279454567663154,False,True,23,0.09851800536136604,0.0,-0.09851800536136604,41.959999084472656,equal_weight,quarterly,5
2025-05-28,TPR,SELL,Ticker is no longer selected by the signal,0.4397258613124766,False,True,23,0.18559349483623888,0.0,-0.18559349483623888,79.04649353027344,equal_weight,quarterly,5
2025-05-29,PLTR,HOLD,Current holding remains close to target weight,0.900854741185678,True,True,8,0.10012347740518177,0.11147703407197522,0.011353556666793455,122.31999969482422,equal_weight,quarterly,5
2025-05-29,NRG,HOLD,Current holding remains close to target weight,0.631355010544298,True,True,8,0.12500957178801334,0.1299395541416367,0.004929982353623352,152.72312927246094,equal_weight,quarterly,5
2025-05-29,VRSN,HOLD,Current holding remains close to target weight,0.4903614913126557,True,True,16,0.434457735344046,0.43276347980283286,-0.0016942555412131632,265.38665771484375,equal_weight,quarterly,5
2025-05-29,AVGO,HOLD,Current holding remains close to target weight,0.48177854187199176,True,True,6,0.1471193172048114,0.141167238188477,-0.005952079016334377,239.64588928222656,equal_weight,quarterly,5
2025-05-29,HWM,HOLD,Current holding remains close to target weight,0.43811290482751764,True,True,11,0.19100269892375568,0.18465269379507832,-0.006350005128677366,169.70645141601562,equal_weight,quarterly,5
2025-05-30,PLTR,HOLD,Current holding remains close to target weight,1.038360335174104,True,True,8,0.10628683960199431,0.11039944877335033,0.004112609171356016,131.77999877929688,equal_weight,quarterly,5
2025-05-30,NRG,HOLD,Current holding remains close to target weight,0.7111540472786833,True,True,8,0.1243187826790277,0.13000435341673924,0.0056855707377115455,154.13694763183594,equal_weight,quarterly,5
2025-05-30,VRSN,HOLD,Current holding remains close to target weight,0.5019133134221803,True,True,16,0.43413275335543217,0.43222963661829333,-0.0019031167371388324,269.1302795410156,equal_weight,quarterly,5
2025-05-30,AVGO,HOLD,Current holding remains close to target weight,0.47708449279504217,True,True,6,0.14502428220529376,0.14154470959509977,-0.0034795726101939928,239.7449493408203,equal_weight,quarterly,5
2025-05-30,HWM,HOLD,Current holding remains close to target weight,0.46866213809065393,True,True,11,0.18798364500055698,0.18582185159651737,-0.0021617934040396025,169.50689697265625,equal_weight,quarterly,5
2025-06-02,PLTR,HOLD,Current holding remains close to target weight,1.0085183689806958,True,True,8,0.10500232375669936,0.11060669142740312,0.005604367670703755,132.0399932861328,equal_weight,quarterly,5
2025-06-02,NRG,HOLD,Current holding remains close to target weight,0.5798277907468583,True,True,8,0.12461087178872049,0.1316333867752311,0.007022514986510603,156.69766235351562,equal_weight,quarterly,5
2025-06-02,AVGO,HOLD,Current holding remains close to target weight,0.5183379204470147,True,True,6,0.14691171903577147,0.14368693253064663,-0.003224786505124838,246.32118225097656,equal_weight,quarterly,5
2025-06-02,VRSN,HOLD,Current holding remains close to target weight,0.4922846063320865,True,True,16,0.43289578770555115,0.42541638084653666,-0.007479406859014492,272.1823425292969,equal_weight,quarterly,5
2025-06-02,HWM,HOLD,Current holding remains close to target weight,0.4754541674483874,True,True,11,0.18835722135227062,0.18865660842018253,0.0002993870679119104,172.26068115234375,equal_weight,quarterly,5
2025-06-03,PLTR,HOLD,Current holding remains close to target weight,1.0161997277213026,True,True,8,0.10506229295084969,0.11802900605023631,0.012966713099386615,133.1699981689453,equal_weight,quarterly,5
2025-06-03,NRG,HOLD,Current holding remains close to target weight,0.6420944178343766,True,True,8,0.1256130900457263,0.13772750366940822,0.01211441362368193,159.2188262939453,equal_weight,quarterly,5
2025-06-03,AVGO,HOLD,Current holding remains close to target weight,0.6178213930468959,True,True,6,0.15051848826659503,0.13652685506274678,-0.013991633203848247,254.3830108642578,equal_weight,quarterly,5
2025-06-03,DG,BUY,New target holding from latest signal,0.49730676478685676,True,False,0,0.0,0.40662115602242704,0.40662115602242704,110.32958221435547,equal_weight,quarterly,5
2025-06-03,HWM,HOLD,Current holding remains close to target weight,0.48117964611246533,True,True,11,0.1868222900026315,0.20109547919518167,0.014273189192550162,172.22076416015625,equal_weight,quarterly,5
2025-06-03,VRSN,SELL,Ticker is no longer selected by the signal,0.44294734003546354,False,True,16,0.4297793593404892,0.0,-0.4297793593404892,272.3799133300781,equal_weight,quarterly,5
2025-06-04,PLTR,HOLD,Current holding remains close to target weight,0.9381334370603402,True,True,9,0.11710445938953486,0.1101406180795266,-0.006963841310008254,130.00999450683594,equal_weight,quarterly,5
2025-06-04,AVGO,HOLD,Current holding remains close to target weight,0.6200127204922772,True,True,5,0.12939165952944476,0.14287478419031738,0.01348312466087262,258.5723571777344,equal_weight,quarterly,5
2025-06-04,NRG,HOLD,Current holding remains close to target weight,0.5577469571144607,True,True,9,0.13978932645043307,0.12903097434498179,-0.010758352105451285,155.19485473632812,equal_weight,quarterly,5
2025-06-04,HWM,HOLD,Current holding remains close to target weight,0.4714103764095712,True,True,12,0.20842724159448614,0.190283452700131,-0.01814378889435514,173.5477752685547,equal_weight,quarterly,5
2025-06-04,VRSN,BUY,New target holding from latest signal,0.4704484506627309,True,False,0,0.0,0.4276701706850432,0.4276701706850432,271.12548828125,equal_weight,quarterly,5
2025-06-04,DG,SELL,Ticker is no longer selected by the signal,0.46723359901900685,False,True,36,0.39468555644040026,0.0,-0.39468555644040026,109.54550170898438,equal_weight,quarterly,5
2025-06-05,PLTR,HOLD,Current holding remains close to target weight,0.8061455756061628,True,True,9,0.10853534922941638,0.12091188199943512,0.012376532770018739,119.91000366210938,equal_weight,quarterly,5
2025-06-05,NRG,HOLD,Current holding remains close to target weight,0.5828452735754468,True,True,8,0.1241172217463838,0.13832518947341152,0.014207967727027718,154.26548767089844,equal_weight,quarterly,5
2025-06-05,AVGO,HOLD,Current holding remains close to target weight,0.5699662457081296,True,True,5,0.12945181553789362,0.13906067835374022,0.009608862815846608,257.4333801269531,equal_weight,quarterly,5
2025-06-05,HWM,HOLD,Current holding remains close to target weight,0.48914136631249283,True,True,11,0.19317387971710845,0.2058248396094005,0.012650959892292063,174.6153564453125,equal_weight,quarterly,5
2025-06-05,DG,BUY,New target holding from latest signal,0.4844173032556198,True,False,0,0.0,0.3958774105640126,0.3958774105640126,111.57430267333984,equal_weight,quarterly,5
2025-06-05,VRSN,SELL,Ticker is no longer selected by the signal,0.4475961917226807,False,True,16,0.4416822788398208,0.0,-0.4416822788398208,274.4837951660156,equal_weight,quarterly,5
2025-06-06,PLTR,HOLD,Current holding remains close to target weight,0.7998873008532859,True,True,10,0.12794572114912775,0.11238183846973611,-0.015563882679391641,127.72000122070312,equal_weight,quarterly,5
2025-06-06,NRG,HOLD,Current holding remains close to target weight,0.586561142060013,True,True,9,0.13900410500148846,0.13031443838992227,-0.008689666611566199,154.17652893066406,equal_weight,quarterly,5
2025-06-06,VRSN,BUY,New target holding from latest signal,0.5202789517178097,True,False,0,0.0,0.41805940349327564,0.41805940349327564,281.52642822265625,equal_weight,quarterly,5
2025-06-06,AVGO,HOLD,Current holding remains close to target weight,0.47690049908630017,True,True,6,0.14699427994505512,0.14728075760156917,0.0002864776565140448,244.55825805664062,equal_weight,quarterly,5
2025-06-06,HWM,HOLD,Current holding remains close to target weight,0.474414882482759,True,True,11,0.1928121595030241,0.19196356204549683,-0.0008485974575272726,174.97454833984375,equal_weight,quarterly,5
2025-06-06,DG,SELL,Ticker is no longer selected by the signal,0.4566902083639557,False,True,35,0.38996312504360375,0.0,-0.38996312504360375,111.22147369384766,equal_weight,quarterly,5
2025-06-09,PLTR,HOLD,Current holding remains close to target weight,0.8906227694123858,True,True,8,0.10670994054385177,0.10801334085893957,0.0013034003150877993,132.05999755859375,equal_weight,quarterly,5
2025-06-09,NRG,HOLD,Current holding remains close to target weight,0.5490602550192858,True,True,8,0.12386998169165701,0.12181238668714658,-0.002057595004510429,153.2965850830078,equal_weight,quarterly,5
2025-06-09,VRSN,TRIM,Current weight is above target weight,0.5007658571275326,True,True,15,0.4188422844835872,0.28121681563596873,-0.13762546884761845,276.44940185546875,equal_weight,quarterly,5
2025-06-09,DG,BUY,New target holding from latest signal,0.4457259646594145,True,False,0,0.0,0.31525864991146707,0.31525864991146707,111.05485534667969,equal_weight,quarterly,5
2025-06-09,HWM,HOLD,Current holding remains close to target weight,0.44153571006817405,True,True,11,0.191635288556122,0.17369880690647807,-0.017936481649643926,172.4801788330078,equal_weight,quarterly,5
2025-06-09,AVGO,SELL,Ticker is no longer selected by the signal,0.44040622237411764,False,True,6,0.1466193372785959,0.0,-0.1466193372785959,241.9337158203125,equal_weight,quarterly,5
2025-06-10,PLTR,HOLD,Current holding remains close to target weight,0.8479197507044742,True,True,8,0.10910835890135549,0.11041178054261805,0.001303421641262556,132.80999755859375,equal_weight,quarterly,5
2025-06-10,NRG,HOLD,Current holding remains close to target weight,0.4802858420186047,True,True,8,0.1207648336039819,0.11646578660214664,-0.0042990470018352545,146.9986114501953,equal_weight,quarterly,5
2025-06-10,VRSN,ADD,Current weight is below target weight,0.47782283021054983,True,True,10,0.2824818996654417,0.3058943785430548,0.023412478877613108,275.076416015625,equal_weight,quarterly,5
2025-06-10,AVGO,BUY,New target holding from latest signal,0.44323148689223246,True,False,0,0.0,0.14008174597121753,0.14008174597121753,242.2803497314453,equal_weight,quarterly,5
2025-06-10,DG,HOLD,Current holding remains close to target weight,0.41753171879860584,True,True,28,0.313491351561335,0.327146308340963,0.01365495677962797,109.02604675292969,equal_weight,quarterly,5
2025-06-10,HWM,SELL,Ticker is no longer selected by the signal,0.40632971841161125,False,True,10,0.1727690209294226,0.0,-0.1727690209294226,168.23974609375,equal_weight,quarterly,5
2025-06-11,PLTR,HOLD,Current holding remains close to target weight,0.7866126006342571,True,True,8,0.11105641920711078,0.09353698058098547,-0.017519438626125303,136.38999938964844,equal_weight,quarterly,5
2025-06-11,NRG,HOLD,Current holding remains close to target weight,0.5143724696038898,True,True,8,0.12000852983448987,0.11508487539094847,-0.004923654443541398,147.38421630859375,equal_weight,quarterly,5
2025-06-11,VRSN,TRIM,Current weight is above target weight,0.46799792987609234,True,True,11,0.30945814236110386,0.2715264197053129,-0.03793172265579098,276.4000244140625,equal_weight,quarterly,5
2025-06-11,HWM,BUY,New target holding from latest signal,0.44519509266780366,True,False,0,0.0,0.14731118188638492,0.14731118188638492,170.35499572753906,equal_weight,quarterly,5
2025-06-11,PM,BUY,New target holding from latest signal,0.43262117320943383,True,False,0,0.0,0.37254054243636814,0.37254054243636814,175.63876342773438,equal_weight,quarterly,5
2025-06-11,AVGO,SELL,Ticker is no longer selected by the signal,0.41678272875321576,False,True,5,0.127472252067846,0.0,-0.127472252067846,250.4808349609375,equal_weight,quarterly,5
2025-06-11,DG,SELL,Ticker is no longer selected by the signal,0.38556866787688593,False,True,29,0.3224174199561017,0.0,-0.3224174199561017,109.23186492919922,equal_weight,quarterly,5
2025-06-12,PLTR,ADD,Current weight is below target weight,0.8657190746553005,True,True,6,0.08221214401332622,0.10943203046216306,0.02721988644883684,135.19000244140625,equal_weight,quarterly,5
2025-06-12,NRG,HOLD,Current holding remains close to target weight,0.5849146126194453,True,True,8,0.12105082625981739,0.12384937685010591,0.0027985505902885233,149.29237365722656,equal_weight,quarterly,5
2025-06-12,HWM,ADD,Current weight is below target weight,0.5099968023911383,True,True,8,0.13876006901295132,0.16525956938549352,0.0264995003725422,171.13323974609375,equal_weight,quarterly,5
2025-06-12,PM,ADD,Current weight is below target weight,0.458997991058395,True,True,21,0.37532311290803444,0.4727316550743643,0.09740854216632988,176.33798217773438,equal_weight,quarterly,5
2025-06-12,GEV,BUY,New target holding from latest signal,0.4568491701209727,True,False,0,0.0,0.12872736822787312,0.12872736822787312,486.35345458984375,equal_weight,quarterly,5
2025-06-12,VRSN,SELL,Ticker is no longer selected by the signal,0.409649881782971,False,True,10,0.2821241652714491,0.0,-0.2821241652714491,278.355712890625,equal_weight,quarterly,5
2025-06-13,PLTR,HOLD,Current holding remains close to target weight,0.9382140651640056,True,True,8,0.11130090536967777,0.11127634495067902,-2.456041899874528e-05,137.39999389648438,equal_weight,quarterly,5
2025-06-13,NRG,HOLD,Current holding remains close to target weight,0.635670881416484,True,True,8,0.12176724809268488,0.12410073358142942,0.002333485488744541,150.3206024169922,equal_weight,quarterly,5
2025-06-13,HWM,HOLD,Current holding remains close to target weight,0.5028195495661247,True,True,9,0.1556638762263146,0.16517410546328007,0.009510229236965456,170.81394958496094,equal_weight,quarterly,5
2025-06-13,GEV,HOLD,Current holding remains close to target weight,0.4636203540035906,True,True,3,0.14494584049689396,0.12876468876732766,-0.0161811517295663,477.1583251953125,equal_weight,quarterly,5
2025-06-13,PM,HOLD,Current holding remains close to target weight,0.4577628941882106,True,True,26,0.464818513582232,0.470684127237284,0.005865613655052004,176.5582733154297,equal_weight,quarterly,5
2025-06-16,PLTR,HOLD,Current holding remains close to target weight,0.9502137566680917,True,True,8,0.11393759688023603,0.10715997549515498,-0.006777621385081048,141.41000366210938,equal_weight,quarterly,5
2025-06-16,NRG,HOLD,Current holding remains close to target weight,0.6257575721767119,True,True,8,0.12263065280029134,0.12023513429118673,-0.002395518509104605,152.19911193847656,equal_weight,quarterly,5
2025-06-16,HWM,HOLD,Current holding remains close to target weight,0.48037756784195396,True,True,9,0.15519448742782102,0.1592004573764566,0.004005969948635585,171.21304321289062,equal_weight,quarterly,5
2025-06-16,PM,TRIM,Current weight is above target weight,0.4742266218345612,True,True,26,0.4597281882785868,0.33505827665543564,-0.12466991162315116,175.5621337890625,equal_weight,quarterly,5
2025-06-16,DG,BUY,New target holding from latest signal,0.4439964146626094,True,False,0,0.0,0.2783461561817661,0.2783461561817661,111.36847686767578,equal_weight,quarterly,5
2025-06-16,GEV,SELL,Ticker is no longer selected by the signal,0.42123045770492173,False,True,3,0.14701348671059758,0.0,-0.14701348671059758,486.5628967285156,equal_weight,quarterly,5
2025-06-17,PLTR,ADD,Current weight is below target weight,0.8879781790969172,True,True,7,0.09775706339924299,0.16599383085927735,0.06823676746003436,138.1999969482422,equal_weight,quarterly,5
2025-06-17,NRG,ADD,Current weight is below target weight,0.6118541074700918,True,True,8,0.1215527710990761,0.16654087473695847,0.04498810363788237,150.36016845703125,equal_weight,quarterly,5
2025-06-17,HWM,ADD,Current weight is below target weight,0.5159452382491756,True,True,9,0.1561836213736537,0.25507160090279696,0.09888797952914324,171.73187255859375,equal_weight,quarterly,5
2025-06-17,GEV,BUY,New target holding from latest signal,0.4834354853692522,True,False,0,0.0,0.19247638268282216,0.19247638268282216,487.3407897949219,equal_weight,quarterly,5
2025-06-17,JBL,BUY,New target holding from latest signal,0.47468866496019446,True,False,0,0.0,0.21991731081814514,0.21991731081814514,196.63331604003906,equal_weight,quarterly,5
2025-06-17,DG,SELL,Ticker is no longer selected by the signal,0.46576609068951735,False,True,25,0.28058081358878234,0.0,-0.28058081358878234,111.06465911865234,equal_weight,quarterly,5
2025-06-17,PM,SELL,Ticker is no longer selected by the signal,0.4735026843098351,False,True,19,0.337387638217791,0.0,-0.337387638217791,175.7249755859375,equal_weight,quarterly,5
2025-06-18,PLTR,TRIM,Current weight is above target weight,0.8398844127166472,True,True,11,0.15466963246044949,0.12489616447389079,-0.029773467986558694,139.9600067138672,equal_weight,quarterly,5
2025-06-18,NRG,TRIM,Current weight is above target weight,0.6205145909229586,True,True,11,0.166774693192453,0.1262986883368634,-0.04047600485558961,150.91383361816406,equal_weight,quarterly,5
2025-06-18,JBL,TRIM,Current weight is above target weight,0.5159831614667578,True,True,11,0.22587466292224073,0.16578638933689527,-0.060088273585345464,204.3931884765625,equal_weight,quarterly,5
2025-06-18,HWM,TRIM,Current weight is above target weight,0.5028679082601497,True,True,15,0.2559501382787301,0.19173518559951327,-0.06421495267921681,169.8461456298828,equal_weight,quarterly,5
2025-06-18,DG,BUY,New target holding from latest signal,0.4806456800435377,True,False,0,0.0,0.39128357225283733,0.39128357225283733,110.07475280761719,equal_weight,quarterly,5
2025-06-18,GEV,SELL,Ticker is no longer selected by the signal,0.4786678350154423,False,True,4,0.1964530635321588,0.0,-0.1964530635321588,488.86663818359375,equal_weight,quarterly,5
2025-06-20,PLTR,HOLD,Current holding remains close to target weight,0.8125412944126444,True,True,9,0.1239862764333697,0.12452926952313825,0.0005429930897685592,137.3000030517578,equal_weight,quarterly,5
2025-06-20,NRG,HOLD,Current holding remains close to target weight,0.6265708622201893,True,True,8,0.12056636387835803,0.12619180209164396,0.005625438213285927,150.20196533203125,equal_weight,quarterly,5
2025-06-20,HWM,HOLD,Current holding remains close to target weight,0.5323506205980584,True,True,11,0.19088490343610653,0.19265583280280663,0.0017709293667000914,172.94911193847656,equal_weight,quarterly,5
2025-06-20,JBL,HOLD,Current holding remains close to target weight,0.5289739523153025,True,True,8,0.16529992714725691,0.1659392029247062,0.0006392757774492941,205.93118286132812,equal_weight,quarterly,5
2025-06-20,DG,HOLD,Current holding remains close to target weight,0.5027156504443071,True,True,36,0.39477186168705886,0.3906838926577049,-0.004087969029353933,109.29067993164062,equal_weight,quarterly,5
2025-06-23,PLTR,HOLD,Current holding remains close to target weight,0.8808979609753236,True,True,9,0.1240427894909257,0.12206388485250934,-0.001978904638416365,139.9199981689453,equal_weight,quarterly,5
2025-06-23,NRG,HOLD,Current holding remains close to target weight,0.677111667686058,True,True,9,0.13327198024470654,0.13322025418800718,-5.172605669936936e-05,150.33050537109375,equal_weight,quarterly,5
2025-06-23,HWM,HOLD,Current holding remains close to target weight,0.5713206650834604,True,True,11,0.1898716795081932,0.1852783525155541,-0.004593326992639091,175.2339630126953,equal_weight,quarterly,5
2025-06-23,JBL,HOLD,Current holding remains close to target weight,0.5567950716382886,True,True,8,0.16397067258393758,0.17206646030743128,0.008095787723493703,208.07838439941406,equal_weight,quarterly,5
2025-06-23,CVS,BUY,New target holding from latest signal,0.5521480401279466,True,False,0,0.0,0.3873710481364981,0.3873710481364981,64.4526596069336,equal_weight,quarterly,5
2025-06-23,DG,SELL,Ticker is no longer selected by the signal,0.5341939250879986,False,True,35,0.3884146108975674,0.0,-0.3884146108975674,112.66221618652344,equal_weight,quarterly,5
2025-06-24,PLTR,ADD,Current weight is below target weight,1.002936532636065,True,True,9,0.12685632697860216,0.16010865252889755,0.03325232555029539,143.22999572753906,equal_weight,quarterly,5
2025-06-24,NRG,ADD,Current weight is below target weight,0.7449065652375126,True,True,9,0.13457244003420632,0.16166839628255192,0.0270959562483456,151.94204711914062,equal_weight,quarterly,5
2025-06-24,HWM,ADD,Current weight is below target weight,0.6419283987064066,True,True,10,0.17336927998268276,0.24002369840005786,0.0666544184173751,176.17184448242188,equal_weight,quarterly,5
2025-06-24,GEV,BUY,New target holding from latest signal,0.6133128056669039,True,False,0,0.0,0.1875869188875047,0.1875869188875047,509.46087646484375,equal_weight,quarterly,5
2025-06-24,GE,BUY,New target holding from latest signal,0.5606055896272513,True,False,0,0.0,0.250612333900988,0.250612333900988,247.4403076171875,equal_weight,quarterly,5
2025-06-24,CVS,SELL,Ticker is no longer selected by the signal,0.5270411165142881,False,True,62,0.3977817682432701,0.0,-0.3977817682432701,65.19548797607422,equal_weight,quarterly,5
2025-06-24,JBL,SELL,Ticker is no longer selected by the signal,0.476454103760783,False,True,8,0.1666450746518388,0.0,-0.1666450746518388,211.67367553710938,equal_weight,quarterly,5
2025-06-25,PLTR,HOLD,Current holding remains close to target weight,0.9256164352437526,True,True,11,0.15626924482468132,0.14374298153810017,-0.012526263286581157,142.89999389648438,equal_weight,quarterly,5
2025-06-25,NRG,HOLD,Current holding remains close to target weight,0.732237195144013,True,True,10,0.1506982274549681,0.14937058653313537,-0.00132764092183274,151.58615112304688,equal_weight,quarterly,5
2025-06-25,HWM,TRIM,Current weight is above target weight,0.6125154444139751,True,True,14,0.24451541210471106,0.20952985155727344,-0.03498556054743762,175.6829376220703,equal_weight,quarterly,5
2025-06-25,STX,BUY,New target holding from latest signal,0.6040233626210709,True,False,0,0.0,0.16849926424997413,0.16849926424997413,137.40545654296875,equal_weight,quarterly,5
2025-06-25,NEM,BUY,New target holding from latest signal,0.5850386230626108,True,False,0,0.0,0.32885731612151686,0.32885731612151686,57.44917297363281,equal_weight,quarterly,5
2025-06-25,GE,SELL,Ticker is no longer selected by the signal,0.5216796071389376,False,True,10,0.2471281336258553,0.0,-0.2471281336258553,248.584228515625,equal_weight,quarterly,5
2025-06-25,GEV,SELL,Ticker is no longer selected by the signal,0.5127147237851426,False,True,4,0.19935059654326595,0.0,-0.19935059654326595,501.3129577636719,equal_weight,quarterly,5
2025-06-26,NRG,TRIM,Current weight is above target weight,0.800894376911855,True,True,10,0.155599015725456,0.13523732324014626,-0.02036169248530975,159.71316528320312,equal_weight,quarterly,5
2025-06-26,PLTR,HOLD,Current holding remains close to target weight,0.7908130916805978,True,True,10,0.14053417561787918,0.12930228692952214,-0.011231888688357033,144.25,equal_weight,quarterly,5
2025-06-26,STX,HOLD,Current holding remains close to target weight,0.63320742383815,True,True,12,0.1631320987907373,0.15807363707840455,-0.005058461712332762,139.53785705566406,equal_weight,quarterly,5
2025-06-26,HWM,HOLD,Current holding remains close to target weight,0.5979397134947328,True,True,12,0.20628708278188582,0.19327942339587223,-0.013007659386013587,176.4512176513672,equal_weight,quarterly,5
2025-06-26,CVS,BUY,New target holding from latest signal,0.5716272111206124,True,False,0,0.0,0.38410732935605485,0.38410732935605485,65.73572540283203,equal_weight,quarterly,5
2025-06-26,NEM,SELL,Ticker is no longer selected by the signal,0.562700018789374,False,True,58,0.3309399553164764,0.0,-0.3309399553164764,58.567283630371094,equal_weight,quarterly,5
2025-06-27,NRG,HOLD,Current holding remains close to target weight,0.7782994670676489,True,True,9,0.14223682090624093,0.1355094804185879,-0.006727340487653027,160.8303985595703,equal_weight,quarterly,5
2025-06-27,HWM,HOLD,Current holding remains close to target weight,0.6750588768125354,True,True,11,0.19941165533151875,0.1947061789002088,-0.004705476431309946,184.48304748535156,equal_weight,quarterly,5
2025-06-27,PLTR,HOLD,Current holding remains close to target weight,0.6202751460827141,True,True,9,0.11562517355650466,0.12878013427697776,0.013154960720473105,130.74000549316406,equal_weight,quarterly,5
2025-06-27,STX,HOLD,Current holding remains close to target weight,0.619287328867224,True,True,11,0.15163350227552888,0.15788295382128664,0.0062494515457577615,140.28172302246094,equal_weight,quarterly,5
2025-06-27,CVS,HOLD,Current holding remains close to target weight,0.587573678786339,True,True,60,0.3895643084534576,0.38312125258293883,-0.0064430558705187435,66.07337951660156,equal_weight,quarterly,5
2025-06-30,NRG,HOLD,Current holding remains close to target weight,0.7405447804993597,True,True,9,0.13897521399959503,0.13496164506280464,-0.00401356893679039,158.7640380859375,equal_weight,quarterly,5
2025-06-30,HWM,HOLD,Current holding remains close to target weight,0.6636268859774004,True,True,11,0.19868787933543156,0.195433894755061,-0.0032539845803705447,185.71029663085938,equal_weight,quarterly,5
2025-06-30,PLTR,HOLD,Current holding remains close to target weight,0.654770719460819,True,True,9,0.11932867429370154,0.12949982087788653,0.010171146584184984,136.32000732421875,equal_weight,quarterly,5
2025-06-30,STX,HOLD,Current holding remains close to target weight,0.6531205778674627,True,True,11,0.15315135563096402,0.15859195911702584,0.005440603486061818,143.14805603027344,equal_weight,quarterly,5
2025-06-30,CVS,HOLD,Current holding remains close to target weight,0.5949569668657575,True,True,60,0.3883439497323301,0.38151268018722195,-0.006831269545108154,66.54609680175781,equal_weight,quarterly,5
2025-07-01,NRG,HOLD,Current holding remains close to target weight,0.6939275770779343,True,True,9,0.13717147304196006,0.13441556513468741,-0.002755907907272648,154.19627380371094,equal_weight,quarterly,5
2025-07-01,STX,HOLD,Current holding remains close to target weight,0.6629440415581667,True,True,11,0.1564071885601426,0.15998853413484965,0.0035813455747070455,143.85223388671875,equal_weight,quarterly,5
2025-07-01,PLTR,HOLD,Current holding remains close to target weight,0.5909422162991882,True,True,10,0.12916847001596585,0.12857320812813558,-0.0005952618878302673,130.67999267578125,equal_weight,quarterly,5
2025-07-01,CVS,HOLD,Current holding remains close to target weight,0.5848336722960508,True,True,58,0.3848213539488455,0.38609141835188565,0.001270064403040172,67.12491607666016,equal_weight,quarterly,5
2025-07-01,HWM,HOLD,Current holding remains close to target weight,0.5681928543159525,True,True,11,0.1911678421745987,0.19093127425044165,-0.00023656792415704953,175.82261657714844,equal_weight,quarterly,5
2025-07-02,STX,HOLD,Current holding remains close to target weight,0.7621893049743769,True,True,11,0.165215882987677,0.17118667845432364,0.005970795466646639,150.6957550048828,equal_weight,quarterly,5
2025-07-02,NRG,HOLD,Current holding remains close to target weight,0.705716962497198,True,True,9,0.13794415353981324,0.15245672258578902,0.014512569045975782,153.781005859375,equal_weight,quarterly,5
2025-07-02,PLTR,HOLD,Current holding remains close to target weight,0.6707131013912551,True,True,10,0.13168206878401773,0.14057210613648674,0.008890037352469016,132.1199951171875,equal_weight,quarterly,5
2025-07-02,MOS,BUY,New target holding from latest signal,0.6081800158347914,True,False,0,0.0,0.24420936846057023,0.24420936846057023,36.52986145019531,equal_weight,quarterly,5
2025-07-02,NEM,BUY,New target holding from latest signal,0.6041071791716757,True,False,0,0.0,0.2915751243628304,0.2915751243628304,59.428131103515625,equal_weight,quarterly,5
2025-07-02,CVS,SELL,Ticker is no longer selected by the signal,0.5316191416904821,False,True,58,0.3714152073030396,0.0,-0.3714152073030396,64.25006866455078,equal_weight,quarterly,5
2025-07-02,HWM,SELL,Ticker is no longer selected by the signal,0.5840901669923066,False,True,11,0.19246846529648312,0.0,-0.19246846529648312,175.55322265625,equal_weight,quarterly,5
2025-07-03,STX,HOLD,Current holding remains close to target weight,0.7504202830046725,True,True,11,0.16176807636983276,0.17000143739875725,0.008233361028924496,148.21620178222656,equal_weight,quarterly,5
2025-07-03,PLTR,HOLD,Current holding remains close to target weight,0.7408655102239126,True,True,11,0.14664495904247704,0.14259285643330818,-0.004052102609168856,134.36000061035156,equal_weight,quarterly,5
2025-07-03,NRG,HOLD,Current holding remains close to target weight,0.7332018088167531,True,True,10,0.15537920244422648,0.15193725501869962,-0.0034419474255268645,156.5988006591797,equal_weight,quarterly,5
2025-07-03,HWM,BUY,New target holding from latest signal,0.6441385545243112,True,False,0,0.0,0.21564181104805968,0.21564181104805968,180.65171813964844,equal_weight,quarterly,5
2025-07-03,NEM,ADD,Current weight is below target weight,0.6361544519031115,True,True,50,0.29404110728975497,0.31982664010117523,0.025785532811420264,59.26981735229492,equal_weight,quarterly,5
2025-07-03,MOS,SELL,Ticker is no longer selected by the signal,0.5766256427738619,False,True,67,0.23937569171870385,0.0,-0.23937569171870385,36.008148193359375,equal_weight,quarterly,5
2025-07-07,PLTR,HOLD,Current holding remains close to target weight,0.8394816894020212,True,True,10,0.1373268666956666,0.1339079984852682,-0.0034188682103984125,139.1199951171875,equal_weight,quarterly,5
2025-07-07,NRG,HOLD,Current holding remains close to target weight,0.7736319866862436,True,True,10,0.15487317905464815,0.15240410951544756,-0.0024690695392005912,156.89541625976562,equal_weight,quarterly,5
2025-07-07,STX,ADD,Current weight is below target weight,0.7425519570141867,True,True,11,0.15980565948818373,0.19715621293834215,0.03735055345015842,147.17481994628906,equal_weight,quarterly,5
2025-07-07,HWM,HOLD,Current holding remains close to target weight,0.6504017368513877,True,True,12,0.21303062288331454,0.21717532193403158,0.004144699050717043,179.84353637695312,equal_weight,quarterly,5
2025-07-07,NEM,TRIM,Current weight is above target weight,0.6335431529470881,True,True,57,0.33493101735584996,0.2993563571269105,-0.03557466022893946,59.527076721191406,equal_weight,quarterly,5
2025-07-08,PLTR,HOLD,Current holding remains close to target weight,0.8580928604536198,True,True,10,0.14155903133304212,0.1581419120595832,0.01658288072654107,139.7100067138672,equal_weight,quarterly,5
2025-07-08,STX,ADD,Current weight is below target weight,0.6949480434986846,True,True,13,0.18873827760261472,0.23938978069416544,0.050651503091550726,143.28692626953125,equal_weight,quarterly,5
2025-07-08,NRG,HOLD,Current holding remains close to target weight,0.6445823442201224,True,True,10,0.15153870390310203,0.16838259721452317,0.016843893311421138,149.559326171875,equal_weight,quarterly,5
2025-07-08,SMCI,BUY,New target holding from latest signal,0.6342762681266358,True,False,0,0.0,0.13349286938147845,0.13349286938147845,49.11000061035156,equal_weight,quarterly,5
2025-07-08,HWM,ADD,Current weight is below target weight,0.6221078664539532,True,True,12,0.21771009337248395,0.30059284065024966,0.0828827472777657,179.05532836914062,equal_weight,quarterly,5
2025-07-08,NEM,SELL,Ticker is no longer selected by the signal,0.5174184081723836,False,True,51,0.2945675420956271,0.0,-0.2945675420956271,57.003910064697266,equal_weight,quarterly,5
2025-07-09,PLTR,TRIM,Current weight is above target weight,0.7915885089036343,True,True,11,0.1588077520688217,0.1308684956468411,-0.027939256421980585,143.1300048828125,equal_weight,quarterly,5
2025-07-09,STX,TRIM,Current weight is above target weight,0.6145061083013448,True,True,16,0.22730869692884215,0.1812779198371781,-0.04603077709166406,140.8470458984375,equal_weight,quarterly,5
2025-07-09,HWM,TRIM,Current weight is above target weight,0.6111750965871323,True,True,17,0.31038591147951844,0.23551488249271801,-0.07487102898680043,181.0109100341797,equal_weight,quarterly,5
2025-07-09,NEM,BUY,New target holding from latest signal,0.5580022312482722,True,False,0,0.0,0.3092572319429089,0.3092572319429089,58.13191223144531,equal_weight,quarterly,5
2025-07-09,NRG,TRIM,Current weight is above target weight,0.5383416455159125,True,True,11,0.16484431939409805,0.14308147008035393,-0.021762849313744115,148.5706329345703,equal_weight,quarterly,5
2025-07-09,SMCI,SELL,Ticker is no longer selected by the signal,0.5007500062948795,False,True,27,0.13622467567632396,0.0,-0.13622467567632396,50.02000045776367,equal_weight,quarterly,5
2025-07-10,PLTR,HOLD,Current holding remains close to target weight,0.8769758092313666,True,True,9,0.1285101986306333,0.1301818141146807,0.0016716154840474007,142.5,equal_weight,quarterly,5
2025-07-10,STX,HOLD,Current holding remains close to target weight,0.6435522805679044,True,True,12,0.17232890019907599,0.18385125783645484,0.011522357637378855,143.316650390625,equal_weight,quarterly,5
2025-07-10,NEM,HOLD,Current holding remains close to target weight,0.5987412236570522,True,True,53,0.31413675207032477,0.3079023842565113,-0.0062343678138134795,59.15107727050781,equal_weight,quarterly,5
2025-07-10,HWM,HOLD,Current holding remains close to target weight,0.5895974670492818,True,True,13,0.23203546347372916,0.23517176462057968,0.003136301146850512,178.12742614746094,equal_weight,quarterly,5
2025-07-10,NRG,HOLD,Current holding remains close to target weight,0.5460472064243389,True,True,10,0.14995192780201796,0.14289277917177348,-0.007059148630244483,149.6483154296875,equal_weight,quarterly,5
2025-07-11,PLTR,HOLD,Current holding remains close to target weight,1.030290190608421,True,True,9,0.1274176234601413,0.13334048011840124,0.005922856658259951,142.10000610351562,equal_weight,quarterly,5
2025-07-11,STX,TRIM,Current weight is above target weight,0.6648798954563941,True,True,13,0.18906617626241543,0.16464381216502186,-0.024422364097393567,145.97470092773438,equal_weight,quarterly,5
2025-07-11,HWM,ADD,Current weight is below target weight,0.6114422024051303,True,True,13,0.23219643983463997,0.26554841275640517,0.0333519729217652,179.2748260498047,equal_weight,quarterly,5
2025-07-11,NEM,HOLD,Current holding remains close to target weight,0.5925095855544429,True,True,51,0.3023159399921814,0.312372335156127,0.010056395163945575,59.497398376464844,equal_weight,quarterly,5
2025-07-11,NRG,TRIM,Current weight is above target weight,0.5707646000107149,True,True,10,0.14842571622969822,0.12409495980404478,-0.024330756425653438,148.97598266601562,equal_weight,quarterly,5
2025-07-14,PLTR,HOLD,Current holding remains close to target weight,1.185988371072352,True,True,9,0.13120833996345513,0.13754257827007557,0.006334238306620443,149.14999389648438,equal_weight,quarterly,5
2025-07-14,STX,HOLD,Current holding remains close to target weight,0.7036754624249737,True,True,11,0.1589778485284457,0.17069069385924004,0.011712845330794336,147.85916137695312,equal_weight,quarterly,5
2025-07-14,DG,BUY,New target holding from latest signal,0.6156825616648371,True,False,0,0.0,0.19662259428917708,0.19662259428917708,112.68502044677734,equal_weight,quarterly,5
2025-07-14,HWM,HOLD,Current holding remains close to target weight,0.6043475572528585,True,True,15,0.2696367024578857,0.27409083944987034,0.0044541369919846585,183.9043731689453,equal_weight,quarterly,5
2025-07-14,NEM,TRIM,Current weight is above target weight,0.5708537350622702,True,True,52,0.3058807766821683,0.22105329413163705,-0.08482748255053124,60.18013381958008,equal_weight,quarterly,5
2025-07-14,NRG,SELL,Ticker is no longer selected by the signal,0.5458013660754071,False,True,9,0.1313857821469114,0.0,-0.1313857821469114,149.35169982910156,equal_weight,quarterly,5
2025-07-15,PLTR,HOLD,Current holding remains close to target weight,1.2090395050852987,True,True,9,0.1324972315667479,0.1331561214030997,0.000658889836351817,148.5800018310547,equal_weight,quarterly,5
2025-07-15,STX,HOLD,Current holding remains close to target weight,0.6998826523378996,True,True,12,0.17577051102071117,0.1939036213833128,0.018133110362601623,147.82940673828125,equal_weight,quarterly,5
2025-07-15,HWM,HOLD,Current holding remains close to target weight,0.6418741891510829,True,True,15,0.2738637987044792,0.284696697816739,0.01083289911225982,184.2635498046875,equal_weight,quarterly,5
2025-07-15,SMCI,BUY,New target holding from latest signal,0.6309816152645937,True,False,0,0.0,0.11125559060920526,0.11125559060920526,53.16999816894531,equal_weight,quarterly,5
2025-07-15,DG,ADD,Current weight is below target weight,0.6049837907295796,True,True,18,0.19891967162435625,0.2769879687876431,0.07806829716328684,111.53246307373047,equal_weight,quarterly,5
2025-07-15,NEM,SELL,Ticker is no longer selected by the signal,0.4823674923703245,False,True,38,0.2136622055796007,0.0,-0.2136622055796007,56.74664306640625,equal_weight,quarterly,5
2025-07-16,PLTR,HOLD,Current holding remains close to target weight,1.322406830808616,True,True,9,0.13456126800994653,0.13537404501610573,0.0008127770061591988,150.91000366210938,equal_weight,quarterly,5
2025-07-16,SMCI,HOLD,Current holding remains close to target weight,0.7123552558347961,True,True,21,0.11072704419357535,0.10998071263555298,-0.0007463315580223673,53.220001220703125,equal_weight,quarterly,5
2025-07-16,STX,HOLD,Current holding remains close to target weight,0.6767392838205961,True,True,13,0.1879331700521589,0.19368309043533832,0.005749920383179424,145.9152069091797,equal_weight,quarterly,5
2025-07-16,HWM,HOLD,Current holding remains close to target weight,0.6083674002830615,True,True,16,0.2914905208277929,0.28415938132930246,-0.007331139498490458,183.88441467285156,equal_weight,quarterly,5
2025-07-16,DG,HOLD,Current holding remains close to target weight,0.5906429215852875,True,True,25,0.2746631191606335,0.2768027705837005,0.0021396514230669905,110.89215087890625,equal_weight,quarterly,5
2025-07-17,PLTR,ADD,Current weight is below target weight,1.3363677277671053,True,True,9,0.13727014900385381,0.16220915600632316,0.024939007002469343,153.99000549316406,equal_weight,quarterly,5
2025-07-17,SMCI,ADD,Current weight is below target weight,0.727808673881688,True,True,21,0.10971924737873788,0.1316036396852695,0.021884392306531622,52.75,equal_weight,quarterly,5
2025-07-17,STX,ADD,Current weight is below target weight,0.6300230393066346,True,True,13,0.187371098931976,0.32115468848028766,0.13378358954831165,145.51849365234375,equal_weight,quarterly,5
2025-07-17,COIN,BUY,New target holding from latest signal,0.6084505143664576,True,False,0,0.0,0.12051018602720456,0.12051018602720456,410.75,equal_weight,quarterly,5
2025-07-17,ORCL,BUY,New target holding from latest signal,0.6004992739865944,True,False,0,0.0,0.2645223298009152,0.2645223298009152,246.80242919921875,equal_weight,quarterly,5
2025-07-17,DG,SELL,Ticker is no longer selected by the signal,0.5926120988870258,False,True,25,0.26644106232805453,0.0,-0.26644106232805453,107.60193634033203,equal_weight,quarterly,5
2025-07-17,HWM,SELL,Ticker is no longer selected by the signal,0.5865134897739017,False,True,16,0.2985737350379105,0.0,-0.2985737350379105,188.40419006347656,equal_weight,quarterly,5
2025-07-18,PLTR,HOLD,Current holding remains close to target weight,1.2530085947694198,True,True,10,0.15235133830942835,0.1599416582625319,0.0075903199531035526,153.52000427246094,equal_weight,quarterly,5
2025-07-18,SMCI,HOLD,Current holding remains close to target weight,0.67053891062019,True,True,26,0.13357734790091216,0.14204770012848228,0.008470352227570116,51.77000045776367,equal_weight,quarterly,5
2025-07-18,DG,BUY,New target holding from latest signal,0.624112214306419,True,False,0,0.0,0.24062990755090016,0.24062990755090016,108.44910430908203,equal_weight,quarterly,5
2025-07-18,STX,TRIM,Current weight is above target weight,0.6015354459489011,True,True,22,0.3227922405019607,0.21687969354318457,-0.10591254695877614,147.8492431640625,equal_weight,quarterly,5
2025-07-18,DLTR,BUY,New target holding from latest signal,0.565538932040899,True,False,0,0.0,0.24050104051490112,0.24050104051490112,110.12000274658203,equal_weight,quarterly,5
2025-07-18,COIN,SELL,Ticker is no longer selected by the signal,0.5268614191334664,False,True,3,0.12497533122013159,0.0,-0.12497533122013159,419.7799987792969,equal_weight,quarterly,5
2025-07-18,ORCL,SELL,Ticker is no longer selected by the signal,0.5593148883864172,False,True,11,0.265841832632948,0.0,-0.265841832632948,243.5282440185547,equal_weight,quarterly,5
2025-07-21,PLTR,HOLD,Current holding remains close to target weight,1.1922298955696289,True,True,11,0.16677130151356537,0.15396023844001339,-0.012811063073551981,151.7899932861328,equal_weight,quarterly,5
2025-07-21,SMCI,HOLD,Current holding remains close to target weight,0.6548842741377201,True,True,27,0.13888536495496137,0.13538440306193564,-0.0035009618930257336,51.5,equal_weight,quarterly,5
2025-07-21,STX,HOLD,Current holding remains close to target weight,0.5952081991636917,True,True,15,0.22234342819534536,0.2158592954971659,-0.006484132698179462,148.4046630859375,equal_weight,quarterly,5
2025-07-21,DLTR,ADD,Current weight is below target weight,0.5800505721079734,True,True,21,0.23557174755795643,0.25955699711409796,0.023985249556141536,112.30999755859375,equal_weight,quarterly,5
2025-07-21,DG,HOLD,Current holding remains close to target weight,0.5715641191431444,True,True,22,0.23291557612159436,0.23523906588678717,0.00232348976519281,105.9962158203125,equal_weight,quarterly,5
2025-07-22,PLTR,HOLD,Current holding remains close to target weight,1.0770518921101297,True,True,10,0.14907214641199537,0.1543898629160734,0.005317716504078029,149.07000732421875,equal_weight,quarterly,5
2025-07-22,DG,HOLD,Current holding remains close to target weight,0.6233542743192844,True,True,22,0.2380279837221158,0.23052477159497684,-0.007503212127138975,108.19298553466797,equal_weight,quarterly,5
2025-07-22,SMCI,HOLD,Current holding remains close to target weight,0.6177806977306635,True,True,26,0.12963786180542067,0.13746348026299127,0.007825618457570599,49.86000061035156,equal_weight,quarterly,5
2025-07-22,DLTR,HOLD,Current holding remains close to target weight,0.5924794939510556,True,True,23,0.263974780144453,0.25973815307567,-0.004236627068783028,114.7699966430664,equal_weight,quarterly,5
2025-07-22,STX,HOLD,Current holding remains close to target weight,0.521196451688068,True,True,15,0.21808744185108056,0.21788373215028842,-0.0002037097007921429,145.38954162597656,equal_weight,quarterly,5
2025-07-23,PLTR,HOLD,Current holding remains close to target weight,1.116190030499828,True,True,10,0.1517786609952607,0.15421798364526143,0.0024393226500007414,154.6300048828125,equal_weight,quarterly,5
2025-07-23,SMCI,HOLD,Current holding remains close to target weight,0.5932203250357106,True,True,28,0.14209065896725145,0.13740451615465676,-0.00468614281259469,51.70000076293945,equal_weight,quarterly,5
2025-07-23,DLTR,HOLD,Current holding remains close to target weight,0.5580259604208619,True,True,23,0.25944206592260105,0.26457101286308726,0.005128946940486212,114.91999816894531,equal_weight,quarterly,5
2025-07-23,DG,HOLD,Current holding remains close to target weight,0.5360790791164705,True,True,21,0.22181762465938934,0.23063597634086758,0.008818351681478237,107.61177825927734,equal_weight,quarterly,5
2025-07-23,STX,HOLD,Current holding remains close to target weight,0.5291736348077531,True,True,15,0.22307285903875226,0.21317051099612694,-0.009902348042625325,151.509033203125,equal_weight,quarterly,5
2025-07-24,PLTR,HOLD,Current holding remains close to target weight,1.014569989295822,True,True,10,0.15238648296910093,0.15993843279635708,0.007551949827256155,154.86000061035156,equal_weight,quarterly,5
2025-07-24,DLTR,HOLD,Current holding remains close to target weight,0.5869111733684205,True,True,23,0.2584872660927422,0.24807766179201984,-0.010409604300722353,114.20999908447266,equal_weight,quarterly,5
2025-07-24,SMCI,HOLD,Current holding remains close to target weight,0.5510927203500238,True,True,26,0.13437090999452,0.14491313203763448,0.010542222043114474,52.52000045776367,equal_weight,quarterly,5
2025-07-24,DG,TRIM,Current weight is above target weight,0.5412651254426046,True,True,22,0.22978688924952037,0.19276102062497222,-0.03702586862454815,106.14398193359375,equal_weight,quarterly,5
2025-07-24,NEM,BUY,New target holding from latest signal,0.4914792249464235,True,False,0,0.0,0.25430975274901635,0.25430975274901635,60.862876892089844,equal_weight,quarterly,5
2025-07-24,STX,SELL,Ticker is no longer selected by the signal,0.4309337905858581,False,True,15,0.22358961726967924,0.0,-0.22358961726967924,151.47926330566406,equal_weight,quarterly,5
2025-07-25,PLTR,HOLD,Current holding remains close to target weight,1.0106355571307644,True,True,11,0.16915353450563034,0.1655566125630816,-0.0035969219425487364,158.8000030517578,equal_weight,quarterly,5
2025-07-25,SMCI,HOLD,Current holding remains close to target weight,0.630350238535613,True,True,28,0.14769075195233664,0.14874979504325095,0.0010590430909143134,54.470001220703125,equal_weight,quarterly,5
2025-07-25,DLTR,HOLD,Current holding remains close to target weight,0.6082373438810733,True,True,22,0.24373874219561845,0.24238772026264496,-0.001351021932973484,114.41000366210938,equal_weight,quarterly,5
2025-07-25,NEM,HOLD,Current holding remains close to target weight,0.5840284910160309,True,True,40,0.25199992371539987,0.25021240824765295,-0.001787515467746914,65.05827331542969,equal_weight,quarterly,5
2025-07-25,DG,HOLD,Current holding remains close to target weight,0.5253900856913332,True,True,18,0.18468826283395604,0.19309346388336965,0.008405201049413613,105.95681762695312,equal_weight,quarterly,5
2025-07-28,PLTR,TRIM,Current weight is above target weight,0.9989870621973369,True,True,11,0.16728568909016667,0.139963902786098,-0.027321786304068674,157.8800048828125,equal_weight,quarterly,5
2025-07-28,SMCI,TRIM,Current weight is above target weight,0.8049293180291397,True,True,28,0.1619608364025209,0.1289390562718672,-0.03302178013065371,60.04999923706055,equal_weight,quarterly,5
2025-07-28,DLTR,ADD,Current weight is below target weight,0.5925771931429347,True,True,22,0.24461346016631172,0.2777531164862907,0.03313965631997898,115.43000030517578,equal_weight,quarterly,5
2025-07-28,GEV,BUY,New target holding from latest signal,0.5420957763301155,True,False,0,0.0,0.18447243702538516,0.18447243702538516,646.192626953125,equal_weight,quarterly,5
2025-07-28,NEM,ADD,Current weight is below target weight,0.5303935597958056,True,True,40,0.24270143644990444,0.268871487430359,0.02617005098045455,62.990257263183594,equal_weight,quarterly,5
2025-07-28,DG,SELL,Ticker is no longer selected by the signal,0.4911646788858648,False,True,18,0.18072419959028216,0.0,-0.18072419959028216,104.23290252685547,equal_weight,quarterly,5
2025-07-29,PLTR,ADD,Current weight is below target weight,1.0710498467244172,True,True,9,0.13660894819930186,0.18578648282362745,0.049177534624325586,156.24000549316406,equal_weight,quarterly,5
2025-07-29,SMCI,HOLD,Current holding remains close to target weight,1.0168559230688277,True,True,22,0.1253103593753971,0.13986271425879726,0.014552354883400148,58.630001068115234,equal_weight,quarterly,5
2025-07-29,GEV,ADD,Current weight is below target weight,0.91947888791337,True,True,3,0.18397460711347613,0.24185535809772093,0.057880750984244805,631.2366943359375,equal_weight,quarterly,5
2025-07-29,NRG,BUY,New target holding from latest signal,0.6535740328302628,True,False,0,0.0,0.17291368331999693,0.17291368331999693,158.0620574951172,equal_weight,quarterly,5
2025-07-29,ORCL,BUY,New target holding from latest signal,0.588394389264788,True,False,0,0.0,0.2595817614998574,0.2595817614998574,248.0227813720703,equal_weight,quarterly,5
2025-07-29,DLTR,SELL,Ticker is no longer selected by the signal,0.5342228491773995,False,True,25,0.27928297827623677,0.0,-0.27928297827623677,114.98999786376953,equal_weight,quarterly,5
2025-07-29,NEM,SELL,Ticker is no longer selected by the signal,0.555719351615048,False,True,44,0.2706549302101088,0.0,-0.2706549302101088,63.31678771972656,equal_weight,quarterly,5
2025-07-30,SMCI,HOLD,Current holding remains close to target weight,1.1543647419096064,True,True,24,0.1390471843644804,0.1284817773355005,-0.0105654070289799,60.709999084472656,equal_weight,quarterly,5
2025-07-30,PLTR,HOLD,Current holding remains close to target weight,0.9769412186699635,True,True,13,0.19677261179071934,0.19462759301922258,-0.002145018771496754,158.61000061035156,equal_weight,quarterly,5
2025-07-30,GEV,HOLD,Current holding remains close to target weight,0.8466564726245818,True,True,4,0.24946345985116974,0.24985437484959808,0.0003909149984283322,653.5159912109375,equal_weight,quarterly,5
2025-07-30,NRG,HOLD,Current holding remains close to target weight,0.6653425706860363,True,True,11,0.1728991986986793,0.18466838981852624,0.011769191119846922,164.7060546875,equal_weight,quarterly,5
2025-07-30,AMD,BUY,New target holding from latest signal,0.572304435366658,True,False,0,0.0,0.2423678649771526,0.2423678649771526,179.50999450683594,equal_weight,quarterly,5
2025-07-30,ORCL,SELL,Ticker is no longer selected by the signal,0.5367965682340201,False,True,10,0.23727837293552995,0.0,-0.23727837293552995,248.63795471191406,equal_weight,quarterly,5
2025-07-31,SMCI,ADD,Current weight is below target weight,1.12122312370748,True,True,21,0.11863791717449398,0.13955831577364422,0.020920398599150236,58.970001220703125,equal_weight,quarterly,5
2025-07-31,PLTR,HOLD,Current holding remains close to target weight,0.9853310163288744,True,True,13,0.19721253644505793,0.18234623018199278,-0.014866306263065149,158.35000610351562,equal_weight,quarterly,5
2025-07-31,GEV,TRIM,Current weight is above target weight,0.8714254356991942,True,True,4,0.252454288728921,0.22335099767358646,-0.029103291055334546,658.7940673828125,equal_weight,quarterly,5
2025-07-31,NRG,TRIM,Current weight is above target weight,0.6764266711438631,True,True,12,0.19004273977437142,0.15849413797360296,-0.03154860180076846,165.30917358398438,equal_weight,quarterly,5
2025-07-31,WDC,BUY,New target holding from latest signal,0.6608416053724686,True,False,0,0.0,0.29625031839717364,0.29625031839717364,78.47732543945312,equal_weight,quarterly,5
2025-07-31,AMD,SELL,Ticker is no longer selected by the signal,0.5024286310278476,False,True,14,0.23647109213046386,0.0,-0.23647109213046386,176.30999755859375,equal_weight,quarterly,5
2025-08-01,SMCI,HOLD,Current holding remains close to target weight,0.9776536521198476,True,True,24,0.1325125312922591,0.14037995906048265,0.00786742776822355,56.63999938964844,equal_weight,quarterly,5
2025-08-01,PLTR,HOLD,Current holding remains close to target weight,0.8994090366147056,True,True,11,0.16542328660393005,0.1811633107860747,0.015740024182144652,154.27000427246094,equal_weight,quarterly,5
2025-08-01,GEV,TRIM,Current weight is above target weight,0.7164216081417905,True,True,4,0.25540661232294176,0.22764739707775206,-0.027759215245189706,655.0126342773438,equal_weight,quarterly,5
2025-08-01,NRG,HOLD,Current holding remains close to target weight,0.6140745306255477,True,True,9,0.14578801409853728,0.15840625539893757,0.01261824130040029,166.17161560058594,equal_weight,quarterly,5
2025-08-01,STX,BUY,New target holding from latest signal,0.5965259426622356,True,False,0,0.0,0.29240307767675305,0.29240307767675305,153.54222106933594,equal_weight,quarterly,5
2025-08-01,WDC,SELL,Ticker is no longer selected by the signal,0.542480218484185,False,True,40,0.2976818134023567,0.0,-0.2976818134023567,76.34310913085938,equal_weight,quarterly,5
2025-08-04,SMCI,HOLD,Current holding remains close to target weight,1.0417250563677691,True,True,27,0.15037796134949855,0.13765083767304195,-0.012727123676456592,58.22999954223633,equal_weight,quarterly,5
2025-08-04,PLTR,HOLD,Current holding remains close to target weight,0.9476301105915403,True,True,11,0.1690340120730798,0.18385093784163178,0.01481692576855198,160.66000366210938,equal_weight,quarterly,5
2025-08-04,GEV,TRIM,Current weight is above target weight,0.7795643868730497,True,True,4,0.25299470066589186,0.22804055069699553,-0.024954149968896333,661.2684326171875,equal_weight,quarterly,5
2025-08-04,NRG,HOLD,Current holding remains close to target weight,0.7163905903178089,True,True,9,0.1484040614498488,0.15387440172469857,0.005470340274849772,172.39697265625,equal_weight,quarterly,5
2025-08-04,STX,HOLD,Current holding remains close to target weight,0.6283371362765506,True,True,19,0.2790326743710268,0.2965832720636322,0.01755059769260542,153.54222106933594,equal_weight,quarterly,5
2025-08-05,SMCI,HOLD,Current holding remains close to target weight,1.1325883615648156,True,True,24,0.13163667229571774,0.1387036034786823,0.007066931182964559,57.2599983215332,equal_weight,quarterly,5
2025-08-05,PLTR,HOLD,Current holding remains close to target weight,1.0691426879941077,True,True,11,0.18257041116291772,0.18709808969434172,0.004527678531423995,173.27000427246094,equal_weight,quarterly,5
2025-08-05,GEV,TRIM,Current weight is above target weight,0.7983973259981154,True,True,4,0.24837932863334633,0.2258442751778478,-0.022535053455498527,648.2479248046875,equal_weight,quarterly,5
2025-08-05,NRG,HOLD,Current holding remains close to target weight,0.6859057809851394,True,True,9,0.14695667731914705,0.1540715593411941,0.007114882022047048,170.46392822265625,equal_weight,quarterly,5
2025-08-05,STX,HOLD,Current holding remains close to target weight,0.645218381413547,True,True,20,0.2883190168799243,0.29428247230793403,0.005963455428009745,150.4973907470703,equal_weight,quarterly,5
2025-08-06,GEV,HOLD,Current holding remains close to target weight,0.8661714520227386,True,True,3,0.19915057954550727,0.20496290618407084,0.00581232663856357,663.0443725585938,equal_weight,quarterly,5
2025-08-06,PLTR,TRIM,Current weight is above target weight,0.7291725909652629,True,True,12,0.21570498261861107,0.1594995337421014,-0.05620544887650966,179.5399932861328,equal_weight,quarterly,5
2025-08-06,SMCI,HOLD,Current holding remains close to target weight,0.6045953758699989,True,True,30,0.14053743889423667,0.13017732424776057,-0.010360114646476098,46.790000915527344,equal_weight,quarterly,5
2025-08-06,DG,BUY,New target holding from latest signal,0.5965570520255812,True,False,0,0.0,0.2470382026292181,0.2470382026292181,111.63097381591797,equal_weight,quarterly,5
2025-08-06,NEM,BUY,New target holding from latest signal,0.5834623187242567,True,False,0,0.0,0.2583220331968491,0.2583220331968491,67.20543670654297,equal_weight,quarterly,5
2025-08-06,NRG,SELL,Ticker is no longer selected by the signal,0.47110442303463973,False,True,10,0.1474431807306054,0.0,-0.1474431807306054,147.26751708984375,equal_weight,quarterly,5
2025-08-06,STX,SELL,Ticker is no longer selected by the signal,0.5793510362932595,False,True,20,0.2924764162806063,0.0,-0.2924764162806063,146.06398010253906,equal_weight,quarterly,5
2025-08-07,PLTR,ADD,Current weight is below target weight,0.7975532345215348,True,True,9,0.16385549812385897,0.18683545432316406,0.022979956199305096,182.1999969482422,equal_weight,quarterly,5
2025-08-07,GEV,HOLD,Current holding remains close to target weight,0.7574913099630858,True,True,3,0.19317224425330692,0.17800652058994113,-0.015165723663365799,644.396728515625,equal_weight,quarterly,5
2025-08-07,DG,TRIM,Current weight is above target weight,0.6062835022159352,True,True,22,0.25040411135721463,0.18223534201837027,-0.06816876933884436,113.90653228759766,equal_weight,quarterly,5
2025-08-07,DLTR,BUY,New target holding from latest signal,0.5783375773101838,True,False,0,0.0,0.22965189455460833,0.22965189455460833,117.16000366210938,equal_weight,quarterly,5
2025-08-07,STX,BUY,New target holding from latest signal,0.5729403356404132,True,False,0,0.0,0.22327078851391627,0.22327078851391627,146.88717651367188,equal_weight,quarterly,5
2025-08-07,NEM,SELL,Ticker is no longer selected by the signal,0.5526098155071921,False,True,38,0.2595075079163617,0.0,-0.2595075079163617,68.34333801269531,equal_weight,quarterly,5
2025-08-07,SMCI,SELL,Ticker is no longer selected by the signal,0.48205774875075935,False,True,28,0.13057678126231112,0.0,-0.13057678126231112,46.66999816894531,equal_weight,quarterly,5
2025-08-08,GEV,HOLD,Current holding remains close to target weight,0.7337664836401554,True,True,3,0.1924378151117451,0.17326313089952367,-0.019174684212221432,647.6195068359375,equal_weight,quarterly,5
2025-08-08,PLTR,HOLD,Current holding remains close to target weight,0.6800863476343804,True,True,10,0.18518165283538013,0.1724764041538418,-0.012705248681538328,186.9600067138672,equal_weight,quarterly,5
2025-08-08,HII,BUY,New target holding from latest signal,0.6799755369872578,True,False,0,0.0,0.24070190647253306,0.24070190647253306,260.2943115234375,equal_weight,quarterly,5
2025-08-08,DG,ADD,Current weight is below target weight,0.6205421347644784,True,True,16,0.18159411103590675,0.21366615121643842,0.03207204018053167,114.58625793457031,equal_weight,quarterly,5
2025-08-08,STX,TRIM,Current weight is above target weight,0.5795268338688526,True,True,15,0.22169785928874622,0.19989240725766308,-0.02180545203108314,149.21792602539062,equal_weight,quarterly,5
2025-08-08,DLTR,SELL,Ticker is no longer selected by the signal,0.5582395058707539,False,True,19,0.21852940308599914,0.0,-0.21852940308599914,116.12000274658203,equal_weight,quarterly,5
2025-08-11,GEV,TRIM,Current weight is above target weight,0.723786679738059,True,True,3,0.1934662607511663,0.1695422078313266,-0.023924052919839706,649.2857055664062,equal_weight,quarterly,5
2025-08-11,PLTR,HOLD,Current holding remains close to target weight,0.6479927396519496,True,True,9,0.1632982897699994,0.15671952118877483,-0.006578768581224581,182.67999267578125,equal_weight,quarterly,5
2025-08-11,HII,ADD,Current weight is below target weight,0.6046254763113952,True,True,9,0.23440096617470027,0.3009454324251051,0.0665444662504048,262.2217712402344,equal_weight,quarterly,5
2025-08-11,AMD,BUY,New target holding from latest signal,0.6017106981194067,True,False,0,0.0,0.18609723951427815,0.18609723951427815,172.27999877929688,equal_weight,quarterly,5
2025-08-11,STX,HOLD,Current holding remains close to target weight,0.5990049261491179,True,True,13,0.1942572543742285,0.18669559904051528,-0.007561655333713224,150.44776916503906,equal_weight,quarterly,5
2025-08-11,DG,SELL,Ticker is no longer selected by the signal,0.598524803679485,False,True,19,0.21294867203660714,0.0,-0.21294867203660714,112.8426284790039,equal_weight,quarterly,5
2025-08-12,GEV,HOLD,Current holding remains close to target weight,0.7096822098121409,True,True,3,0.19266291548933903,0.17310497319096993,-0.019557942298369102,655.9505615234375,equal_weight,quarterly,5
2025-08-12,HII,HOLD,Current holding remains close to target weight,0.6148583271026125,True,True,11,0.2838314364954274,0.287597009530822,0.003765573035394598,263.5494079589844,equal_weight,quarterly,5
2025-08-12,STX,HOLD,Current holding remains close to target weight,0.6124450085040758,True,True,12,0.18129988268755717,0.1967118492267951,0.015411966539237931,154.3158416748047,equal_weight,quarterly,5
2025-08-12,PLTR,HOLD,Current holding remains close to target weight,0.6028289650662684,True,True,8,0.14644268499164464,0.15305053669900037,0.0066078517073557275,186.97000122070312,equal_weight,quarterly,5
2025-08-12,AMD,HOLD,Current holding remains close to target weight,0.5835444572084414,True,True,11,0.1884136615340761,0.18953563135241258,0.0011219698183364823,174.9499969482422,equal_weight,quarterly,5
2025-08-13,GEV,HOLD,Current holding remains close to target weight,0.7030569729689333,True,True,3,0.1851368695949722,0.17528620517150553,-0.00985066442346666,632.8729248046875,equal_weight,quarterly,5
2025-08-13,AMD,HOLD,Current holding remains close to target weight,0.6599460009164888,True,True,10,0.17983041994434074,0.1913310427944888,0.011500622850148051,184.4199981689453,equal_weight,quarterly,5
2025-08-13,PLTR,HOLD,Current holding remains close to target weight,0.6370981230755035,True,True,8,0.1438253290369805,0.16171326860100793,0.017887939564027427,184.3699951171875,equal_weight,quarterly,5
2025-08-13,HII,HOLD,Current holding remains close to target weight,0.6283127368568229,True,True,11,0.28419794169796664,0.2697900559035289,-0.014407885794437747,264.9555969238281,equal_weight,quarterly,5
2025-08-13,STX,HOLD,Current holding remains close to target weight,0.6257294785482084,True,True,13,0.19729023120451902,0.20187942752946877,0.004589196324949751,155.6349334716797,equal_weight,quarterly,5
2025-08-14,GEV,TRIM,Current weight is above target weight,0.6935454421036971,True,True,3,0.18473834917715953,0.14178775110593664,-0.042950598071222895,623.8533935546875,equal_weight,quarterly,5
2025-08-14,HII,TRIM,Current weight is above target weight,0.6587230545534328,True,True,10,0.25962065765127973,0.22743066016969665,-0.03218999748158308,263.018310546875,equal_weight,quarterly,5
2025-08-14,AMD,TRIM,Current weight is above target weight,0.6196741404502408,True,True,11,0.19647374672593357,0.15737248980723745,-0.03910125691869612,180.9499969482422,equal_weight,quarterly,5
2025-08-14,DLTR,BUY,New target holding from latest signal,0.5978533686479093,True,False,0,0.0,0.17992159526640497,0.17992159526640497,114.62999725341797,equal_weight,quarterly,5
2025-08-14,APH,BUY,New target holding from latest signal,0.5950578652827223,True,False,0,0.0,0.2934875036507243,0.2934875036507243,109.99027252197266,equal_weight,quarterly,5
2025-08-14,PLTR,SELL,Ticker is no longer selected by the signal,0.5420394004058873,False,True,9,0.16081343999808814,0.0,-0.16081343999808814,181.02000427246094,equal_weight,quarterly,5
2025-08-14,STX,SELL,Ticker is no longer selected by the signal,0.5909588754524322,False,True,13,0.19819729961565472,0.0,-0.19819729961565472,154.45469665527344,equal_weight,quarterly,5
2025-08-15,GEV,ADD,Current weight is below target weight,0.6814424668839942,True,True,2,0.12408365806938555,0.14417241107721523,0.020088753007829682,620.5009155273438,equal_weight,quarterly,5
2025-08-15,HII,HOLD,Current holding remains close to target weight,0.6786333321528866,True,True,9,0.23561420886581716,0.22844947910689986,-0.007164729758917299,261.82843017578125,equal_weight,quarterly,5
2025-08-15,AMD,HOLD,Current holding remains close to target weight,0.5876039565586455,True,True,9,0.15973772173413256,0.15768841481431736,-0.002049306919815197,177.50999450683594,equal_weight,quarterly,5
2025-08-15,APH,HOLD,Current holding remains close to target weight,0.5811837573430569,True,True,27,0.2928316941229811,0.2889893736090652,-0.00384232051391592,108.47062683105469,equal_weight,quarterly,5
2025-08-15,DLTR,HOLD,Current holding remains close to target weight,0.5760310303708378,True,True,16,0.18155981706818558,0.1807003213925024,-0.0008594956756831917,113.48999786376953,equal_weight,quarterly,5
2025-08-18,GEV,TRIM,Current weight is above target weight,0.7023556175484873,True,True,3,0.18637947560791504,0.1469271791038796,-0.03945229650403545,623.6040649414062,equal_weight,quarterly,5
2025-08-18,HII,HOLD,Current holding remains close to target weight,0.6824368078658265,True,True,8,0.20973512364666694,0.1914678333065068,-0.01826729034016014,263.156005859375,equal_weight,quarterly,5
2025-08-18,APH,HOLD,Current holding remains close to target weight,0.6194078230386568,True,True,26,0.2857252602236604,0.30180574036467245,0.016080480141012043,110.30809783935547,equal_weight,quarterly,5
2025-08-18,STX,BUY,New target holding from latest signal,0.5851904123213252,True,False,0,0.0,0.16797092452748846,0.16797092452748846,157.400390625,equal_weight,quarterly,5
2025-08-18,DLTR,ADD,Current weight is below target weight,0.5659586554183202,True,True,15,0.16745948876678152,0.19182832269745279,0.02436883393067127,112.05999755859375,equal_weight,quarterly,5
2025-08-18,AMD,SELL,Ticker is no longer selected by the signal,0.5573828626527506,False,True,8,0.1403834369292456,0.0,-0.1403834369292456,176.13999938964844,equal_weight,quarterly,5
2025-08-19,GEV,ADD,Current weight is below target weight,0.6178232252059837,True,True,2,0.12130642894314358,0.14650649088622753,0.02520006194308394,601.7634887695312,equal_weight,quarterly,5
2025-08-19,APH,HOLD,Current holding remains close to target weight,0.6001748851394235,True,True,27,0.2972728220626088,0.3125578821441374,0.015285060081528579,109.23541259765625,equal_weight,quarterly,5
2025-08-19,HII,HOLD,Current holding remains close to target weight,0.5856223141749268,True,True,8,0.21044860022454742,0.2062111770993797,-0.0042374231251677275,260.9925231933594,equal_weight,quarterly,5
2025-08-19,STX,HOLD,Current holding remains close to target weight,0.5525587634993652,True,True,11,0.17366571201098427,0.16114996394687056,-0.012515748064113708,156.63665771484375,equal_weight,quarterly,5
2025-08-19,DG,BUY,New target holding from latest signal,0.5205454720498672,True,False,0,0.0,0.17357448592338492,0.17357448592338492,111.09900665283203,equal_weight,quarterly,5
2025-08-19,DLTR,SELL,Ticker is no longer selected by the signal,0.5093935644641379,False,True,17,0.19273129096359828,0.0,-0.19273129096359828,112.4800033569336,equal_weight,quarterly,5
2025-08-20,GEV,ADD,Current weight is below target weight,0.6133111427086193,True,True,2,0.12151762822737355,0.14661204381684534,0.025094415589471786,603.2202758789062,equal_weight,quarterly,5
2025-08-20,APH,HOLD,Current holding remains close to target weight,0.5631612491047047,True,True,30,0.32608748295202167,0.31142461207277905,-0.014662870879242618,107.9144287109375,equal_weight,quarterly,5
2025-08-20,STX,HOLD,Current holding remains close to target weight,0.5586913061391605,True,True,10,0.15824039682338997,0.16133957459322898,0.0030991777698390066,157.1028289794922,equal_weight,quarterly,5
2025-08-20,HII,HOLD,Current holding remains close to target weight,0.5584365119057493,True,True,8,0.21164507047788927,0.20661913164190246,-0.005025938835986815,262.65447998046875,equal_weight,quarterly,5
2025-08-20,DG,HOLD,Current holding remains close to target weight,0.536169836313444,True,True,16,0.18233181477086513,0.17400463787524423,-0.008327176895620902,113.1381607055664,equal_weight,quarterly,5
2025-08-21,GEV,ADD,Current weight is below target weight,0.686849341800436,True,True,2,0.12269208984735434,0.14390554017010326,0.02121345032274892,604.6270751953125,equal_weight,quarterly,5
2025-08-21,APH,HOLD,Current holding remains close to target weight,0.5753923887443659,True,True,30,0.3289567334313467,0.31367201942812506,-0.015284714003221622,108.07333374023438,equal_weight,quarterly,5
2025-08-21,STX,HOLD,Current holding remains close to target weight,0.5266341911024652,True,True,10,0.15557410522219647,0.16039090847632495,0.004816803254128477,153.33395385742188,equal_weight,quarterly,5
2025-08-21,HII,HOLD,Current holding remains close to target weight,0.5188658411874492,True,True,8,0.2127065167549993,0.21026188743210936,-0.0024446293228899407,262.05462646484375,equal_weight,quarterly,5
2025-08-21,DG,HOLD,Current holding remains close to target weight,0.49472199270387196,True,True,16,0.17989164867110977,0.17176964449333723,-0.008122004177772535,110.81333923339844,equal_weight,quarterly,5
2025-08-22,GEV,ADD,Current weight is below target weight,0.8537186123626259,True,True,2,0.12175337636883984,0.1425429821555202,0.02078960578668035,605.694580078125,equal_weight,quarterly,5
2025-08-22,APH,HOLD,Current holding remains close to target weight,0.6252941473958002,True,True,29,0.3165946575688306,0.30525517716249595,-0.011339480406334645,108.61961364746094,equal_weight,quarterly,5
2025-08-22,HII,TRIM,Current weight is above target weight,0.6074916470768117,True,True,8,0.2134745476881592,0.1924616538380883,-0.021012893850070907,265.4964904785156,equal_weight,quarterly,5
2025-08-22,STX,HOLD,Current holding remains close to target weight,0.6000612902083635,True,True,11,0.1745778945723648,0.17017970887058131,-0.004398185701783491,157.90621948242188,equal_weight,quarterly,5
2025-08-22,NEM,BUY,New target holding from latest signal,0.5778388586941574,True,False,0,0.0,0.1895604779733141,0.1895604779733141,70.02545928955078,equal_weight,quarterly,5
2025-08-22,DG,SELL,Ticker is no longer selected by the signal,0.4826202942233213,False,True,15,0.1669294819242943,0.0,-0.1669294819242943,110.72468566894531,equal_weight,quarterly,5
2025-08-25,GEV,ADD,Current weight is below target weight,0.9088713985665078,True,True,2,0.12009095147678837,0.1498510575465435,0.029760106069755113,600.9453735351562,equal_weight,quarterly,5
2025-08-25,PLTR,BUY,New target holding from latest signal,0.7332377331275157,True,False,0,0.0,0.11582991921549057,0.11582991921549057,157.1699981689453,equal_weight,quarterly,5
2025-08-25,STX,ADD,Current weight is below target weight,0.6608814871372635,True,True,11,0.17877659012197272,0.2256019451505307,0.046825355028557974,162.65696716308594,equal_weight,quarterly,5
2025-08-25,APH,HOLD,Current holding remains close to target weight,0.6417252852415654,True,True,29,0.31580459464420246,0.30423238946508674,-0.011572205179115724,108.98711395263672,equal_weight,quarterly,5
2025-08-25,NEM,HOLD,Current holding remains close to target weight,0.631629120234783,True,True,28,0.19682470815360498,0.20448468862234848,0.007659980468743499,70.35197448730469,equal_weight,quarterly,5
2025-08-25,HII,SELL,Ticker is no longer selected by the signal,0.6260295683627428,False,True,7,0.18620478434620857,0.0,-0.18620478434620857,266.22418212890625,equal_weight,quarterly,5
2025-08-26,GEV,TRIM,Current weight is above target weight,0.9725515160325011,True,True,3,0.18425058849305298,0.14589912338932542,-0.038351465103727556,624.491943359375,equal_weight,quarterly,5
2025-08-26,PLTR,HOLD,Current holding remains close to target weight,0.8313980171216684,True,True,7,0.11074748633926189,0.1132508271868172,0.0025033408475553104,160.8699951171875,equal_weight,quarterly,5
2025-08-26,NEM,HOLD,Current holding remains close to target weight,0.7051272079382538,True,True,29,0.20440145130999843,0.1966369173125552,-0.007764533997443229,71.66798400878906,equal_weight,quarterly,5
2025-08-26,APH,ADD,Current weight is below target weight,0.6978885349929194,True,True,27,0.2898491339562422,0.3147462045489068,0.024897070592664605,109.15596008300781,equal_weight,quarterly,5
2025-08-26,STX,HOLD,Current holding remains close to target weight,0.6794810670568807,True,True,13,0.20953097070911172,0.22946692756239545,0.019935956853283726,163.8868408203125,equal_weight,quarterly,5
2025-08-27,GEV,ADD,Current weight is below target weight,0.8587746463871575,True,True,2,0.12218315195019203,0.14576505206067064,0.023581900110478615,620.9799194335938,equal_weight,quarterly,5
2025-08-27,PLTR,HOLD,Current holding remains close to target weight,0.7547867596556992,True,True,7,0.10792603904305322,0.11260372225045322,0.004677683207400002,156.72000122070312,equal_weight,quarterly,5
2025-08-27,STX,HOLD,Current holding remains close to target weight,0.6904848232118848,True,True,15,0.24477331046639994,0.23021875600697825,-0.014554554459421692,165.87045288085938,equal_weight,quarterly,5
2025-08-27,NEM,HOLD,Current holding remains close to target weight,0.6787672526197661,True,True,28,0.1973091003232046,0.19649077914647067,-0.000818321176733916,71.62841033935547,equal_weight,quarterly,5
2025-08-27,APH,HOLD,Current holding remains close to target weight,0.6701001577931971,True,True,30,0.3228348520539748,0.3149216905354273,-0.007913161518547485,109.3843994140625,equal_weight,quarterly,5
2025-08-28,GEV,ADD,Current weight is below target weight,0.9444930412867509,True,True,2,0.12230953070683198,0.1481768817220428,0.025867351015210815,632.2543334960938,equal_weight,quarterly,5
2025-08-28,PLTR,HOLD,Current holding remains close to target weight,0.8652825454620401,True,True,8,0.12235318208867131,0.11397799119276032,-0.008375190895910989,158.1199951171875,equal_weight,quarterly,5
2025-08-28,NEM,HOLD,Current holding remains close to target weight,0.750875349702796,True,True,28,0.19554540044286836,0.19936342662771206,0.003818026184843698,72.20230865478516,equal_weight,quarterly,5
2025-08-28,STX,HOLD,Current holding remains close to target weight,0.7355174353968121,True,True,14,0.23151668353959567,0.22714882057078942,-0.004367862968806258,170.96836853027344,equal_weight,quarterly,5
2025-08-28,APH,HOLD,Current holding remains close to target weight,0.7175166505654138,True,True,30,0.3226226019031932,0.31133287988669545,-0.01128972201649775,111.18214416503906,equal_weight,quarterly,5
2025-08-29,PLTR,ADD,Current weight is below target weight,0.8453840095721412,True,True,8,0.12327722881363572,0.14678574928445998,0.02350852047082426,156.7100067138672,equal_weight,quarterly,5
2025-08-29,GEV,ADD,Current weight is below target weight,0.8309694621797974,True,True,2,0.1202763655150472,0.17292063656219953,0.05264427104715233,611.5812377929688,equal_weight,quarterly,5
2025-08-29,NEM,ADD,Current weight is below target weight,0.7551842225628405,True,True,30,0.2171686433159868,0.25150772229788115,0.034339078981894366,73.61727142333984,equal_weight,quarterly,5
2025-08-29,STX,HOLD,Current holding remains close to target weight,0.6648715922919954,True,True,14,0.22856431816259287,0.21321144969613473,-0.015352868466458142,166.02911376953125,equal_weight,quarterly,5
2025-08-29,WDC,BUY,New target holding from latest signal,0.6449966126916375,True,False,0,0.0,0.21557444215932448,0.21557444215932448,80.12286376953125,equal_weight,quarterly,5
2025-08-29,APH,SELL,Ticker is no longer selected by the signal,0.6416698677063211,False,True,29,0.30832750395792363,0.0,-0.30832750395792363,108.12300872802734,equal_weight,quarterly,5
2025-09-02,PLTR,TRIM,Current weight is above target weight,0.8831215510188104,True,True,10,0.15370629608233136,0.11443569152156134,-0.039270604560770014,157.08999633789062,equal_weight,quarterly,5
2025-09-02,GEV,TRIM,Current weight is above target weight,0.8367442114249821,True,True,3,0.16977260641392117,0.14431146352221297,-0.0254611428917082,578.3666381835938,equal_weight,quarterly,5
2025-09-02,NEM,HOLD,Current holding remains close to target weight,0.8099063002070761,True,True,33,0.24236876467092122,0.22662077651842163,-0.015747988152499587,75.06190490722656,equal_weight,quarterly,5
2025-09-02,WDC,HOLD,Current holding remains close to target weight,0.7456417612262136,True,True,27,0.21580845690168848,0.2215116138587216,0.005703156957033106,81.6886215209961,equal_weight,quarterly,5
2025-09-02,APH,BUY,New target holding from latest signal,0.7293443398041672,True,False,0,0.0,0.29312045457908253,0.29312045457908253,108.51036071777344,equal_weight,quarterly,5
2025-09-02,STX,SELL,Ticker is no longer selected by the signal,0.727054419735925,False,True,13,0.215099650366393,0.0,-0.215099650366393,169.10374450683594,equal_weight,quarterly,5
2025-09-03,WDC,TRIM,Current weight is above target weight,0.9305453829182926,True,True,29,0.24044293690209353,0.21098159810333256,-0.029461338798760978,85.76756286621094,equal_weight,quarterly,5
2025-09-03,STX,BUY,New target holding from latest signal,0.8995308801334432,True,False,0,0.0,0.21133075667470827,0.21133075667470827,174.87608337402344,equal_weight,quarterly,5
2025-09-03,GEV,ADD,Current weight is below target weight,0.8453740653111339,True,True,2,0.11131194654696772,0.1739573347120246,0.06264538816505688,575.7326049804688,equal_weight,quarterly,5
2025-09-03,PLTR,ADD,Current weight is below target weight,0.8353079513747237,True,True,8,0.11979324909914402,0.14343812318688065,0.023644874087736634,154.89999389648438,equal_weight,quarterly,5
2025-09-03,NEM,ADD,Current weight is below target weight,0.7824769114141805,True,True,32,0.2308522987790354,0.260292187323054,0.029439888544018578,74.62653350830078,equal_weight,quarterly,5
2025-09-03,APH,SELL,Ticker is no longer selected by the signal,0.7632544303796693,False,True,28,0.29758233096688613,0.0,-0.29758233096688613,109.94061279296875,equal_weight,quarterly,5
2025-09-04,WDC,TRIM,Current weight is above target weight,1.0534874498415894,True,True,25,0.21282692344169565,0.17848077442026491,-0.03434614902143074,90.3504867553711,equal_weight,quarterly,5
2025-09-04,STX,HOLD,Current holding remains close to target weight,1.0174362025703618,True,True,12,0.2063178352871198,0.19540291927045492,-0.010914916016664888,182.47335815429688,equal_weight,quarterly,5
2025-09-04,GEV,HOLD,Current holding remains close to target weight,0.892447831505669,True,True,3,0.16888120963644854,0.1521860596638209,-0.016695149972627638,597.453369140625,equal_weight,quarterly,5
2025-09-04,APH,BUY,New target holding from latest signal,0.7499950224336234,True,False,0,0.0,0.31890290098931967,0.31890290098931967,111.98666381835938,equal_weight,quarterly,5
2025-09-04,PLTR,HOLD,Current holding remains close to target weight,0.7323865987772145,True,True,10,0.14711949825466383,0.15502734565613968,0.007907847401475848,156.13999938964844,equal_weight,quarterly,5
2025-09-04,NEM,SELL,Ticker is no longer selected by the signal,0.7213401409300422,False,True,37,0.2591626087389329,0.0,-0.2591626087389329,74.33863067626953,equal_weight,quarterly,5
2025-09-05,WDC,ADD,Current weight is below target weight,1.2272338131132616,True,True,21,0.18230781732143772,0.20663556773577635,0.024327750414338628,91.89810180664062,equal_weight,quarterly,5
2025-09-05,STX,ADD,Current weight is below target weight,1.201157192706682,True,True,11,0.19392253988676755,0.22435113564800668,0.03042859576123913,186.61912536621094,equal_weight,quarterly,5
2025-09-05,GEV,HOLD,Current holding remains close to target weight,0.98757679902359,True,True,3,0.1645880603939269,0.16513527056190216,0.000547210167975265,580.76123046875,equal_weight,quarterly,5
2025-09-05,PLTR,ADD,Current weight is below target weight,0.902933163715373,True,True,10,0.14463820187073542,0.1843555238340682,0.039717321963332775,153.11000061035156,equal_weight,quarterly,5
2025-09-05,AVGO,BUY,New target holding from latest signal,0.8762554210654718,True,False,0,0.0,0.21952250222024663,0.21952250222024663,332.4541320800781,equal_weight,quarterly,5
2025-09-05,APH,SELL,Ticker is no longer selected by the signal,0.7964716596900172,False,True,30,0.3108967238545517,0.0,-0.3108967238545517,109.70222473144531,equal_weight,quarterly,5
2025-09-08,WDC,HOLD,Current holding remains close to target weight,1.243947711298702,True,True,23,0.199377420788213,0.2065108776575482,0.007133456869335197,93.14617156982422,equal_weight,quarterly,5
2025-09-08,STX,HOLD,Current holding remains close to target weight,1.1795779417793235,True,True,13,0.22707446052730645,0.22771559377098416,0.0006411332436777051,187.69029235839844,equal_weight,quarterly,5
2025-09-08,GEV,HOLD,Current holding remains close to target weight,1.0772521358130231,True,True,3,0.16720028971155923,0.16403952273306438,-0.00316076697849485,598.8701171875,equal_weight,quarterly,5
2025-09-08,PLTR,HOLD,Current holding remains close to target weight,0.8384171401605345,True,True,12,0.17432805875877322,0.18282351371410366,0.00849545495533044,156.10000610351562,equal_weight,quarterly,5
2025-09-08,AVGO,HOLD,Current holding remains close to target weight,0.7824781747436174,True,True,7,0.22353587984908213,0.21891049212429944,-0.004625387724782687,343.1358337402344,equal_weight,quarterly,5
2025-09-09,WDC,TRIM,Current weight is above target weight,1.3390824269287358,True,True,24,0.20870622686316334,0.18688383997472696,-0.02182238688843638,94.39424133300781,equal_weight,quarterly,5
2025-09-09,STX,TRIM,Current weight is above target weight,1.2472475849458884,True,True,14,0.24508027582039457,0.206227078977553,-0.03885319684284158,190.02102661132812,equal_weight,quarterly,5
2025-09-09,GEV,HOLD,Current holding remains close to target weight,1.2449403117425035,True,True,3,0.16702154877620984,0.15386934968320112,-0.013152199093008715,604.3278198242188,equal_weight,quarterly,5
2025-09-09,PLTR,TRIM,Current weight is above target weight,1.1256874371396504,True,True,13,0.19444691679578543,0.16791460897091234,-0.02653230782487309,162.36000061035156,equal_weight,quarterly,5
2025-09-09,APH,BUY,New target holding from latest signal,0.8983624471323159,True,False,0,0.0,0.28510512239360664,0.28510512239360664,115.99931335449219,equal_weight,quarterly,5
2025-09-09,AVGO,SELL,Ticker is no longer selected by the signal,0.8350967120767587,False,True,6,0.18474124173745904,0.0,-0.18474124173745904,334.2211608886719,equal_weight,quarterly,5
2025-09-10,ORCL,BUY,New target holding from latest signal,1.2902593493245176,True,False,0,0.0,0.11091957377649249,0.11091957377649249,325.75933837890625,equal_weight,quarterly,5
2025-09-10,WDC,ADD,Current weight is below target weight,1.280092558637584,True,True,22,0.18685772315313076,0.24664878563263604,0.059791062479505275,94.87350463867188,equal_weight,quarterly,5
2025-09-10,GEV,HOLD,Current holding remains close to target weight,1.2670944757205649,True,True,3,0.1724521675008399,0.1768669681843434,0.0044148006835035,642.1019287109375,equal_weight,quarterly,5
2025-09-10,STX,ADD,Current weight is below target weight,1.249675860255631,True,True,11,0.1885437952209318,0.2616988374458914,0.07315504222495961,191.4591522216797,equal_weight,quarterly,5
2025-09-10,PLTR,ADD,Current weight is below target weight,1.136322856804921,True,True,11,0.16420104803577176,0.20386583496063668,0.039664786924864914,166.74000549316406,equal_weight,quarterly,5
2025-09-10,APH,SELL,Ticker is no longer selected by the signal,0.9404581158737617,False,True,27,0.28591188044300986,0.0,-0.28591188044300986,118.28372955322266,equal_weight,quarterly,5
2025-09-11,STX,HOLD,Current holding remains close to target weight,1.2999582529075537,True,True,15,0.2642090985735541,0.26399800032223675,-0.00021109825131737647,195.1982879638672,equal_weight,quarterly,5
2025-09-11,WDC,HOLD,Current holding remains close to target weight,1.2449090713330797,True,True,28,0.2425591953290904,0.2470689807924582,0.004509785463367805,96.00176239013672,equal_weight,quarterly,5
2025-09-11,GEV,HOLD,Current holding remains close to target weight,1.1257190395690149,True,True,3,0.1712808212755929,0.17627527384032107,0.0049944525647281635,632.7133178710938,equal_weight,quarterly,5
2025-09-11,ORCL,HOLD,Current holding remains close to target weight,1.051974192495544,True,True,4,0.11025037621252913,0.10943036199272031,-0.0008200142198088178,305.4496154785156,equal_weight,quarterly,5
2025-09-11,PLTR,HOLD,Current holding remains close to target weight,0.9648535279405022,True,True,14,0.20763696675860008,0.20322738305226376,-0.0044095837063363175,164.36000061035156,equal_weight,quarterly,5
2025-09-12,WDC,HOLD,Current holding remains close to target weight,1.3306179655931447,True,True,28,0.24545982650071158,0.24731089596339262,0.0018510694626810431,97.50943756103516,equal_weight,quarterly,5
2025-09-12,STX,HOLD,Current holding remains close to target weight,1.320068790443206,True,True,15,0.2621378928081587,0.26239966446132695,0.00026177165316826345,194.38502502441406,equal_weight,quarterly,5
2025-09-12,PLTR,HOLD,Current holding remains close to target weight,1.1531020693558127,True,True,14,0.21576976194163996,0.20348506382581302,-0.012284698115826942,171.42999267578125,equal_weight,quarterly,5
2025-09-12,GEV,HOLD,Current holding remains close to target weight,1.0859959601102709,True,True,3,0.16833480694449218,0.17600944044867262,0.007674633504180434,624.1326904296875,equal_weight,quarterly,5
2025-09-12,ORCL,HOLD,Current holding remains close to target weight,0.9900626692482413,True,True,4,0.10424915748111904,0.11079493530079482,0.006545777819675774,289.89239501953125,equal_weight,quarterly,5
2025-09-15,STX,TRIM,Current weight is above target weight,1.4343480726292337,True,True,15,0.272497917087762,0.24762465306492906,-0.024873264022832936,209.39109802246094,equal_weight,quarterly,5
2025-09-15,WDC,HOLD,Current holding remains close to target weight,1.3063146252450073,True,True,28,0.24834715836618093,0.24633678802472103,-0.0020103703414598995,102.23213958740234,equal_weight,quarterly,5
2025-09-15,ORCL,HOLD,Current holding remains close to target weight,1.035705111712402,True,True,4,0.10403232676803296,0.1134541046342044,0.009421777866171432,299.7744445800781,equal_weight,quarterly,5
2025-09-15,GEV,HOLD,Current holding remains close to target weight,1.0069292760007005,True,True,3,0.1632599158982279,0.1816411447898954,0.018381228891667517,627.2556762695312,equal_weight,quarterly,5
2025-09-15,PLTR,HOLD,Current holding remains close to target weight,0.9852737819442199,True,True,14,0.20795573105897897,0.21094330948624998,0.002987578427271015,171.2100067138672,equal_weight,quarterly,5
2025-09-16,STX,TRIM,Current weight is above target weight,1.3642614922253569,True,True,14,0.25453772018629534,0.20825938497239793,-0.046278335213897404,209.40101623535156,equal_weight,quarterly,5
2025-09-16,WDC,TRIM,Current weight is above target weight,1.3106661445220933,True,True,28,0.25023601146859165,0.20785771599926328,-0.042378295469328364,102.93106079101562,equal_weight,quarterly,5
2025-09-16,ORCL,HOLD,Current holding remains close to target weight,1.0025031201125056,True,True,4,0.10566584836064309,0.09848728409100657,-0.00717856426963652,304.2491149902344,equal_weight,quarterly,5
2025-09-16,PLTR,TRIM,Current weight is above target weight,0.9491699768864716,True,True,15,0.2217426346748047,0.18403080765664934,-0.03771182701815537,170.25999450683594,equal_weight,quarterly,5
2025-09-16,APH,BUY,New target holding from latest signal,0.8748091352211191,True,False,0,0.0,0.30136480728068293,0.30136480728068293,118.39791870117188,equal_weight,quarterly,5
2025-09-16,GEV,SELL,Ticker is no longer selected by the signal,0.8636290129375068,False,True,3,0.16058564346227616,0.0,-0.16058564346227616,616.510009765625,equal_weight,quarterly,5
2025-09-17,STX,ADD,Current weight is below target weight,1.4396383990404877,True,True,11,0.20405446265853905,0.2519009593612427,0.047846496702703634,211.61277770996094,equal_weight,quarterly,5
2025-09-17,WDC,ADD,Current weight is below target weight,1.2833967892978784,True,True,24,0.2120391325094658,0.24228819815077152,0.030249065641305722,100.78438568115234,equal_weight,quarterly,5
2025-09-17,ORCL,HOLD,Current holding remains close to target weight,1.0283409168882742,True,True,4,0.1048613696699014,0.11185675179457404,0.006995382124672642,299.0501403808594,equal_weight,quarterly,5
2025-09-17,PLTR,ADD,Current weight is below target weight,1.006556240979371,True,True,12,0.1770737963145043,0.2129797443280076,0.0359059480135033,168.3300018310547,equal_weight,quarterly,5
2025-09-17,GEV,BUY,New target holding from latest signal,0.9299738903594819,True,False,0,0.0,0.18097434636540427,0.18097434636540427,613.3971557617188,equal_weight,quarterly,5
2025-09-17,APH,SELL,Ticker is no longer selected by the signal,0.8603598630929425,False,True,29,0.2993981082524434,0.0,-0.2993981082524434,117.77131652832031,equal_weight,quarterly,5
2025-09-18,STX,HOLD,Current holding remains close to target weight,1.4490089448319274,True,True,14,0.2585228925325805,0.2543378639357129,-0.00418502859686759,214.86587524414062,equal_weight,quarterly,5
2025-09-18,WDC,HOLD,Current holding remains close to target weight,1.348965367498351,True,True,28,0.25263920160919856,0.23856454837566768,-0.014074653233530882,104.98788452148438,equal_weight,quarterly,5
2025-09-18,PLTR,HOLD,Current holding remains close to target weight,1.0554007474680112,True,True,15,0.22813632269310008,0.2094538711464892,-0.018682451546610884,176.97000122070312,equal_weight,quarterly,5
2025-09-18,ORCL,HOLD,Current holding remains close to target weight,0.9568252478918087,True,True,4,0.10116964980352414,0.11374228971413222,0.012572639910608086,294.297607421875,equal_weight,quarterly,5
2025-09-18,GEV,ADD,Current weight is below target weight,0.82171548616251,True,True,3,0.1571740997770415,0.18390142682799793,0.02672732705095643,609.6157836914062,equal_weight,quarterly,5
2025-09-19,STX,TRIM,Current weight is above target weight,1.5164601203717831,True,True,13,0.23947074438574179,0.2173777819754178,-0.02209296241032399,219.41830444335938,equal_weight,quarterly,5
2025-09-19,WDC,TRIM,Current weight is above target weight,1.4028989432754768,True,True,26,0.23239078729612134,0.2015644650330933,-0.030826322263028033,106.4655990600586,equal_weight,quarterly,5
2025-09-19,PLTR,TRIM,Current weight is above target weight,1.0870809092974199,True,True,14,0.21437064502968559,0.18251663785684366,-0.031854007172841925,182.38999938964844,equal_weight,quarterly,5
2025-09-19,ORCL,HOLD,Current holding remains close to target weight,1.0326548048673208,True,True,4,0.10284019971041296,0.10333755135554167,0.0004973516451287074,306.24334716796875,equal_weight,quarterly,5
2025-09-19,APH,BUY,New target holding from latest signal,0.873589990105275,True,False,0,0.0,0.2952035637791036,0.2952035637791036,123.27149200439453,equal_weight,quarterly,5
2025-09-19,GEV,SELL,Ticker is no longer selected by the signal,0.8552913098142996,False,True,4,0.20912892906272795,0.0,-0.20912892906272795,622.7559204101562,equal_weight,quarterly,5
2025-09-22,HOOD,BUY,New target holding from latest signal,1.815374158504969,True,False,0,0.0,0.1744678324942649,0.1744678324942649,124.88999938964844,equal_weight,quarterly,5
2025-09-22,STX,ADD,Current weight is below target weight,1.6118475076191259,True,True,12,0.22419091311120706,0.2663196420700266,0.042128728958819556,227.4519805908203,equal_weight,quarterly,5
2025-09-22,WDC,ADD,Current weight is below target weight,1.5824681125662092,True,True,22,0.2028171213408132,0.2553083348540654,0.0524912135132522,112.23670196533203,equal_weight,quarterly,5
2025-09-22,ORCL,ADD,Current weight is below target weight,1.1679604636820025,True,True,4,0.10697093393313951,0.1412821664714603,0.03431123253832079,325.5807800292969,equal_weight,quarterly,5
2025-09-22,APP,BUY,New target holding from latest signal,1.0491672849773108,True,False,0,0.0,0.16262202411018287,0.16262202411018287,643.5,equal_weight,quarterly,5
2025-09-22,APH,SELL,Ticker is no longer selected by the signal,0.8630728569406614,False,True,28,0.2829376866494388,0.0,-0.2829376866494388,123.02283477783203,equal_weight,quarterly,5
2025-09-22,PLTR,SELL,Ticker is no longer selected by the signal,0.9715259854445981,False,True,12,0.17675887787086245,0.0,-0.17675887787086245,179.3300018310547,equal_weight,quarterly,5
2025-09-23,HOOD,HOLD,Current holding remains close to target weight,1.6095946103282062,True,True,18,0.18751825296771543,0.18053305280689008,-0.00698520016082535,126.19999694824219,equal_weight,quarterly,5
2025-09-23,STX,HOLD,Current holding remains close to target weight,1.5829640616603422,True,True,14,0.26148751789208363,0.2651247124785791,0.0036371945864954736,226.2617950439453,equal_weight,quarterly,5
2025-09-23,WDC,HOLD,Current holding remains close to target weight,1.495689401681135,True,True,28,0.2544358178343118,0.25186956345949907,-0.0025662543748127264,110.08002471923828,equal_weight,quarterly,5
2025-09-23,ORCL,HOLD,Current holding remains close to target weight,1.0380098462224354,True,True,5,0.12851755777327217,0.13939384792536982,0.01087629015209765,311.37286376953125,equal_weight,quarterly,5
2025-09-23,APP,HOLD,Current holding remains close to target weight,0.9168138182500902,True,True,3,0.16126272787493523,0.16307882332966203,0.0018160954547268016,651.1799926757812,equal_weight,quarterly,5
2025-09-24,HOOD,HOLD,Current holding remains close to target weight,1.6334371554195557,True,True,17,0.17976307883080334,0.18892097573060004,0.009157896899796708,126.80000305175781,equal_weight,quarterly,5
2025-09-24,STX,HOLD,Current holding remains close to target weight,1.5567057821061394,True,True,14,0.25903301979978666,0.24861729768734134,-0.01041572211244532,221.86805725097656,equal_weight,quarterly,5
2025-09-24,WDC,HOLD,Current holding remains close to target weight,1.5356609284025877,True,True,27,0.24659998054150006,0.24565418383155718,-0.000945796709942881,109.52088928222656,equal_weight,quarterly,5
2025-09-24,ORCL,TRIM,Current weight is above target weight,1.015369977428655,True,True,6,0.1531329822583851,0.11990650910568679,-0.033226473152698305,306.044921875,equal_weight,quarterly,5
2025-09-24,GEV,BUY,New target holding from latest signal,0.8730621539881938,True,False,0,0.0,0.19690103364481473,0.19690103364481473,627.5450439453125,equal_weight,quarterly,5
2025-09-24,APP,SELL,Ticker is no longer selected by the signal,0.8537063359334096,False,True,3,0.1605959032942765,0.0,-0.1605959032942765,641.9199829101562,equal_weight,quarterly,5
2025-09-25,HOOD,HOLD,Current holding remains close to target weight,1.742007663337143,True,True,17,0.17946979878537023,0.1809351147654643,0.001465315980094084,122.6500015258789,equal_weight,quarterly,5
2025-09-25,WDC,HOLD,Current holding remains close to target weight,1.5231063099489024,True,True,26,0.23955952725942964,0.25086817222625263,0.01130864496682299,107.04470825195312,equal_weight,quarterly,5
2025-09-25,STX,HOLD,Current holding remains close to target weight,1.5221665843305883,True,True,13,0.24399085887997432,0.2615825800705586,0.017591721190584303,218.0496063232422,equal_weight,quarterly,5
2025-09-25,ORCL,HOLD,Current holding remains close to target weight,0.9823937139782233,True,True,5,0.1243988567162961,0.138653054027604,0.014254197311307906,289.04901123046875,equal_weight,quarterly,5
2025-09-25,APP,BUY,New target holding from latest signal,0.9532079319995097,True,False,0,0.0,0.16796107891012024,0.16796107891012024,639.9099731445312,equal_weight,quarterly,5
2025-09-25,GEV,SELL,Ticker is no longer selected by the signal,0.9145354146016835,False,True,4,0.2086942420553368,0.0,-0.2086942420553368,606.1436767578125,equal_weight,quarterly,5
2025-09-26,HOOD,HOLD,Current holding remains close to target weight,1.768356311268532,True,True,17,0.17878854751821296,0.16563407761893767,-0.013154469899275295,121.77999877929688,equal_weight,quarterly,5
2025-09-26,APP,TRIM,Current weight is above target weight,1.5596482770571494,True,True,3,0.17354819446165978,0.15201304969514276,-0.021535144766517023,669.8599853515625,equal_weight,quarterly,5
2025-09-26,WDC,TRIM,Current weight is above target weight,1.5579525592780428,True,True,28,0.25804722613817505,0.23313205472253576,-0.024915171415639287,106.71521759033203,equal_weight,quarterly,5
2025-09-26,STX,HOLD,Current holding remains close to target weight,1.499028661318449,True,True,14,0.2608260248643291,0.24597259197527066,-0.014853432889058438,215.72877502441406,equal_weight,quarterly,5
2025-09-26,GEV,BUY,New target holding from latest signal,0.9996533377210199,True,False,0,0.0,0.20324822598811323,0.20324822598811323,603.7988891601562,equal_weight,quarterly,5
2025-09-26,ORCL,SELL,Ticker is no longer selected by the signal,0.9555681224986949,False,True,5,0.12144031291269657,0.0,-0.12144031291269657,281.2406311035156,equal_weight,quarterly,5
2025-09-29,HOOD,TRIM,Current weight is above target weight,2.261450553258527,True,True,17,0.1886688318454247,0.14944749520749215,-0.03922133663793256,136.72000122070312,equal_weight,quarterly,5
2025-09-29,WDC,TRIM,Current weight is above target weight,1.882660550804924,True,True,25,0.23654229663485393,0.20750785065079927,-0.029034445984054663,116.56002044677734,equal_weight,quarterly,5
2025-09-29,STX,HOLD,Current holding remains close to target weight,1.7126322479392684,True,True,14,0.2582717759396892,0.2520095834887562,-0.006262192450933013,227.26351928710938,equal_weight,quarterly,5
2025-09-29,APP,ADD,Current weight is below target weight,1.615316736109337,True,True,2,0.11565081496722629,0.14202370368014794,0.02637288871292165,712.3599853515625,equal_weight,quarterly,5
2025-09-29,PLTR,BUY,New target holding from latest signal,1.0834013254440267,True,False,0,0.0,0.24901136697280452,0.24901136697280452,178.86000061035156,equal_weight,quarterly,5
2025-09-29,GEV,SELL,Ticker is no longer selected by the signal,0.9910595061438601,False,True,4,0.19516444754782616,0.0,-0.19516444754782616,601.0651245117188,equal_weight,quarterly,5
2025-09-30,HOOD,HOLD,Current holding remains close to target weight,2.440172906061565,True,True,14,0.15822774305672777,0.14647234413190818,-0.011755398924819582,143.17999267578125,equal_weight,quarterly,5
2025-09-30,WDC,HOLD,Current holding remains close to target weight,1.9785737284647018,True,True,22,0.20817242605119615,0.206359001067454,-0.0018134249837421512,119.8749008178711,equal_weight,quarterly,5
2025-09-30,STX,HOLD,Current holding remains close to target weight,1.8023726061899938,True,True,14,0.2595483831508653,0.2461575323186743,-0.01339085083219102,234.86485290527344,equal_weight,quarterly,5
2025-09-30,APP,ADD,Current weight is below target weight,1.711778596509292,True,True,2,0.11343659812337972,0.14597146626048169,0.03253486813710196,718.5399780273438,equal_weight,quarterly,5
2025-09-30,PLTR,HOLD,Current holding remains close to target weight,1.161374346812201,True,True,18,0.25918938666282204,0.2550396562214819,-0.004149730441340149,182.4199981689453,equal_weight,quarterly,5
2025-10-01,HOOD,HOLD,Current holding remains close to target weight,2.300284627448575,True,True,14,0.1481405513197598,0.15648257170350144,0.008342020383741627,139.13999938964844,equal_weight,quarterly,5
2025-10-01,WDC,HOLD,Current holding remains close to target weight,2.203365705061641,True,True,22,0.21815060183853016,0.199000729388707,-0.019149872449823163,130.38865661621094,equal_weight,quarterly,5
2025-10-01,STX,TRIM,Current weight is above target weight,2.063848319535047,True,True,14,0.2720697565467465,0.23944240239943768,-0.0326273541473088,255.53965759277344,equal_weight,quarterly,5
2025-10-01,APP,ADD,Current weight is below target weight,1.4905907196772197,True,True,2,0.10709078750554922,0.149757783704311,0.042666996198761784,704.0900268554688,equal_weight,quarterly,5
2025-10-01,PLTR,HOLD,Current holding remains close to target weight,1.1841048214655916,True,True,18,0.2531749642828236,0.2553165128040429,0.002141548521219283,184.9499969482422,equal_weight,quarterly,5
2025-10-02,HOOD,HOLD,Current holding remains close to target weight,2.413776848791944,True,True,15,0.16519282932108842,0.15877169038562655,-0.0064211389354618675,145.6999969482422,equal_weight,quarterly,5
2025-10-02,WDC,HOLD,Current holding remains close to target weight,2.1512125565044444,True,True,19,0.18821590009902986,0.19840995567100073,0.010194055571970867,131.05763244628906,equal_weight,quarterly,5
2025-10-02,STX,HOLD,Current holding remains close to target weight,2.0039753107898735,True,True,12,0.22988700538893006,0.24099779143942904,0.011110786050498977,253.45028686523438,equal_weight,quarterly,5
2025-10-02,APP,HOLD,Current holding remains close to target weight,1.3542132310440858,True,True,3,0.15502049502033047,0.14823953453157473,-0.006780960488755733,683.6400146484375,equal_weight,quarterly,5
2025-10-02,PLTR,HOLD,Current holding remains close to target weight,1.1389366447029667,True,True,18,0.2544899372066394,0.25358102797236903,-0.0009089092342703942,187.0500030517578,equal_weight,quarterly,5
2025-10-03,HOOD,HOLD,Current holding remains close to target weight,2.8857816176450792,True,True,14,0.16016214069353174,0.1795928813507874,0.01943074065725567,148.6699981689453,equal_weight,quarterly,5
2025-10-03,WDC,HOLD,Current holding remains close to target weight,2.8567438025302145,True,True,20,0.20177447272343274,0.19513964437316947,-0.006634828350263272,131.10755920410156,equal_weight,quarterly,5
2025-10-03,STX,HOLD,Current holding remains close to target weight,2.564006727148733,True,True,12,0.23224438565038777,0.22531798595672428,-0.0069263996936634875,251.5101318359375,equal_weight,quarterly,5
2025-10-03,APP,HOLD,Current holding remains close to target weight,1.6061530694464166,True,True,3,0.15761510068916948,0.1758060168610274,0.018190916171857918,682.760009765625,equal_weight,quarterly,5
2025-10-03,MU,BUY,New target holding from latest signal,1.5305963351121972,True,False,0,0.0,0.2241434714582915,0.2241434714582915,187.67530822753906,equal_weight,quarterly,5
2025-10-03,PLTR,SELL,Ticker is no longer selected by the signal,1.0702154364009187,False,True,18,0.2397191948021039,0.0,-0.2397191948021039,173.07000732421875,equal_weight,quarterly,5
2025-10-06,HOOD,HOLD,Current holding remains close to target weight,3.1802376564249792,True,True,16,0.18554614011295925,0.18701829417121638,0.0014721540582571246,144.25999450683594,equal_weight,quarterly,5
2025-10-06,WDC,HOLD,Current holding remains close to target weight,3.1145884224661318,True,True,19,0.1910518604858808,0.19434539760634512,0.0032935371204643182,125.08684539794922,equal_weight,quarterly,5
2025-10-06,STX,HOLD,Current holding remains close to target weight,2.6698481525119924,True,True,12,0.23305866773553874,0.2257189962834621,-0.007339671452076646,241.6005859375,equal_weight,quarterly,5
2025-10-06,MU,HOLD,Current holding remains close to target weight,1.9551831012311287,True,True,16,0.24540906858693867,0.23696340009013117,-0.008445668496807501,190.802734375,equal_weight,quarterly,5
2025-10-06,APP,HOLD,Current holding remains close to target weight,1.6758445232513428,True,True,3,0.14156157509915107,0.15595391184884527,0.014392336749694201,587.0,equal_weight,quarterly,5
2025-10-07,HOOD,HOLD,Current holding remains close to target weight,3.0948884672361023,True,True,16,0.19035576924156616,0.18818401913123187,-0.0021717501103342973,145.0,equal_weight,quarterly,5
2025-10-07,WDC,HOLD,Current holding remains close to target weight,2.860505108760666,True,True,19,0.18667640035363828,0.19213550654474998,0.005459106191111701,119.74510192871094,equal_weight,quarterly,5
2025-10-07,STX,HOLD,Current holding remains close to target weight,2.3049494512623667,True,True,12,0.22042291122290394,0.21692643317360402,-0.0034964780492999226,223.87078857421875,equal_weight,quarterly,5
2025-10-07,APP,HOLD,Current holding remains close to target weight,1.7209110854556577,True,True,3,0.1555296829499042,0.16529860902440993,0.009768926074505718,631.8499755859375,equal_weight,quarterly,5
2025-10-07,MU,HOLD,Current holding remains close to target weight,1.720216447596771,True,True,16,0.24357278185336317,0.23745543212600428,-0.0061173497273588895,185.53707885742188,equal_weight,quarterly,5
2025-10-08,HOOD,HOLD,Current holding remains close to target weight,3.41527665208664,True,True,16,0.19366413299433052,0.195682168494714,0.002018035500383486,150.8699951171875,equal_weight,quarterly,5
2025-10-08,WDC,HOLD,Current holding remains close to target weight,2.852523813002861,True,True,19,0.18443392100560654,0.19366281228513169,0.009228891279525142,120.99317169189453,equal_weight,quarterly,5
2025-10-08,STX,HOLD,Current holding remains close to target weight,2.4002443860816616,True,True,12,0.2148964737109127,0.2182374456226106,0.0033409719116979097,223.21414184570312,equal_weight,quarterly,5
2025-10-08,AMD,BUY,New target holding from latest signal,2.0118910665651755,True,False,0,0.0,0.205381389270676,0.205381389270676,235.55999755859375,equal_weight,quarterly,5
2025-10-08,MU,TRIM,Current weight is above target weight,2.0034814688447278,True,True,16,0.25208060674127153,0.18703618432686772,-0.06504442241440381,196.3781280517578,equal_weight,quarterly,5
2025-10-08,APP,SELL,Ticker is no longer selected by the signal,1.6763856489038744,False,True,3,0.15155884725770413,0.0,-0.15155884725770413,629.7000122070312,equal_weight,quarterly,5
2025-10-09,HOOD,HOLD,Current holding remains close to target weight,2.6119405359084937,True,True,16,0.19859643611272762,0.19731175352662844,-0.0012846825860991784,152.4600067138672,equal_weight,quarterly,5
2025-10-09,WDC,HOLD,Current holding remains close to target weight,2.3075105418772464,True,True,19,0.18487287014708464,0.19323067587545462,0.008357805728369971,119.51544952392578,equal_weight,quarterly,5
2025-10-09,STX,HOLD,Current holding remains close to target weight,2.0095543837898693,True,True,12,0.21549543697062143,0.21831417563788116,0.0028187386672597348,220.57754516601562,equal_weight,quarterly,5
2025-10-09,MU,HOLD,Current holding remains close to target weight,1.473758726499685,True,True,12,0.18774396531537563,0.18593857634571803,-0.0018053889696575953,192.17160034179688,equal_weight,quarterly,5
2025-10-09,AMD,HOLD,Current holding remains close to target weight,1.404894756264313,True,True,11,0.20856386114864284,0.20520481861431777,-0.003359042534325063,232.88999938964844,equal_weight,quarterly,5
2025-10-10,HOOD,HOLD,Current holding remains close to target weight,2.4302644401740845,True,True,16,0.19213495133004552,0.18756346888162084,-0.004571482448424674,138.9600067138672,equal_weight,quarterly,5
2025-10-10,WDC,HOLD,Current holding remains close to target weight,2.320036415980039,True,True,19,0.1892174437967515,0.19918392202505375,0.009966478228302239,115.24205780029297,equal_weight,quarterly,5
2025-10-10,STX,HOLD,Current holding remains close to target weight,2.100054057260777,True,True,12,0.22118605219232207,0.22375229846348763,0.0025662462711655565,213.2946319580078,equal_weight,quarterly,5
2025-10-10,MU,HOLD,Current holding remains close to target weight,1.596499065632175,True,True,12,0.18816369639860456,0.18985345529198547,0.0016897588933809105,181.450439453125,equal_weight,quarterly,5
2025-10-10,AMD,HOLD,Current holding remains close to target weight,1.4227734080067873,True,True,11,0.20427990815939767,0.1996468553378523,-0.004633052821545358,214.89999389648438,equal_weight,quarterly,5
2025-10-13,WDC,HOLD,Current holding remains close to target weight,2.465700308188295,True,True,19,0.18985811102670247,0.19816873392518072,0.008310622898478254,118.67674255371094,equal_weight,quarterly,5
2025-10-13,HOOD,HOLD,Current holding remains close to target weight,2.220695780515176,True,True,16,0.1895231460835399,0.1857806022329675,-0.003742543850572405,140.67999267578125,equal_weight,quarterly,5
2025-10-13,STX,HOLD,Current holding remains close to target weight,2.155683780178088,True,True,12,0.2206688871427202,0.22552927818007623,0.004860391037356027,218.3986358642578,equal_weight,quarterly,5
2025-10-13,MU,ADD,Current weight is below target weight,1.7760209977909214,True,True,12,0.19461342813515703,0.22304753310181843,0.028434104966661405,192.61123657226562,equal_weight,quarterly,5
2025-10-13,APP,BUY,New target holding from latest signal,1.3609121526565096,True,False,0,0.0,0.16747385255995714,0.16747385255995714,590.1099853515625,equal_weight,quarterly,5
2025-10-13,AMD,SELL,Ticker is no longer selected by the signal,1.3171305635255317,False,True,11,0.20044720807062316,0.0,-0.20044720807062316,216.4199981689453,equal_weight,quarterly,5
2025-10-14,WDC,HOLD,Current holding remains close to target weight,2.167859394103306,True,True,19,0.1850948783879715,0.19540919614180885,0.010314317753837343,112.95558166503906,equal_weight,quarterly,5
2025-10-14,HOOD,HOLD,Current holding remains close to target weight,2.057317598873601,True,True,15,0.17458110691359582,0.18257795714672048,0.007996850233124658,134.9499969482422,equal_weight,quarterly,5
2025-10-14,STX,HOLD,Current holding remains close to target weight,1.9368986176586396,True,True,12,0.21791505124349012,0.2247480258884992,0.006832974645009093,210.5585479736328,equal_weight,quarterly,5
2025-10-14,MU,HOLD,Current holding remains close to target weight,1.6380362297803348,True,True,13,0.2095557280631912,0.22493398463374434,0.01537825657055314,186.9059295654297,equal_weight,quarterly,5
2025-10-14,APP,TRIM,Current weight is above target weight,1.4993858219630893,True,True,4,0.20354817429928873,0.17233083618922715,-0.031217338110061582,590.030029296875,equal_weight,quarterly,5
2025-10-15,WDC,HOLD,Current holding remains close to target weight,2.3622288102656297,True,True,19,0.1915749538030734,0.19135273859223575,-0.00022221521083765072,120.25431823730469,equal_weight,quarterly,5
2025-10-15,STX,HOLD,Current holding remains close to target weight,2.072779532613906,True,True,12,0.2196131566783812,0.22341119541388266,0.003798038735501469,218.26930236816406,equal_weight,quarterly,5
2025-10-15,HOOD,ADD,Current weight is below target weight,2.0433300436474737,True,True,15,0.1687199213789304,0.1929941931787381,0.02427427179980768,134.14999389648438,equal_weight,quarterly,5
2025-10-15,MU,HOLD,Current holding remains close to target weight,1.7060948722806897,True,True,13,0.20904292121551857,0.19242321676912338,-0.016619704446395184,191.78192138671875,equal_weight,quarterly,5
2025-10-15,AMD,BUY,New target holding from latest signal,1.503935395226092,True,False,0,0.0,0.1998186560460202,0.1998186560460202,238.60000610351562,equal_weight,quarterly,5
2025-10-15,APP,SELL,Ticker is no longer selected by the signal,1.4536602631595632,False,True,4,0.20200275554317126,0.0,-0.20200275554317126,602.2999877929688,equal_weight,quarterly,5
2025-10-16,WDC,HOLD,Current holding remains close to target weight,2.54580229787712,True,True,19,0.1955233212681654,0.19023450036476852,-0.005288820903396885,125.72586822509766,equal_weight,quarterly,5
2025-10-16,HOOD,HOLD,Current holding remains close to target weight,2.23266116415817,True,True,17,0.18289288106693635,0.19543513211954397,0.012542251052607617,131.44000244140625,equal_weight,quarterly,5
2025-10-16,STX,HOLD,Current holding remains close to target weight,2.130273391474558,True,True,12,0.22088350399477394,0.22301872161578756,0.0021352176210136242,224.88563537597656,equal_weight,quarterly,5
2025-10-16,MU,HOLD,Current holding remains close to target weight,1.9258271062604009,True,True,12,0.198761889418042,0.19054180500341114,-0.008220084414630846,202.3632049560547,equal_weight,quarterly,5
2025-10-16,AMD,HOLD,Current holding remains close to target weight,1.6566994577677288,True,True,10,0.19198808196859776,0.2007698408964889,0.008781758927891126,234.55999755859375,equal_weight,quarterly,5
2025-10-17,WDC,HOLD,Current holding remains close to target weight,2.4670596164247485,True,True,18,0.18632428160116216,0.18918002309432105,0.0028557414931588976,126.00543212890625,equal_weight,quarterly,5
2025-10-17,HOOD,HOLD,Current holding remains close to target weight,2.1546868066871143,True,True,18,0.19209797304916384,0.19780756953451994,0.0057095964853561,129.91000366210938,equal_weight,quarterly,5
2025-10-17,STX,HOLD,Current holding remains close to target weight,1.9996190529061324,True,True,12,0.22107438757165634,0.2220073193727621,0.000932931801105763,224.25880432128906,equal_weight,quarterly,5
2025-10-17,MU,HOLD,Current holding remains close to target weight,1.9461828352555668,True,True,12,0.1993419563428412,0.19100415035367976,-0.008337805989161423,202.2133331298828,equal_weight,quarterly,5
2025-10-17,AMD,HOLD,Current holding remains close to target weight,1.663771449497768,True,True,10,0.19147527197407993,0.20000093764471716,0.008525665670637228,233.0800018310547,equal_weight,quarterly,5
2025-10-20,HOOD,HOLD,Current holding remains close to target weight,2.407779378961518,True,True,18,0.20039825653764098,0.19855445461405488,-0.0018438019235861025,135.8000030517578,equal_weight,quarterly,5
2025-10-20,WDC,HOLD,Current holding remains close to target weight,2.3898270369072616,True,True,18,0.1790637013580857,0.1884713231211482,0.009407621763062507,121.3426284790039,equal_weight,quarterly,5
2025-10-20,MU,HOLD,Current holding remains close to target weight,2.1030004391043007,True,True,11,0.18631338649155546,0.19374916258223274,0.007435776090677276,206.59971618652344,equal_weight,quarterly,5
2025-10-20,STX,HOLD,Current holding remains close to target weight,1.9246295567568064,True,True,12,0.20985691071863435,0.21981677967894184,0.009959868960307483,213.3144989013672,equal_weight,quarterly,5
2025-10-20,AMD,HOLD,Current holding remains close to target weight,1.8115942545913692,True,True,11,0.216939057936932,0.19940828000362237,-0.01753077793330962,240.55999755859375,equal_weight,quarterly,5
2025-10-21,WDC,HOLD,Current holding remains close to target weight,2.320005808839047,True,True,18,0.18104653320922823,0.18944589884340804,0.008399365634179812,121.22281646728516,equal_weight,quarterly,5
2025-10-21,HOOD,HOLD,Current holding remains close to target weight,2.1323353732462387,True,True,18,0.19690331383889356,0.19632207770328267,-0.0005812361356108964,131.83999633789062,equal_weight,quarterly,5
2025-10-21,MU,HOLD,Current holding remains close to target weight,1.8857309948782164,True,True,11,0.18447715004414425,0.19086293894237397,0.006385788898229716,202.12338256835938,equal_weight,quarterly,5
2025-10-21,STX,HOLD,Current holding remains close to target weight,1.8714085625281363,True,True,13,0.23027210212717789,0.2233640272950268,-0.006908074832151084,213.48365783691406,equal_weight,quarterly,5
2025-10-21,AMD,HOLD,Current holding remains close to target weight,1.7594480974319473,True,True,10,0.19749905969603318,0.20000505721590858,0.0025059975198754025,238.02999877929688,equal_weight,quarterly,5
2025-10-22,WDC,HOLD,Current holding remains close to target weight,2.2051717316941573,True,True,18,0.1828896454229389,0.18999939843079017,0.007109753007851272,120.28427124023438,equal_weight,quarterly,5
2025-10-22,HOOD,HOLD,Current holding remains close to target weight,1.8486341615622526,True,True,18,0.19343527357363663,0.1948646483563232,0.0014293747826865655,127.22000122070312,equal_weight,quarterly,5
2025-10-22,STX,HOLD,Current holding remains close to target weight,1.7772241351479554,True,True,13,0.2349558184909942,0.22606846848023968,-0.008887350010754524,213.9612274169922,equal_weight,quarterly,5
2025-10-22,MU,HOLD,Current holding remains close to target weight,1.7256442624116346,True,True,11,0.1842627352595114,0.1903584709770516,0.006095735717540213,198.30654907226562,equal_weight,quarterly,5
2025-10-22,AMD,HOLD,Current holding remains close to target weight,1.5470737612805565,True,True,10,0.19447764057492128,0.19870901375559546,0.0042313731806741806,230.22999572753906,equal_weight,quarterly,5
2025-10-23,WDC,HOLD,Current holding remains close to target weight,2.139180180595293,True,True,19,0.19310024690475705,0.19086124487362344,-0.0022390020311336134,125.52616882324219,equal_weight,quarterly,5
2025-10-23,HOOD,ADD,Current weight is below target weight,1.7898234179464585,True,True,18,0.1957674482256413,0.2214092678820942,0.025641819656452902,134.3300018310547,equal_weight,quarterly,5
2025-10-23,STX,HOLD,Current holding remains close to target weight,1.7496356187078397,True,True,12,0.21886053044150525,0.21188397526063976,-0.006976555180865485,225.2637176513672,equal_weight,quarterly,5
2025-10-23,MU,HOLD,Current holding remains close to target weight,1.6741689174011558,True,True,12,0.20066881105437348,0.19733437904672413,-0.0033344320076493517,206.53976440429688,equal_weight,quarterly,5
2025-10-23,WBD,BUY,New target holding from latest signal,1.5,True,False,0,0.0,0.1785111329369186,0.1785111329369186,21.25,equal_weight,quarterly,5
2025-10-23,AMD,SELL,Ticker is no longer selected by the signal,1.4874563613498286,False,True,10,0.1902586214167972,0.0,-0.1902586214167972,234.99000549316406,equal_weight,quarterly,5
2025-10-24,WDC,HOLD,Current holding remains close to target weight,2.1834749783183987,True,True,18,0.18145335900141407,0.1951029210281884,0.013649562026774337,129.23043823242188,equal_weight,quarterly,5
2025-10-24,STX,HOLD,Current holding remains close to target weight,1.8549589825192379,True,True,12,0.21804346906800592,0.2234924798631032,0.00544901079509727,232.93467712402344,equal_weight,quarterly,5
2025-10-24,HOOD,TRIM,Current weight is above target weight,1.8268956750127923,True,True,20,0.21808900427531142,0.19365340284541607,-0.024435601429895343,139.7899932861328,equal_weight,quarterly,5
2025-10-24,MU,HOLD,Current holding remains close to target weight,1.7496047959571905,True,True,12,0.20484949991809948,0.18989616596611883,-0.014953333951980646,218.83963012695312,equal_weight,quarterly,5
2025-10-24,AMD,BUY,New target holding from latest signal,1.6168649164606967,True,False,0,0.0,0.19785503029717358,0.19785503029717358,252.9199981689453,equal_weight,quarterly,5
2025-10-24,WBD,SELL,Ticker is no longer selected by the signal,1.4621652203531639,False,True,107,0.17653134556392014,0.0,-0.17653134556392014,21.149999618530273,equal_weight,quarterly,5
2025-10-27,WDC,HOLD,Current holding remains close to target weight,2.105689172788821,True,True,19,0.18687562054922002,0.19486800044531366,0.007992379896093638,126.4747085571289,equal_weight,quarterly,5
2025-10-27,HOOD,HOLD,Current holding remains close to target weight,1.9809932495529248,True,True,18,0.2041757105723801,0.19402973486235955,-0.010145975710020544,145.86000061035156,equal_weight,quarterly,5
2025-10-27,STX,HOLD,Current holding remains close to target weight,1.8270802605731968,True,True,12,0.2138473715800803,0.223328330936343,0.009480959356262697,229.1539306640625,equal_weight,quarterly,5
2025-10-27,MU,HOLD,Current holding remains close to target weight,1.8060735008315465,True,True,11,0.18812662612274966,0.18989393533490795,0.0017673092121582856,219.91873168945312,equal_weight,quarterly,5
2025-10-27,AMD,HOLD,Current holding remains close to target weight,1.6939518111006544,True,True,10,0.20193758582846524,0.19787999842107595,-0.00405758740738929,259.6700134277344,equal_weight,quarterly,5
2025-10-28,WDC,HOLD,Current holding remains close to target weight,2.0846490863944087,True,True,20,0.19570569102768587,0.19476497019830682,-0.0009407208293790437,124.72740173339844,equal_weight,quarterly,5
2025-10-28,HOOD,HOLD,Current holding remains close to target weight,1.9623253628540582,True,True,17,0.1950546822732753,0.1948502756119669,-0.00020440666130838725,146.25,equal_weight,quarterly,5
2025-10-28,MU,HOLD,Current holding remains close to target weight,1.8909726519690677,True,True,11,0.1913477403589535,0.19105497770409113,-0.00029276265486236075,221.7272491455078,equal_weight,quarterly,5
2025-10-28,STX,HOLD,Current holding remains close to target weight,1.756014866010302,True,True,12,0.20887829568214447,0.22134658217292158,0.012468286490777108,221.8709716796875,equal_weight,quarterly,5
2025-10-28,AMD,HOLD,Current holding remains close to target weight,1.685925633177812,True,True,10,0.20241753837368986,0.1979831943127136,-0.0044343440609762586,258.010009765625,equal_weight,quarterly,5
2025-10-29,WDC,HOLD,Current holding remains close to target weight,2.2332040364396186,True,True,19,0.1963013540856702,0.18694844488048615,-0.009352909205184057,141.1620330810547,equal_weight,quarterly,5
2025-10-29,MU,ADD,Current weight is below target weight,1.9497778005258448,True,True,11,0.18230730208882337,0.20638910284642192,0.024081800757598554,226.443359375,equal_weight,quarterly,5
2025-10-29,HOOD,ADD,Current weight is below target weight,1.948483022849656,True,True,18,0.19076243873974416,0.21275447882391602,0.021992040084171854,144.8000030517578,equal_weight,quarterly,5
2025-10-29,STX,TRIM,Current weight is above target weight,1.9426804317088013,True,True,12,0.23210765203670924,0.18889643431864037,-0.04321121771806888,264.27520751953125,equal_weight,quarterly,5
2025-10-29,AMD,HOLD,Current holding remains close to target weight,1.7152541419148912,True,True,10,0.19346313615655492,0.20501153913053566,0.011548402973980743,264.3299865722656,equal_weight,quarterly,5
2025-10-30,WDC,HOLD,Current holding remains close to target weight,2.1524114286511487,True,True,19,0.19617697342280632,0.18644731611987408,-0.009729657302932238,137.9170379638672,equal_weight,quarterly,5
2025-10-30,STX,HOLD,Current holding remains close to target weight,2.006501898298619,True,True,10,0.1998745679509937,0.19063795395094577,-0.009236614000047938,266.9814147949219,equal_weight,quarterly,5
2025-10-30,HOOD,HOLD,Current holding remains close to target weight,1.9616046865627164,True,True,20,0.20673111708630934,0.20987748167695003,0.003146364590640688,138.07000732421875,equal_weight,quarterly,5
2025-10-30,MU,HOLD,Current holding remains close to target weight,1.884933496756064,True,True,12,0.20107929216294618,0.2099082944552117,0.00882900229226552,223.8255157470703,equal_weight,quarterly,5
2025-10-30,AMD,HOLD,Current holding remains close to target weight,1.636730391252554,True,True,10,0.19078494360288906,0.20312895379701845,0.012344010194129396,254.83999633789062,equal_weight,quarterly,5
2025-10-31,WDC,HOLD,Current holding remains close to target weight,2.3713371081573515,True,True,16,0.17574107526642335,0.17365398979147206,-0.002087085474951289,149.97840881347656,equal_weight,quarterly,5
2025-10-31,HOOD,ADD,Current weight is below target weight,2.020786135385089,True,True,20,0.21499156959618362,0.23744018547136164,0.02244861587517802,146.77999877929688,equal_weight,quarterly,5
2025-10-31,MU,HOLD,Current holding remains close to target weight,1.776522264418655,True,True,13,0.2128687685151976,0.21309750904645067,0.00022874053125307436,223.58570861816406,equal_weight,quarterly,5
2025-10-31,STX,HOLD,Current holding remains close to target weight,1.7726400125499957,True,True,10,0.18644748054026414,0.18424305300243657,-0.002204427537827569,254.58450317382812,equal_weight,quarterly,5
2025-10-31,WBD,BUY,New target holding from latest signal,1.6288057216885754,True,False,0,0.0,0.19156526268827906,0.19156526268827906,22.450000762939453,equal_weight,quarterly,5
2025-10-31,AMD,SELL,Ticker is no longer selected by the signal,1.5923075628147028,False,True,11,0.20632921458804182,0.0,-0.20632921458804182,256.1199951171875,equal_weight,quarterly,5
2025-11-03,WDC,HOLD,Current holding remains close to target weight,2.5198476734613013,True,True,15,0.16881055979863024,0.1731565365829967,0.004345976784366462,157.77638244628906,equal_weight,quarterly,5
2025-11-03,HOOD,HOLD,Current holding remains close to target weight,2.060978234472336,True,True,22,0.230803645558378,0.2391044507949231,0.008300805236545084,147.0800018310547,equal_weight,quarterly,5
2025-11-03,MU,HOLD,Current holding remains close to target weight,1.9230045912564524,True,True,13,0.21745279295445738,0.20998193261722323,-0.007470860337234153,234.5067138671875,equal_weight,quarterly,5
2025-11-03,STX,HOLD,Current holding remains close to target weight,1.861739355065617,True,True,10,0.18845526275327026,0.18454029901980612,-0.003914963733464144,264.2055358886719,equal_weight,quarterly,5
2025-11-03,WBD,HOLD,Current holding remains close to target weight,1.6630825830696487,True,True,122,0.1939707628576403,0.19321678098505093,-0.0007539818725893765,22.290000915527344,equal_weight,quarterly,5
2025-11-04,WDC,HOLD,Current holding remains close to target weight,2.4463990959939674,True,True,16,0.18174798567779094,0.17823873398172987,-0.003509251696061061,151.94537353515625,equal_weight,quarterly,5
2025-11-04,HOOD,HOLD,Current holding remains close to target weight,1.8096119718663521,True,True,23,0.2352209965285891,0.23250496801878087,-0.0027160285098082326,136.8000030517578,equal_weight,quarterly,5
2025-11-04,MU,HOLD,Current holding remains close to target weight,1.7123570481587636,True,True,12,0.19543476309512814,0.20256762936065212,0.007132866265523979,217.85043334960938,equal_weight,quarterly,5
2025-11-04,STX,HOLD,Current holding remains close to target weight,1.6890625266370476,True,True,10,0.1862333270293359,0.1845187768967739,-0.0017145501325619983,249.1123504638672,equal_weight,quarterly,5
2025-11-04,WBD,HOLD,Current holding remains close to target weight,1.6809014903112125,True,True,119,0.20105623716933538,0.20216989174206326,0.0011136545727278846,22.600000381469727,equal_weight,quarterly,5
2025-11-05,WDC,HOLD,Current holding remains close to target weight,2.624944626118929,True,True,16,0.1809208919164027,0.18163444012625327,0.0007135482098505619,159.85317993164062,equal_weight,quarterly,5
2025-11-05,STX,HOLD,Current holding remains close to target weight,1.9136536478761021,True,True,10,0.1940841468171481,0.1784424588754207,-0.015641687941727406,274.373779296875,equal_weight,quarterly,5
2025-11-05,MU,HOLD,Current holding remains close to target weight,1.8791140049564437,True,True,12,0.20143480745298317,0.19667666398087458,-0.004758143472108595,237.30441284179688,equal_weight,quarterly,5
2025-11-05,HOOD,HOLD,Current holding remains close to target weight,1.8501698528430408,True,True,22,0.221729782839827,0.23309887659881318,0.011369093758986176,142.47999572753906,equal_weight,quarterly,5
2025-11-05,WBD,HOLD,Current holding remains close to target weight,1.6588784010715019,True,True,125,0.20124714710807912,0.2101475604186383,0.008900413310559185,22.760000228881836,equal_weight,quarterly,5
2025-11-06,WDC,HOLD,Current holding remains close to target weight,2.7041906295758333,True,True,16,0.18893862262133024,0.19336792096801086,0.004429298346680627,163.3477783203125,equal_weight,quarterly,5
2025-11-06,STX,HOLD,Current holding remains close to target weight,1.9162108300155234,True,True,9,0.1802619468253634,0.16957428559082782,-0.010687661234535573,277.06011962890625,equal_weight,quarterly,5
2025-11-06,MU,HOLD,Current holding remains close to target weight,1.803332096894863,True,True,12,0.2065806727025465,0.22518989778330076,0.01860922508075427,238.13372802734375,equal_weight,quarterly,5
2025-11-06,WBD,HOLD,Current holding remains close to target weight,1.4883462271650045,True,True,131,0.21232172584691467,0.21772920344071267,0.005407477593798005,22.420000076293945,equal_weight,quarterly,5
2025-11-06,TER,BUY,New target holding from latest signal,1.4139510822443064,True,False,0,0.0,0.19413869221714794,0.19413869221714794,184.73324584960938,equal_weight,quarterly,5
2025-11-06,HOOD,SELL,Ticker is no longer selected by the signal,1.3502867125634412,False,True,23,0.21129663400465856,0.0,-0.21129663400465856,127.08000183105469,equal_weight,quarterly,5
2025-11-07,WDC,HOLD,Current holding remains close to target weight,2.7064334186112573,True,True,16,0.18854774840336397,0.1865733441001857,-0.001974404303178273,162.70877075195312,equal_weight,quarterly,5
2025-11-07,STX,HOLD,Current holding remains close to target weight,1.9434601152559994,True,True,9,0.18116620997362998,0.18097188372963244,-0.00019432624399753906,277.9356689453125,equal_weight,quarterly,5
2025-11-07,MU,TRIM,Current weight is above target weight,1.7753678464212244,True,True,13,0.22382411046266243,0.1982483332155121,-0.025575777247150322,237.7240447998047,equal_weight,quarterly,5
2025-11-07,WBD,HOLD,Current holding remains close to target weight,1.499448824593737,True,True,135,0.2216540616849824,0.21151245995365686,-0.010141601731325528,22.670000076293945,equal_weight,quarterly,5
2025-11-07,HOOD,BUY,New target holding from latest signal,1.385361335234749,True,False,0,0.0,0.2226939790010129,0.2226939790010129,130.36000061035156,equal_weight,quarterly,5
2025-11-07,TER,SELL,Ticker is no longer selected by the signal,1.3603853238151826,False,True,14,0.1845371544883986,0.0,-0.1845371544883986,181.9974822998047,equal_weight,quarterly,5
2025-11-10,WDC,HOLD,Current holding remains close to target weight,2.752368748646359,True,True,16,0.1927433634507416,0.184336825438384,-0.008406538012357606,173.95140075683594,equal_weight,quarterly,5
2025-11-10,STX,HOLD,Current holding remains close to target weight,1.908119132657744,True,True,9,0.18230652424409152,0.18132288780638914,-0.0009836364377023843,292.5015563964844,equal_weight,quarterly,5
2025-11-10,MU,HOLD,Current holding remains close to target weight,1.7489131568778902,True,True,11,0.19279757531615452,0.1962917844501622,0.003494209134007692,253.0913848876953,equal_weight,quarterly,5
2025-11-10,WBD,HOLD,Current holding remains close to target weight,1.4897075495053085,True,True,135,0.21484007958562124,0.21614589810813714,0.0013058185225159058,22.979999542236328,equal_weight,quarterly,5
2025-11-10,HOOD,HOLD,Current holding remains close to target weight,1.3660108682006493,True,True,23,0.21642872959629897,0.22190260419692756,0.005473874600628592,135.8800048828125,equal_weight,quarterly,5
2025-11-11,WDC,HOLD,Current holding remains close to target weight,2.478984174365656,True,True,15,0.1805244755062463,0.19382219018751923,0.013297714681272915,169.72793579101562,equal_weight,quarterly,5
2025-11-11,STX,HOLD,Current holding remains close to target weight,1.75378737581234,True,True,9,0.18286144616645542,0.18047741506318296,-0.002384031103272455,286.5419006347656,equal_weight,quarterly,5
2025-11-11,WBD,HOLD,Current holding remains close to target weight,1.5108930796074933,True,True,137,0.22391489589960178,0.21222765199620053,-0.011687243903401257,23.049999237060547,equal_weight,quarterly,5
2025-11-11,MU,HOLD,Current holding remains close to target weight,1.4913656751433648,True,True,11,0.18790640378642964,0.18576564641028875,-0.0021407573761408893,240.9114227294922,equal_weight,quarterly,5
2025-11-11,AMD,BUY,New target holding from latest signal,1.1120398915711474,True,False,0,0.0,0.2277070963428086,0.2277070963428086,237.52000427246094,equal_weight,quarterly,5
2025-11-11,HOOD,SELL,Ticker is no longer selected by the signal,1.1085183525531401,False,True,24,0.22451547644497102,0.0,-0.22451547644497102,131.92999267578125,equal_weight,quarterly,5
2025-11-12,WDC,HOLD,Current holding remains close to target weight,2.3864480402383292,True,True,16,0.1891823239603026,0.19297288121427353,0.0037905572539709276,165.85389709472656,equal_weight,quarterly,5
2025-11-12,STX,HOLD,Current holding remains close to target weight,1.7156742689209383,True,True,9,0.18082492787875837,0.18067901499375896,-0.00014591288499940513,281.8258972167969,equal_weight,quarterly,5
2025-11-12,MU,HOLD,Current holding remains close to target weight,1.5732689877607018,True,True,10,0.1744479421486142,0.1846240941689161,0.010176152020301893,244.69830322265625,equal_weight,quarterly,5
2025-11-12,WBD,HOLD,Current holding remains close to target weight,1.4093377244461105,True,True,136,0.2151449288658183,0.21283222761977788,-0.0023127012460404106,22.190000534057617,equal_weight,quarterly,5
2025-11-12,AMD,HOLD,Current holding remains close to target weight,1.1992015967028986,True,True,13,0.2399349673229848,0.22889178200327354,-0.011043185319711268,258.8900146484375,equal_weight,quarterly,5
2025-11-13,WDC,HOLD,Current holding remains close to target weight,2.168565454910009,True,True,16,0.18638591259080473,0.19122211421214103,0.0048362016213363,156.91770935058594,equal_weight,quarterly,5
2025-11-13,MU,HOLD,Current holding remains close to target weight,1.4863441462940155,True,True,10,0.1757599946331576,0.1885111196181676,0.012751124985009993,236.75485229492188,equal_weight,quarterly,5
2025-11-13,STX,HOLD,Current holding remains close to target weight,1.4647327552349614,True,True,9,0.174537132388897,0.17602294841004124,0.0014858160211442262,261.2306823730469,equal_weight,quarterly,5
2025-11-13,WBD,HOLD,Current holding remains close to target weight,1.4223193170690478,True,True,136,0.22353094541501878,0.2163010153661972,-0.007229930048821581,22.139999389648438,equal_weight,quarterly,5
2025-11-13,AMD,HOLD,Current holding remains close to target weight,1.1563615211788187,True,True,13,0.239301892801216,0.22794280239345296,-0.011359090407763034,247.9600067138672,equal_weight,quarterly,5
2025-11-14,WDC,HOLD,Current holding remains close to target weight,2.1667964113054534,True,True,16,0.18459316128600575,0.19124380796899923,0.006650646682993477,157.586669921875,equal_weight,quarterly,5
2025-11-14,MU,HOLD,Current holding remains close to target weight,1.522623055671116,True,True,11,0.19861359220235011,0.18805546180301247,-0.010558130399337645,246.62672424316406,equal_weight,quarterly,5
2025-11-14,WBD,HOLD,Current holding remains close to target weight,1.5141922565808734,True,True,126,0.21244212779567848,0.2161628993678281,0.003720771572149617,23.030000686645508,equal_weight,quarterly,5
2025-11-14,STX,HOLD,Current holding remains close to target weight,1.4158021749341412,True,True,9,0.16927284358951755,0.17631667860450123,0.007043835014983679,256.9026794433594,equal_weight,quarterly,5
2025-11-14,AMD,HOLD,Current holding remains close to target weight,1.1064265717809678,True,True,13,0.23489958343872883,0.228221152255659,-0.006678431183069822,246.80999755859375,equal_weight,quarterly,5
2025-11-17,WDC,HOLD,Current holding remains close to target weight,2.2125819434441767,True,True,17,0.20275255731604258,0.19158976439243044,-0.011162792923612136,162.19955444335938,equal_weight,quarterly,5
2025-11-17,WBD,HOLD,Current holding remains close to target weight,1.5127071040726316,True,True,130,0.21737098367059743,0.21622747635582282,-0.001143507314774611,22.739999771118164,equal_weight,quarterly,5
2025-11-17,MU,HOLD,Current holding remains close to target weight,1.4564559978361746,True,True,10,0.17776062187453712,0.185981470572805,0.00822084869826789,241.750732421875,equal_weight,quarterly,5
2025-11-17,STX,HOLD,Current holding remains close to target weight,1.417426958541017,True,True,9,0.17209896991678916,0.17521162604459592,0.0031126561278067566,260.0566711425781,equal_weight,quarterly,5
2025-11-17,AMD,HOLD,Current holding remains close to target weight,1.0962176115606144,True,True,13,0.22991235904744395,0.2309896626343459,0.0010773035869019454,240.52000427246094,equal_weight,quarterly,5
2025-11-18,WDC,HOLD,Current holding remains close to target weight,2.0283053213846767,True,True,17,0.1961782609628435,0.18877825730513362,-0.007400003657709875,152.62432861328125,equal_weight,quarterly,5
2025-11-18,WBD,TRIM,Current weight is above target weight,1.566630737699667,True,True,130,0.23285556164057175,0.208037597147726,-0.024817964492845762,23.690000534057617,equal_weight,quarterly,5
2025-11-18,STX,HOLD,Current holding remains close to target weight,1.3933111151274171,True,True,9,0.17187416936084007,0.17169181562700908,-0.00018235373383099218,252.57473754882812,equal_weight,quarterly,5
2025-11-18,MU,ADD,Current weight is below target weight,1.3329083335990393,True,True,10,0.17262614647315536,0.1953551283701236,0.02272898189696823,228.3118133544922,equal_weight,quarterly,5
2025-11-18,ALB,BUY,New target holding from latest signal,1.070885097385038,True,False,0,0.0,0.23613720155000778,0.23613720155000778,120.41825866699219,equal_weight,quarterly,5
2025-11-18,AMD,SELL,Ticker is no longer selected by the signal,1.0288079372049288,False,True,13,0.22635839813407213,0.0,-0.22635839813407213,230.2899932861328,equal_weight,quarterly,5
2025-11-19,WDC,HOLD,Current holding remains close to target weight,2.120558701187459,True,True,16,0.1856863970614911,0.189066248819352,0.003379851757860902,153.7326202392578,equal_weight,quarterly,5
2025-11-19,WBD,HOLD,Current holding remains close to target weight,1.5798883401857586,True,True,118,0.2056837683983599,0.20727927478841246,0.0015955063900525701,23.09000015258789,equal_weight,quarterly,5
2025-11-19,STX,HOLD,Current holding remains close to target weight,1.5025112469979374,True,True,9,0.1751727998828322,0.17248667224073386,-0.0026861276420983293,257.8280029296875,equal_weight,quarterly,5
2025-11-19,MU,HOLD,Current holding remains close to target weight,1.3609585520776788,True,True,11,0.1874492081191693,0.19542903994679908,0.00797983182762979,225.7339324951172,equal_weight,quarterly,5
2025-11-19,ALB,HOLD,Current holding remains close to target weight,1.2534789018102286,True,True,26,0.24470511033541395,0.2357387642047026,-0.008966346130711345,124.67391967773438,equal_weight,quarterly,5
2025-11-20,WDC,HOLD,Current holding remains close to target weight,1.8221276928168177,True,True,15,0.17014879582475884,0.1856626471369573,0.015513851312198457,140.01380920410156,equal_weight,quarterly,5
2025-11-20,WBD,HOLD,Current holding remains close to target weight,1.5365851440809393,True,True,120,0.22243544849214134,0.22052906777664213,-0.0019063807154992007,22.8799991607666,equal_weight,quarterly,5
2025-11-20,STX,HOLD,Current holding remains close to target weight,1.227991816380027,True,True,9,0.1744696739972635,0.1761154283539208,0.0016457543566572863,239.28236389160156,equal_weight,quarterly,5
2025-11-20,MU,HOLD,Current holding remains close to target weight,1.1268138283296012,True,True,11,0.17930664978965066,0.18530186587738576,0.005995216087735095,201.20416259765625,equal_weight,quarterly,5
2025-11-20,ALB,TRIM,Current weight is above target weight,1.0334024891945788,True,True,27,0.2526198904314031,0.23239099085509407,-0.020228899576309023,115.48804473876953,equal_weight,quarterly,5
2025-11-21,WDC,HOLD,Current holding remains close to target weight,1.7822174242556152,True,True,16,0.1792240135853557,0.18133210760235371,0.002108094016998019,138.97540283203125,equal_weight,quarterly,5
2025-11-21,WBD,ADD,Current weight is below target weight,1.5744444529215493,True,True,119,0.2222343929821058,0.2433588269336551,0.02112443395154931,23.170000076293945,equal_weight,quarterly,5
2025-11-21,MU,HOLD,Current holding remains close to target weight,1.224431563385901,True,True,11,0.18370419478612746,0.2028805432457331,0.01917634845960564,207.19921875,equal_weight,quarterly,5
2025-11-21,STX,HOLD,Current holding remains close to target weight,1.124389603138292,True,True,9,0.17140431029406475,0.17012021357073154,-0.0012840967233332112,236.28761291503906,equal_weight,quarterly,5
2025-11-21,TER,BUY,New target holding from latest signal,1.066379111619847,True,False,0,0.0,0.20230830864752655,0.20230830864752655,158.66371154785156,equal_weight,quarterly,5
2025-11-21,ALB,SELL,Ticker is no longer selected by the signal,1.052076795734282,False,True,26,0.242850082433078,0.0,-0.242850082433078,115.88484191894531,equal_weight,quarterly,5
2025-11-24,WDC,HOLD,Current holding remains close to target weight,1.9214056211356687,True,True,16,0.1866803626378044,0.1785901436004778,-0.008090219037326596,150.69729614257812,equal_weight,quarterly,5
2025-11-24,WBD,HOLD,Current holding remains close to target weight,1.3937172935901803,True,True,134,0.2371669830648612,0.25057098242792103,0.013403999363059832,22.860000610351562,equal_weight,quarterly,5
2025-11-24,MU,HOLD,Current holding remains close to target weight,1.3270507174220971,True,True,12,0.20787817435840208,0.19932283031958528,-0.008555344038816803,223.74557495117188,equal_weight,quarterly,5
2025-11-24,STX,HOLD,Current holding remains close to target weight,1.1830704429436483,True,True,9,0.17566436470208519,0.1692126527642263,-0.006451711937858873,252.09716796875,equal_weight,quarterly,5
2025-11-24,TER,HOLD,Current holding remains close to target weight,1.034041556106283,True,True,15,0.19259656490329682,0.2023033908877895,0.009706825984492684,165.8380126953125,equal_weight,quarterly,5
2025-11-25,WDC,HOLD,Current holding remains close to target weight,1.9776663632414015,True,True,15,0.1776100631816296,0.181519414068441,0.00390935088681138,155.17041015625,equal_weight,quarterly,5
2025-11-25,MU,TRIM,Current weight is above target weight,1.338137914018486,True,True,12,0.20543064137991576,0.18331416781727178,-0.022116473562643985,224.3450927734375,equal_weight,quarterly,5
2025-11-25,WBD,HOLD,Current holding remains close to target weight,1.2914169696152906,True,True,140,0.24528291777243985,0.22675399923946413,-0.018528918532975724,22.959999084472656,equal_weight,quarterly,5
2025-11-25,STX,HOLD,Current holding remains close to target weight,1.2508145634500756,True,True,9,0.17894701918904313,0.17322253578404367,-0.005724483404999453,260.5640869140625,equal_weight,quarterly,5
2025-11-25,ALB,BUY,New target holding from latest signal,1.183657199613645,True,False,0,0.0,0.23518988309077948,0.23518988309077948,124.25727844238281,equal_weight,quarterly,5
2025-11-25,TER,SELL,Ticker is no longer selected by the signal,1.0930284781191628,False,True,15,0.1917646060086388,0.0,-0.1917646060086388,167.53663635253906,equal_weight,quarterly,5
2025-11-26,WDC,HOLD,Current holding remains close to target weight,2.0108070629052213,True,True,16,0.18642033308032233,0.18218536813686415,-0.00423496494345818,157.496826171875,equal_weight,quarterly,5
2025-11-26,MU,HOLD,Current holding remains close to target weight,1.3824492270217328,True,True,10,0.17020102033272158,0.18310500414958278,0.012903983816861198,230.0703582763672,equal_weight,quarterly,5
2025-11-26,WBD,HOLD,Current holding remains close to target weight,1.3784859812249644,True,True,130,0.22965671584568734,0.22620154679596802,-0.00345516904971932,23.8799991607666,equal_weight,quarterly,5
2025-11-26,STX,HOLD,Current holding remains close to target weight,1.3242650757695515,True,True,9,0.18036629839708784,0.1723665756337138,-0.007999722763374045,270.9014892578125,equal_weight,quarterly,5
2025-11-26,ALB,HOLD,Current holding remains close to target weight,1.2339725373852057,True,True,25,0.23283422102128556,0.23614150528387137,0.003307284262585808,125.89408111572266,equal_weight,quarterly,5
2025-11-28,SNDK,BUY,New target holding from latest signal,4.92411798659684,True,False,0,0.0,0.10810761266562482,0.10810761266562482,223.27999877929688,equal_weight,quarterly,5
2025-11-28,WDC,HOLD,Current holding remains close to target weight,2.1779788425993107,True,True,16,0.18906945149607,0.20300986134218027,0.01394040984611028,163.07818603515625,equal_weight,quarterly,5
2025-11-28,MU,ADD,Current weight is below target weight,1.5074193441830852,True,True,10,0.17121512112081744,0.21370971525400653,0.042494594133189095,236.28524780273438,equal_weight,quarterly,5
2025-11-28,WBD,ADD,Current weight is below target weight,1.4072216005218139,True,True,130,0.2260789375826486,0.27563920493381333,0.04956026735116473,24.0,equal_weight,quarterly,5
2025-11-28,STX,ADD,Current weight is below target weight,1.365915479142029,True,True,9,0.17953003695077385,0.199533605804375,0.02000356885360116,275.2891540527344,equal_weight,quarterly,5
2025-11-28,ALB,SELL,Ticker is no longer selected by the signal,1.3591820582960907,False,True,25,0.23359573095427252,0.0,-0.23359573095427252,128.9494171142578,equal_weight,quarterly,5
2025-12-01,SNDK,HOLD,Current holding remains close to target weight,4.630055929815296,True,True,7,0.10710292977446528,0.09683770077214907,-0.010265229002316217,210.1699981689453,equal_weight,quarterly,5
2025-12-01,WDC,HOLD,Current holding remains close to target weight,2.1430433960224815,True,True,18,0.21397300465145683,0.21006839279294434,-0.0039046118585124856,163.28785705566406,equal_weight,quarterly,5
2025-12-01,MU,HOLD,Current holding remains close to target weight,1.4530156328295885,True,True,12,0.20989343616914338,0.1971258195146828,-0.012767616654460578,240.261962890625,equal_weight,quarterly,5
2025-12-01,WBD,TRIM,Current weight is above target weight,1.3870000839233398,True,True,157,0.2728253224955572,0.24485308509522694,-0.027972237400330252,23.8700008392334,equal_weight,quarterly,5
2025-12-01,ALB,BUY,New target holding from latest signal,1.3573805413556905,True,False,0,0.0,0.25111500182499696,0.25111500182499696,127.30270385742188,equal_weight,quarterly,5
2025-12-01,STX,SELL,Ticker is no longer selected by the signal,1.2861114572624275,False,True,10,0.1956378154046905,0.0,-0.1956378154046905,268.7325134277344,equal_weight,quarterly,5
2025-12-02,SNDK,HOLD,Current holding remains close to target weight,4.314441235693404,True,True,6,0.089897609969266,0.10497129192539094,0.015073681956124935,205.35000610351562,equal_weight,quarterly,5
2025-12-02,WDC,HOLD,Current holding remains close to target weight,1.9844654532745247,True,True,17,0.19814078383655273,0.19946230684987282,0.0013215230133200861,159.74334716796875,equal_weight,quarterly,5
2025-12-02,WBD,HOLD,Current holding remains close to target weight,1.467807014303676,True,True,140,0.2505692489426377,0.26449105961917735,0.013921810676539637,24.530000686645508,equal_weight,quarterly,5
2025-12-02,MU,HOLD,Current holding remains close to target weight,1.3458733208532556,True,True,12,0.20951397615015013,0.2075040285540311,-0.002009947596119027,239.2927703857422,equal_weight,quarterly,5
2025-12-02,TER,BUY,New target holding from latest signal,1.3360931446654636,True,False,0,0.0,0.22357131305152758,0.22357131305152758,189.78892517089844,equal_weight,quarterly,5
2025-12-02,ALB,SELL,Ticker is no longer selected by the signal,1.274615327696051,False,True,27,0.25041486239422833,0.0,-0.25041486239422833,127.11422729492188,equal_weight,quarterly,5
2025-12-03,SNDK,HOLD,Current holding remains close to target weight,3.881466759731741,True,True,7,0.101042503588445,0.10647527979317806,0.00543277620473305,194.3800048828125,equal_weight,quarterly,5
2025-12-03,WDC,HOLD,Current holding remains close to target weight,1.8618615615601897,True,True,16,0.18458060634295362,0.19979052222114904,0.015209915878195424,155.35012817382812,equal_weight,quarterly,5
2025-12-03,WBD,HOLD,Current holding remains close to target weight,1.5097037579736283,True,True,150,0.27368492716431003,0.2621697179304778,-0.011515209233832258,24.56999969482422,equal_weight,quarterly,5
2025-12-03,TER,HOLD,Current holding remains close to target weight,1.381475208010511,True,True,16,0.23160165693375734,0.22392692504610337,-0.007674731887653968,194.9248504638672,equal_weight,quarterly,5
2025-12-03,MU,HOLD,Current holding remains close to target weight,1.2714498060421002,True,True,12,0.20849259025918163,0.20763755500909178,-0.0008550352500898417,233.9671630859375,equal_weight,quarterly,5
2025-12-04,SNDK,HOLD,Current holding remains close to target weight,4.452709697922189,True,True,7,0.10936020364751986,0.1069043771392766,-0.002455826508243261,213.30999755859375,equal_weight,quarterly,5
2025-12-04,WDC,HOLD,Current holding remains close to target weight,1.9303728231692778,True,True,18,0.21209351770017912,0.19865691016021536,-0.013436607539963757,160.8810272216797,equal_weight,quarterly,5
2025-12-04,WBD,HOLD,Current holding remains close to target weight,1.5430053767468301,True,True,145,0.2606109362031767,0.262179617809031,0.0015686816058542719,24.540000915527344,equal_weight,quarterly,5
2025-12-04,TER,HOLD,Current holding remains close to target weight,1.434305141792405,True,True,15,0.21804222160375217,0.22246751252112024,0.004425290917368069,198.47201538085938,equal_weight,quarterly,5
2025-12-04,MU,HOLD,Current holding remains close to target weight,1.1357174489823452,True,True,12,0.1990348842789746,0.20979158237035683,0.010756698091382244,226.4633331298828,equal_weight,quarterly,5
2025-12-05,SNDK,HOLD,Current holding remains close to target weight,4.8357597015591445,True,True,7,0.1119716252083793,0.11443505160448778,0.00246342639610847,228.47000122070312,equal_weight,quarterly,5
2025-12-05,WDC,HOLD,Current holding remains close to target weight,2.051804568216626,True,True,17,0.20086884010567463,0.19954328463250834,-0.00132555547316629,168.76519775390625,equal_weight,quarterly,5
2025-12-05,WBD,ADD,Current weight is below target weight,1.6558045554168315,True,True,142,0.25928457909639,0.27930845898788703,0.02002387989149701,26.079999923706055,equal_weight,quarterly,5
2025-12-05,TER,HOLD,Current holding remains close to target weight,1.3597780510398607,True,True,15,0.2106809765850085,0.220946057889404,0.01026508130439549,200.61033630371094,equal_weight,quarterly,5
2025-12-05,STX,BUY,New target holding from latest signal,1.2143330252097924,True,False,0,0.0,0.18576714688571289,0.18576714688571289,277.3785095214844,equal_weight,quarterly,5
2025-12-05,MU,SELL,Ticker is no longer selected by the signal,1.1885775739091486,False,True,13,0.2157334968950448,0.0,-0.2157334968950448,237.02462768554688,equal_weight,quarterly,5
2025-12-08,SNDK,HOLD,Current holding remains close to target weight,4.391439571163078,True,True,7,0.10816097616502379,0.1077106044489949,-0.0004503717160288939,225.47000122070312,equal_weight,quarterly,5
2025-12-08,WDC,HOLD,Current holding remains close to target weight,1.983414829437772,True,True,17,0.1976506290678107,0.19785202254029408,0.0002013934724833799,169.654541015625,equal_weight,quarterly,5
2025-12-08,WBD,HOLD,Current holding remains close to target weight,1.8572927917330344,True,True,148,0.27618058195664325,0.2596787320669991,-0.01650184988964415,27.229999542236328,equal_weight,quarterly,5
2025-12-08,TER,HOLD,Current holding remains close to target weight,1.3427164258019033,True,True,16,0.2223990342632358,0.22693966987264824,0.004540635609412452,202.8285675048828,equal_weight,quarterly,5
2025-12-08,MU,BUY,New target holding from latest signal,1.2289968259640114,True,False,0,0.0,0.2078189710710637,0.2078189710710637,246.71664428710938,equal_weight,quarterly,5
2025-12-08,STX,SELL,Ticker is no longer selected by the signal,1.2111852651097537,False,True,10,0.19460258275929815,0.0,-0.19460258275929815,283.9649963378906,equal_weight,quarterly,5
2025-12-09,SNDK,HOLD,Current holding remains close to target weight,4.276749360632342,True,True,7,0.10425302121099292,0.11443308850534145,0.010180067294348533,219.4600067138672,equal_weight,quarterly,5
2025-12-09,WDC,HOLD,Current holding remains close to target weight,2.03617232307007,True,True,17,0.19544982303456152,0.1988396792958282,0.0033898562612666716,169.4147186279297,equal_weight,quarterly,5
2025-12-09,WBD,HOLD,Current holding remains close to target weight,1.8231767814893058,True,True,137,0.26274106111226686,0.28020691460521086,0.017465853492943995,28.260000228881836,equal_weight,quarterly,5
2025-12-09,TER,HOLD,Current holding remains close to target weight,1.2584267308451995,True,True,17,0.23051725886799795,0.22199042293628285,-0.008526835931715104,199.8109588623047,equal_weight,quarterly,5
2025-12-09,STX,BUY,New target holding from latest signal,1.2287550624184433,True,False,0,0.0,0.18452989465733677,0.18452989465733677,281.4278869628906,equal_weight,quarterly,5
2025-12-09,MU,SELL,Ticker is no longer selected by the signal,1.214962539279334,False,True,12,0.20539147181077966,0.0,-0.20539147181077966,252.2121124267578,equal_weight,quarterly,5
2025-12-10,SNDK,HOLD,Current holding remains close to target weight,4.788217828983033,True,True,8,0.12036355500188939,0.1108936513724215,-0.009469903629467882,232.86000061035156,equal_weight,quarterly,5
2025-12-10,WDC,TRIM,Current weight is above target weight,2.2748032119855055,True,True,17,0.19970552253300322,0.173586912136241,-0.02611861039676222,181.8155517578125,equal_weight,quarterly,5
2025-12-10,WBD,ADD,Current weight is below target weight,1.8097050469605191,True,True,145,0.2766569497862475,0.3587627979983499,0.08210584821210243,29.530000686645508,equal_weight,quarterly,5
2025-12-10,STX,TRIM,Current weight is above target weight,1.3832281265074124,True,True,10,0.1921589895280381,0.1651723065025087,-0.026986683025529395,297.4065856933594,equal_weight,quarterly,5
2025-12-10,TER,HOLD,Current holding remains close to target weight,1.3547596387352048,True,True,16,0.21073467064976795,0.19158433199047895,-0.019150338659289,203.8477325439453,equal_weight,quarterly,5
2025-12-11,SNDK,HOLD,Current holding remains close to target weight,4.850121188223724,True,True,7,0.10794710938319348,0.10546049543156363,-0.002486613951629843,241.61000061035156,equal_weight,quarterly,5
2025-12-11,WDC,HOLD,Current holding remains close to target weight,2.36264987015933,True,True,15,0.17909116065713052,0.16478382575042433,-0.014307334906706187,187.06167602539062,equal_weight,quarterly,5
2025-12-11,WBD,ADD,Current weight is below target weight,1.9025590761824343,True,True,188,0.3538593612591481,0.3992211411660877,0.045361779906939625,29.489999771118164,equal_weight,quarterly,5
2025-12-11,STX,TRIM,Current weight is above target weight,1.4626021301579728,True,True,9,0.17594436307144654,0.15498927803629287,-0.02095508503515367,306.2913818359375,equal_weight,quarterly,5
2025-12-11,TER,HOLD,Current holding remains close to target weight,1.3784133471466866,True,True,14,0.1821154717231205,0.17554525961563147,-0.006570212107489037,203.80776977539062,equal_weight,quarterly,5
2025-12-12,SNDK,HOLD,Current holding remains close to target weight,3.8512939453125004,True,True,7,0.09588994037763704,0.10103867050473245,0.005148730127095408,206.17999267578125,equal_weight,quarterly,5
2025-12-12,WDC,HOLD,Current holding remains close to target weight,2.172122320363786,True,True,14,0.16390277341656598,0.16259826436250563,-0.0013045090540603488,176.20968627929688,equal_weight,quarterly,5
2025-12-12,WBD,HOLD,Current holding remains close to target weight,1.989032935233722,True,True,211,0.4202837183376298,0.41088606517355747,-0.009397653164072317,29.979999542236328,equal_weight,quarterly,5
2025-12-12,TER,HOLD,Current holding remains close to target weight,1.3316179106005648,True,True,13,0.1668842616380024,0.17065847340295262,0.003774211764950214,193.21620178222656,equal_weight,quarterly,5
2025-12-12,STX,HOLD,Current holding remains close to target weight,1.2792401340322312,True,True,8,0.15211197107603103,0.1548185265562519,0.0027065554802208625,286.1837158203125,equal_weight,quarterly,5
2025-12-15,SNDK,HOLD,Current holding remains close to target weight,3.5661614860355844,True,True,7,0.09480772680121358,0.09890286803444757,0.004095141233233998,201.8699951171875,equal_weight,quarterly,5
2025-12-15,WDC,HOLD,Current holding remains close to target weight,2.002591043128552,True,True,14,0.16147688142102593,0.15862457880291256,-0.002852302618113367,171.91287231445312,equal_weight,quarterly,5
2025-12-15,WBD,HOLD,Current holding remains close to target weight,1.761152272536715,True,True,211,0.42059006992459774,0.422376108847356,0.0017860389227582485,29.709999084472656,equal_weight,quarterly,5
2025-12-15,TER,HOLD,Current holding remains close to target weight,1.2244888096080553,True,True,13,0.16968274585809703,0.16799761578162942,-0.001685130076467617,194.54515075683594,equal_weight,quarterly,5
2025-12-15,STX,HOLD,Current holding remains close to target weight,1.1978131887340706,True,True,8,0.152506131251835,0.15209882853365447,-0.00040730271818051333,284.1341247558594,equal_weight,quarterly,5
2025-12-16,SNDK,HOLD,Current holding remains close to target weight,3.7473349247949175,True,True,7,0.09896861016987764,0.0991636125496676,0.00019500237978996304,209.30999755859375,equal_weight,quarterly,5
2025-12-16,WDC,HOLD,Current holding remains close to target weight,1.9865763269564676,True,True,13,0.15318854260356266,0.15996763784424453,0.006779095240681876,174.4510040283203,equal_weight,quarterly,5
2025-12-16,WBD,HOLD,Current holding remains close to target weight,1.731568981751649,True,True,217,0.4236108055756536,0.4208673185049149,-0.002743487070738737,28.899999618530273,equal_weight,quarterly,5
2025-12-16,TER,HOLD,Current holding remains close to target weight,1.2287273730362958,True,True,13,0.16871897937337993,0.16772596259774747,-0.0009930167756324604,192.13705444335938,equal_weight,quarterly,5
2025-12-16,STX,HOLD,Current holding remains close to target weight,1.2203183633027037,True,True,8,0.15491146528275265,0.15227546850342566,-0.0026359967793269934,286.6712341308594,equal_weight,quarterly,5
2025-12-17,SNDK,HOLD,Current holding remains close to target weight,3.4365080774293553,True,True,7,0.10082266561074014,0.08653790927810366,-0.014284756332636483,206.8300018310547,equal_weight,quarterly,5
2025-12-17,WDC,HOLD,Current holding remains close to target weight,1.814451097453544,True,True,13,0.1504030549480544,0.15560920486736726,0.005206149919312869,166.1371307373047,equal_weight,quarterly,5
2025-12-17,WBD,TRIM,Current weight is above target weight,1.6688741626252046,True,True,224,0.4400456072165099,0.3726913770013516,-0.06735423021515835,28.209999084472656,equal_weight,quarterly,5
2025-12-17,ALB,BUY,New target holding from latest signal,1.2870320046167025,True,False,0,0.0,0.2265754654170578,0.2265754654170578,134.03497314453125,equal_weight,quarterly,5
2025-12-17,TER,HOLD,Current holding remains close to target weight,1.1508978886181311,True,True,12,0.15464886460807448,0.1585860434361198,0.003937178828045312,185.0626983642578,equal_weight,quarterly,5
2025-12-17,STX,SELL,Ticker is no longer selected by the signal,1.132552730008996,False,True,8,0.15389691053333834,0.0,-0.15389691053333834,276.2442932128906,equal_weight,quarterly,5
2025-12-18,SNDK,HOLD,Current holding remains close to target weight,3.711464106632004,True,True,6,0.0894774304017206,0.0846667968079956,-0.0048106335937249944,219.4600067138672,equal_weight,quarterly,5
2025-12-18,WDC,HOLD,Current holding remains close to target weight,1.957574753503288,True,True,13,0.15448703620282656,0.14865243646003845,-0.005834599742788105,174.88067626953125,equal_weight,quarterly,5
2025-12-18,WBD,ADD,Current weight is below target weight,1.6245246586444408,True,True,198,0.3714825957807966,0.3991386041471919,0.027656008366395257,27.610000610351562,equal_weight,quarterly,5
2025-12-18,ALB,HOLD,Current holding remains close to target weight,1.5003263806899456,True,True,24,0.2279558871271172,0.22463199680680854,-0.0033238903203086645,139.77603149414062,equal_weight,quarterly,5
2025-12-18,STX,BUY,New target holding from latest signal,1.2485938039388254,True,False,0,0.0,0.1429101657779655,0.1429101657779655,290.5216064453125,equal_weight,quarterly,5
2025-12-18,TER,SELL,Ticker is no longer selected by the signal,1.2109823279607963,False,True,12,0.15517563402738221,0.0,-0.15517563402738221,190.29852294921875,equal_weight,quarterly,5
2025-12-19,SNDK,HOLD,Current holding remains close to target weight,4.0609157987045625,True,True,6,0.09458975702644211,0.0841102141498246,-0.01047954287661751,237.61000061035156,equal_weight,quarterly,5
2025-12-19,WDC,HOLD,Current holding remains close to target weight,2.004911793911808,True,True,12,0.1440651219506094,0.14900078659934646,0.00493566464873707,180.94619750976562,equal_weight,quarterly,5
2025-12-19,WBD,HOLD,Current holding remains close to target weight,1.6001872344802903,True,True,213,0.39244936835895694,0.4007075417648752,0.008258173405918279,27.770000457763672,equal_weight,quarterly,5
2025-12-19,ALB,HOLD,Current holding remains close to target weight,1.544348124611869,True,True,24,0.23112846771862905,0.22250315267683232,-0.008625315041796727,145.1490020751953,equal_weight,quarterly,5
2025-12-19,STX,HOLD,Current holding remains close to target weight,1.2458132554694576,True,True,7,0.13694349087814808,0.14367830480912144,0.00673481393097336,294.85955810546875,equal_weight,quarterly,5
2025-12-22,SNDK,HOLD,Current holding remains close to target weight,4.091888514465511,True,True,5,0.0796357543700153,0.0843201788548726,0.0046844244848573,241.0500030517578,equal_weight,quarterly,5
2025-12-22,WDC,HOLD,Current holding remains close to target weight,1.8533600257984983,True,True,12,0.1400474293385484,0.15542805513583566,0.015380625797287245,176.62937927246094,equal_weight,quarterly,5
2025-12-22,WBD,TRIM,Current weight is above target weight,1.6376147712082738,True,True,216,0.4103198741977271,0.37766368030696973,-0.03265619389075736,28.75,equal_weight,quarterly,5
2025-12-22,ALB,HOLD,Current holding remains close to target weight,1.4361907879993998,True,True,23,0.21982735976208856,0.21947590373705417,-0.0003514560250343912,144.65150451660156,equal_weight,quarterly,5
2025-12-22,TER,BUY,New target holding from latest signal,1.1857242734536162,True,False,0,0.0,0.16311218196526794,0.16311218196526794,197.06314086914062,equal_weight,quarterly,5
2025-12-22,STX,SELL,Ticker is no longer selected by the signal,1.0926440806893614,False,True,8,0.14875540809594834,0.0,-0.14875540809594834,281.41796875,equal_weight,quarterly,5
2025-12-23,SNDK,HOLD,Current holding remains close to target weight,4.183068653893849,True,True,5,0.0801519945877151,0.08477062338812007,0.004618628800404964,244.89999389648438,equal_weight,quarterly,5
2025-12-23,WDC,HOLD,Current holding remains close to target weight,1.855331790151296,True,True,13,0.1515679765650895,0.15557192466852887,0.004003948103439375,178.11830139160156,equal_weight,quarterly,5
2025-12-23,WBD,HOLD,Current holding remains close to target weight,1.6816927254301426,True,True,199,0.37970576015296936,0.3769621659818431,-0.00274359417112624,29.149999618530273,equal_weight,quarterly,5
2025-12-23,ALB,HOLD,Current holding remains close to target weight,1.4501677198583707,True,True,23,0.21975144988892206,0.21919658032095413,-0.0005548695679679361,145.96487426757812,equal_weight,quarterly,5
2025-12-23,TER,HOLD,Current holding remains close to target weight,1.204544140151381,True,True,13,0.1687772422379974,0.16349870564055385,-0.005278536597443539,198.34213256835938,equal_weight,quarterly,5
2025-12-24,SNDK,HOLD,Current holding remains close to target weight,4.271501034366772,True,True,5,0.08131163958159501,0.08351618348576793,0.0022045439041729203,250.0800018310547,equal_weight,quarterly,5
2025-12-24,WDC,HOLD,Current holding remains close to target weight,1.8328386665002787,True,True,13,0.1516825700650438,0.15474187378248805,0.003059303717444256,179.4273223876953,equal_weight,quarterly,5
2025-12-24,WBD,ADD,Current weight is below target weight,1.6215247123110892,True,True,199,0.3782558340522372,0.40132497710613124,0.023069143053894015,29.229999542236328,equal_weight,quarterly,5
2025-12-24,ALB,HOLD,Current holding remains close to target weight,1.3492775756395132,True,True,23,0.22100675063434733,0.20703239292191516,-0.013974357712432162,147.76580810546875,equal_weight,quarterly,5
2025-12-24,MU,BUY,New target holding from latest signal,1.2788060065666667,True,False,0,0.0,0.15338457270369762,0.15338457270369762,286.44390869140625,equal_weight,quarterly,5
2025-12-24,TER,SELL,Ticker is no longer selected by the signal,1.184293667680587,False,True,13,0.16769792739866315,0.0,-0.16769792739866315,198.37210083007812,equal_weight,quarterly,5
2025-12-26,SNDK,HOLD,Current holding remains close to target weight,4.303287273798168,True,True,5,0.08164668464823076,0.08356285554659777,0.0019161708983670145,250.0500030517578,equal_weight,quarterly,5
2025-12-26,WDC,HOLD,Current holding remains close to target weight,1.8740314801181874,True,True,13,0.15400552361086148,0.1554461320440169,0.0014406084331554103,181.4058380126953,equal_weight,quarterly,5
2025-12-26,WBD,HOLD,Current holding remains close to target weight,1.5486724558353853,True,True,218,0.410006418764014,0.40039868180752736,-0.009607736956486645,28.799999237060547,equal_weight,quarterly,5
2025-12-26,ALB,HOLD,Current holding remains close to target weight,1.3291628395106558,True,True,21,0.20469132127942838,0.2071943664870557,0.0025030452076273135,149.25828552246094,equal_weight,quarterly,5
2025-12-26,MU,HOLD,Current holding remains close to target weight,1.2862823692899652,True,True,8,0.14866154023643258,0.15339796411480233,0.004736423878369755,284.55548095703125,equal_weight,quarterly,5
2025-12-29,SNDK,HOLD,Current holding remains close to target weight,4.385887722562568,True,True,5,0.0802326102902322,0.08482227466837464,0.004589664378142441,244.25,equal_weight,quarterly,5
2025-12-29,WDC,HOLD,Current holding remains close to target weight,1.8134677581037963,True,True,13,0.15334456819704637,0.15753206905515846,0.004187500858112092,179.54722595214844,equal_weight,quarterly,5
2025-12-29,WBD,HOLD,Current holding remains close to target weight,1.5122164764130797,True,True,213,0.4028725033780379,0.3971356295183936,-0.005736873859644331,28.790000915527344,equal_weight,quarterly,5
2025-12-29,MU,HOLD,Current holding remains close to target weight,1.3931092784037378,True,True,8,0.154649132638306,0.15590964885704173,0.0012605162187357133,294.24639892578125,equal_weight,quarterly,5
2025-12-29,ALB,HOLD,Current holding remains close to target weight,1.3265228816444288,True,True,22,0.20791963041026187,0.20460037790103172,-0.003319252509230153,143.85549926757812,equal_weight,quarterly,5
2025-12-30,SNDK,HOLD,Current holding remains close to target weight,4.342971666199729,True,True,5,0.07945900537675205,0.08489415976703825,0.005435154390286204,240.22000122070312,equal_weight,quarterly,5
2025-12-30,WDC,HOLD,Current holding remains close to target weight,1.763262383446226,True,True,13,0.1513028003888105,0.1570854542810657,0.005782653892255213,175.92990112304688,equal_weight,quarterly,5
2025-12-30,WBD,HOLD,Current holding remains close to target weight,1.645338358691569,True,True,213,0.40779518497485606,0.39773587553154943,-0.01005930944330663,28.940000534057617,equal_weight,quarterly,5
2025-12-30,MU,HOLD,Current holding remains close to target weight,1.4254055807588522,True,True,8,0.15480692002633503,0.15603489977589835,0.0012279797495633182,292.5071105957031,equal_weight,quarterly,5
2025-12-30,ALB,HOLD,Current holding remains close to target weight,1.276811628589416,True,True,22,0.20564769025440197,0.20424961064444838,-0.0013980796099535842,141.2983856201172,equal_weight,quarterly,5
2025-12-31,SNDK,HOLD,Current holding remains close to target weight,4.136983544381333,True,True,5,0.07935539916304955,0.08514333780035242,0.00578793863730287,237.3800048828125,equal_weight,quarterly,5
2025-12-31,WDC,HOLD,Current holding remains close to target weight,1.6240383187381502,True,True,13,0.14962161683331188,0.16109021657113579,0.011468599737823909,172.14271545410156,equal_weight,quarterly,5
2025-12-31,WBD,TRIM,Current weight is above target weight,1.5917266179337943,True,True,213,0.4104269942267763,0.38881410502371183,-0.021612889203064478,28.81999969482422,equal_weight,quarterly,5
2025-12-31,MU,HOLD,Current holding remains close to target weight,1.349047485451298,True,True,8,0.15259458521057104,0.15933580792470242,0.006741222714131384,285.2901611328125,equal_weight,quarterly,5
2025-12-31,ALB,HOLD,Current holding remains close to target weight,1.0979064070223168,True,True,22,0.2070024846445703,0.20561653268009766,-0.001385951964472637,140.7312469482422,equal_weight,quarterly,5
2026-01-02,SNDK,HOLD,Current holding remains close to target weight,4.930618210284756,True,True,5,0.08829215641351462,0.09077256448651529,0.0024804080730006645,275.239990234375,equal_weight,quarterly,5
2026-01-02,WDC,HOLD,Current holding remains close to target weight,1.8460891219206674,True,True,14,0.16846583665912707,0.15770524896536958,-0.010760587693757484,187.56129455566406,equal_weight,quarterly,5
2026-01-02,MU,HOLD,Current holding remains close to target weight,1.5843671490587643,True,True,8,0.16182194553539825,0.1695105106676222,0.007688565132223962,315.2875671386719,equal_weight,quarterly,5
2026-01-02,WBD,ADD,Current weight is below target weight,1.5409981773941284,True,True,207,0.378624011187298,0.41472073469892595,0.03609672351162796,28.510000228881836,equal_weight,quarterly,5
2026-01-02,TER,BUY,New target holding from latest signal,1.2343202989541289,True,False,0,0.0,0.16729094118156698,0.16729094118156698,207.39492797851562,equal_weight,quarterly,5
2026-01-02,ALB,SELL,Ticker is no longer selected by the signal,1.1596144170666376,False,True,22,0.20213095941359863,0.0,-0.20213095941359863,143.20875549316406,equal_weight,quarterly,5
2026-01-05,SNDK,HOLD,Current holding remains close to target weight,5.061034479733346,True,True,5,0.08726218214954633,0.09063184756197849,0.0033696654124321657,274.0799865722656,equal_weight,quarterly,5
2026-01-05,WDC,HOLD,Current holding remains close to target weight,1.8863839073114588,True,True,13,0.1554109577569674,0.1576420682841251,0.0022311105271577147,187.74118041992188,equal_weight,quarterly,5
2026-01-05,MU,HOLD,Current holding remains close to target weight,1.6056676550679243,True,True,8,0.15894602010199899,0.16920651747786478,0.01026049737586579,312.0189208984375,equal_weight,quarterly,5
2026-01-05,WBD,HOLD,Current holding remains close to target weight,1.5889291743673124,True,True,237,0.4305552295327716,0.4153780732748126,-0.015177156257959012,28.530000686645508,equal_weight,quarterly,5
2026-01-05,TER,HOLD,Current holding remains close to target weight,1.4272756356591758,True,True,12,0.1675903332199827,0.167141493401219,-0.00044883981876370216,219.32542419433594,equal_weight,quarterly,5
2026-01-06,SNDK,HOLD,Current holding remains close to target weight,6.572666639566369,True,True,5,0.10381401113411894,0.0850525585701229,-0.018761452563996042,349.6300048828125,equal_weight,quarterly,5
2026-01-06,WDC,TRIM,Current weight is above target weight,2.433489638795827,True,True,13,0.1692375101986815,0.1466813546359476,-0.02255615556273391,219.2178955078125,equal_weight,quarterly,5
2026-01-06,MU,HOLD,Current holding remains close to target weight,1.7630918497263846,True,True,8,0.1630883935518251,0.1647931709534112,0.0017047774015860884,343.2857666015625,equal_weight,quarterly,5
2026-01-06,WBD,ADD,Current weight is below target weight,1.495179640148001,True,True,237,0.40069421611961076,0.433059071776928,0.032364855657317226,28.469999313354492,equal_weight,quarterly,5
2026-01-06,TER,HOLD,Current holding remains close to target weight,1.4858309924293724,True,True,12,0.16294644786691495,0.17041384406359042,0.007467396196675469,228.65798950195312,equal_weight,quarterly,5
2026-01-07,SNDK,HOLD,Current holding remains close to target weight,6.652813673592214,True,True,4,0.08550544177962799,0.08380130461907287,-0.0017041371605551192,353.55999755859375,equal_weight,quarterly,5
2026-01-07,WDC,HOLD,Current holding remains close to target weight,2.098291929968241,True,True,11,0.1328347275952343,0.14278293751583604,0.009948209920601747,199.7322998046875,equal_weight,quarterly,5
2026-01-07,MU,HOLD,Current holding remains close to target weight,1.780594594908803,True,True,8,0.1641655204623612,0.16391471152473422,-0.0002508089376269673,339.40740966796875,equal_weight,quarterly,5
2026-01-07,WBD,HOLD,Current holding remains close to target weight,1.488250715587753,True,True,256,0.44251170682785673,0.43889855646365017,-0.003613150364206563,28.59000015258789,equal_weight,quarterly,5
2026-01-07,TER,HOLD,Current holding remains close to target weight,1.4021570662948664,True,True,13,0.1747267483460965,0.17060248987670665,-0.004124258469389852,222.30303955078125,equal_weight,quarterly,5
2026-01-08,SNDK,HOLD,Current holding remains close to target weight,6.125452675370243,True,True,4,0.08321828161337808,0.08411743134263847,0.00089914972926039,334.5400085449219,equal_weight,quarterly,5
2026-01-08,WDC,HOLD,Current holding remains close to target weight,1.8904021013823629,True,True,11,0.12829222704982887,0.14150427650279318,0.013212049452964308,187.54132080078125,equal_weight,quarterly,5
2026-01-08,MU,HOLD,Current holding remains close to target weight,1.6590607497324812,True,True,8,0.1626269656978457,0.1635707838844259,0.0009438181865801809,326.8826599121094,equal_weight,quarterly,5
2026-01-08,WBD,HOLD,Current holding remains close to target weight,1.4309013409561793,True,True,256,0.45086227530542095,0.4395585493018496,-0.011303726003571324,28.31999969482422,equal_weight,quarterly,5
2026-01-08,TER,HOLD,Current holding remains close to target weight,1.1972343032028614,True,True,13,0.17473708181440503,0.1712489589682928,-0.0034881228461122182,216.13795471191406,equal_weight,quarterly,5
2026-01-09,SNDK,HOLD,Current holding remains close to target weight,7.188544205090837,True,True,4,0.09031882466833352,0.07644831372063512,-0.013870510947698395,377.4100036621094,equal_weight,quarterly,5
2026-01-09,WDC,HOLD,Current holding remains close to target weight,2.036811713421467,True,True,13,0.15579550589784982,0.13924027565840766,-0.016555230239442165,200.31187438964844,equal_weight,quarterly,5
2026-01-09,MU,HOLD,Current holding remains close to target weight,1.7739950807261442,True,True,8,0.1650991526634849,0.149916755479341,-0.015182397184143909,344.9450988769531,equal_weight,quarterly,5
2026-01-09,WBD,HOLD,Current holding remains close to target weight,1.4629156451050083,True,True,250,0.43210811256708304,0.43194204737606656,-0.00016606519101647343,28.889999389648438,equal_weight,quarterly,5
2026-01-09,ALB,BUY,New target holding from latest signal,1.2915546563256193,True,False,0,0.0,0.20245260776554977,0.20245260776554977,160.4817657470703,equal_weight,quarterly,5
2026-01-09,TER,SELL,Ticker is no longer selected by the signal,1.242585429543276,False,True,12,0.1558548601550833,0.0,-0.1558548601550833,217.0872039794922,equal_weight,quarterly,5
2026-01-12,SNDK,HOLD,Current holding remains close to target weight,8.163606243136487,True,True,3,0.06955953997842568,0.0748633255492302,0.00530378557080452,389.2699890136719,equal_weight,quarterly,5
2026-01-12,WDC,HOLD,Current holding remains close to target weight,2.175821433890441,True,True,12,0.15151907396503103,0.13335333556525195,-0.018165738399779086,211.98324584960938,equal_weight,quarterly,5
2026-01-12,MU,HOLD,Current holding remains close to target weight,1.9190323271358452,True,True,7,0.14414946999943987,0.14745156384684838,0.0033020938474085104,345.7247619628906,equal_weight,quarterly,5
2026-01-12,ALB,HOLD,Current holding remains close to target weight,1.3759922739810215,True,True,20,0.20070892156060643,0.2054984130000754,0.004789491439468968,168.48147583007812,equal_weight,quarterly,5
2026-01-12,WBD,HOLD,Current holding remains close to target weight,1.3646960097663872,True,True,256,0.4330547665624267,0.4388333620385941,0.005778595476167381,28.399999618530273,equal_weight,quarterly,5
2026-01-13,SNDK,ADD,Current weight is below target weight,8.124765599718256,True,True,3,0.06868774916007041,0.09948793186285848,0.030800182702788073,389.80999755859375,equal_weight,quarterly,5
2026-01-13,WDC,ADD,Current weight is below target weight,2.1752019004527963,True,True,11,0.13816259835780018,0.16726430779773535,0.029101709439935175,213.8418731689453,equal_weight,quarterly,5
2026-01-13,MU,ADD,Current weight is below target weight,1.8180703001632037,True,True,7,0.138964665631149,0.19666620950825417,0.05770154387710516,337.9880065917969,equal_weight,quarterly,5
2026-01-13,ALB,ADD,Current weight is below target weight,1.5475074604679682,True,True,20,0.20674357376793856,0.2899241265164314,0.08318055274849284,175.99363708496094,equal_weight,quarterly,5
2026-01-13,TER,BUY,New target holding from latest signal,1.4688177004500638,True,False,0,0.0,0.2466574243147206,0.2466574243147206,229.08766174316406,equal_weight,quarterly,5
2026-01-13,WBD,SELL,Ticker is no longer selected by the signal,1.3990025977518177,False,True,263,0.4458175300881411,0.0,-0.4458175300881411,28.860000610351562,equal_weight,quarterly,5
2026-01-14,SNDK,HOLD,Current holding remains close to target weight,8.376450479585651,True,True,4,0.0907014578416156,0.09964769142601738,0.008946233584401789,387.80999755859375,equal_weight,quarterly,5
2026-01-14,WDC,HOLD,Current holding remains close to target weight,2.2379881361241085,True,True,13,0.16330370820397255,0.1685159935532429,0.005212285349270346,214.84112548828125,equal_weight,quarterly,5
2026-01-14,MU,HOLD,Current holding remains close to target weight,1.8660441992017507,True,True,10,0.1948288785140872,0.1968227598769038,0.001993881362816613,333.21002197265625,equal_weight,quarterly,5
2026-01-14,ALB,HOLD,Current holding remains close to target weight,1.5429930356362718,True,True,28,0.28922261906236585,0.28851274883028527,-0.0007098702320805783,176.66029357910156,equal_weight,quarterly,5
2026-01-14,TER,HOLD,Current holding remains close to target weight,1.5070202879465229,True,True,19,0.25552287950220864,0.24650080631355079,-0.009022073188657859,230.00692749023438,equal_weight,quarterly,5
2026-01-15,SNDK,HOLD,Current holding remains close to target weight,8.8564543767449,True,True,4,0.09536309748371743,0.1010225510669267,0.005659453583209267,409.239990234375,equal_weight,quarterly,5
2026-01-15,WDC,HOLD,Current holding remains close to target weight,2.32046168892363,True,True,13,0.16807890060889044,0.17004825307526256,0.001969352466372115,221.93589782714844,equal_weight,quarterly,5
2026-01-15,MU,HOLD,Current holding remains close to target weight,1.975250588483069,True,True,10,0.1960255623577025,0.19613147609175957,0.00010591373405707816,336.4886474609375,equal_weight,quarterly,5
2026-01-15,TER,HOLD,Current holding remains close to target weight,1.4579884448482843,True,True,18,0.23857904024639504,0.2460425333202295,0.007463493073834454,227.51890563964844,equal_weight,quarterly,5
2026-01-15,ALB,HOLD,Current holding remains close to target weight,1.313839616612114,True,True,29,0.29211798883596074,0.2867551864458217,-0.005362802390139032,172.90916442871094,equal_weight,quarterly,5
2026-01-16,SNDK,HOLD,Current holding remains close to target weight,8.803745166640972,True,True,4,0.09657570996385993,0.0840805187576779,-0.012495191206182032,413.6199951171875,equal_weight,quarterly,5
2026-01-16,WDC,TRIM,Current weight is above target weight,2.2639139016165046,True,True,13,0.16796625472357385,0.13318265082946348,-0.034783603894110365,221.3463134765625,equal_weight,quarterly,5
2026-01-16,MU,TRIM,Current weight is above target weight,2.1744367770396247,True,True,10,0.21165640832299923,0.15834778742701566,-0.053308620895983566,362.5976867675781,equal_weight,quarterly,5
2026-01-16,TER,TRIM,Current weight is above target weight,1.4334766230939073,True,True,18,0.23952663264513777,0.17524758673428936,-0.0642790459108484,227.96853637695312,equal_weight,quarterly,5
2026-01-16,WBD,BUY,New target holding from latest signal,1.2415686214671418,True,False,0,0.0,0.44914145625155366,0.44914145625155366,28.579999923706055,equal_weight,quarterly,5
2026-01-16,ALB,SELL,Ticker is no longer selected by the signal,1.13337691813512,False,True,30,0.2840796045465485,0.0,-0.2840796045465485,162.22299194335938,equal_weight,quarterly,5
2026-01-20,SNDK,HOLD,Current holding remains close to target weight,9.889689701289315,True,True,4,0.10595340654260005,0.10081714078466257,-0.005136265757937478,453.1199951171875,equal_weight,quarterly,5
2026-01-20,WDC,ADD,Current weight is below target weight,2.2500591506040037,True,True,10,0.13024682041919344,0.169391679999675,0.039144859580481556,222.8052520751953,equal_weight,quarterly,5
2026-01-20,MU,ADD,Current weight is below target weight,2.2268491993031745,True,True,7,0.14929670298963993,0.197795759009267,0.04849905601962706,364.84674072265625,equal_weight,quarterly,5
2026-01-20,TER,ADD,Current weight is below target weight,1.366323174912171,True,True,13,0.17007823072364153,0.2477863663462355,0.07770813562259396,223.80184936523438,equal_weight,quarterly,5
2026-01-20,ALB,BUY,New target holding from latest signal,1.2553433745723468,True,False,0,0.0,0.28420905386016,0.28420905386016,171.67538452148438,equal_weight,quarterly,5
2026-01-20,WBD,SELL,Ticker is no longer selected by the signal,1.2062499492429204,False,True,269,0.44407740342247787,0.0,-0.44407740342247787,28.239999771118164,equal_weight,quarterly,5
2026-01-21,SNDK,HOLD,Current holding remains close to target weight,11.120164437798854,True,True,4,0.11153716195362542,0.12039829955403752,0.0088611376004121,501.2900085449219,equal_weight,quarterly,5
2026-01-21,WDC,HOLD,Current holding remains close to target weight,2.6143205308916384,True,True,13,0.17479489231833828,0.18866833989985715,0.013873447581518872,241.72125244140625,equal_weight,quarterly,5
2026-01-21,MU,ADD,Current weight is below target weight,2.5662969461506036,True,True,9,0.19471662450898808,0.23314922929419696,0.03843260478520888,388.94659423828125,equal_weight,quarterly,5
2026-01-21,TER,ADD,Current weight is below target weight,1.479175372387151,True,True,18,0.23199549454888913,0.2683112327464471,0.036315738197557956,231.70558166503906,equal_weight,quarterly,5
2026-01-21,STX,BUY,New target holding from latest signal,1.3617638455921965,True,False,0,0.0,0.18947289850546126,0.18947289850546126,343.3757629394531,equal_weight,quarterly,5
2026-01-21,ALB,SELL,Ticker is no longer selected by the signal,1.1814434380262577,False,True,28,0.2790384549713051,0.0,-0.2790384549713051,179.15769958496094,equal_weight,quarterly,5
2026-01-22,SNDK,HOLD,Current holding remains close to target weight,10.707907033521076,True,True,4,0.11219177117858802,0.10073823416247972,-0.011453537016108295,503.44000244140625,equal_weight,quarterly,5
2026-01-22,MU,TRIM,Current weight is above target weight,2.623687901749599,True,True,11,0.24354996638485177,0.19738789450545732,-0.046162071879394445,397.41302490234375,equal_weight,quarterly,5
2026-01-22,WDC,TRIM,Current weight is above target weight,2.516575832201696,True,True,14,0.18962017098291445,0.16702598256337994,-0.022594188419534506,243.11021423339844,equal_weight,quarterly,5
2026-01-22,TER,HOLD,Current holding remains close to target weight,1.4674178229742867,True,True,20,0.2551165670871166,0.24697267901507436,-0.008143888072042249,228.957763671875,equal_weight,quarterly,5
2026-01-22,ALB,BUY,New target holding from latest signal,1.4103725814241321,True,False,0,0.0,0.2878752097536085,0.2878752097536085,187.37632751464844,equal_weight,quarterly,5
2026-01-22,STX,SELL,Ticker is no longer selected by the signal,1.281580688097122,False,True,10,0.1925873029690088,0.0,-0.1925873029690088,345.6800842285156,equal_weight,quarterly,5
2026-01-23,SNDK,ADD,Current weight is below target weight,10.26557230388389,True,True,3,0.0799417801879339,0.1195163818598979,0.039574601671964,473.8299865722656,equal_weight,quarterly,5
2026-01-23,MU,ADD,Current weight is below target weight,2.580612407901388,True,True,9,0.20219477880111733,0.23474805854430267,0.03255327974318534,399.482177734375,equal_weight,quarterly,5
2026-01-23,WDC,HOLD,Current holding remains close to target weight,2.4316935263356063,True,True,13,0.17269567208361716,0.1875840869278376,0.014888414844220432,236.21533203125,equal_weight,quarterly,5
2026-01-23,TER,HOLD,Current holding remains close to target weight,1.5137842695134882,True,True,20,0.25756757246860396,0.2692570185024413,0.01168944603383737,228.9977264404297,equal_weight,quarterly,5
2026-01-23,STX,BUY,New target holding from latest signal,1.2791973080415762,True,False,0,0.0,0.18889445416552053,0.18889445416552053,345.2511291503906,equal_weight,quarterly,5
2026-01-23,ALB,SELL,Ticker is no longer selected by the signal,1.270293443564129,False,True,27,0.286315035434261,0.0,-0.286315035434261,188.5603485107422,equal_weight,quarterly,5
2026-01-26,SNDK,HOLD,Current holding remains close to target weight,10.082862355609711,True,True,5,0.13177125406922882,0.12072411705154788,-0.011047137017680939,470.79998779296875,equal_weight,quarterly,5
2026-01-26,WDC,HOLD,Current holding remains close to target weight,2.506601104158017,True,True,14,0.1886113883544043,0.18666080789614717,-0.001950580458257134,240.6720428466797,equal_weight,quarterly,5
2026-01-26,MU,HOLD,Current holding remains close to target weight,2.500727306838607,True,True,10,0.2177117580294893,0.23363581913532272,0.015924061105833415,388.9266052246094,equal_weight,quarterly,5
2026-01-26,TER,HOLD,Current holding remains close to target weight,1.5752467192133288,True,True,20,0.25924980494099764,0.2699533149404423,0.010703509999444638,231.56568908691406,equal_weight,quarterly,5
2026-01-26,STX,HOLD,Current holding remains close to target weight,1.388245129080104,True,True,10,0.20007022300550859,0.18902594097653996,-0.011044282028968622,357.4112548828125,equal_weight,quarterly,5
2026-01-27,SNDK,TRIM,Current weight is above target weight,10.492719018629273,True,True,5,0.1296459760619038,0.10142126582451969,-0.028224710237384126,481.42999267578125,equal_weight,quarterly,5
2026-01-27,MU,TRIM,Current weight is above target weight,2.691350231820279,True,True,11,0.24294287214577628,0.19474657579165006,-0.04819629635412623,410.0677185058594,equal_weight,quarterly,5
2026-01-27,WDC,TRIM,Current weight is above target weight,2.669481672485814,True,True,14,0.19037039368175349,0.1615956223399245,-0.028774771341828986,252.4733123779297,equal_weight,quarterly,5
2026-01-27,TER,HOLD,Current holding remains close to target weight,1.626301760746597,True,True,20,0.25717527614980645,0.24273289771101944,-0.014442378438787012,238.74996948242188,equal_weight,quarterly,5
2026-01-27,ALB,BUY,New target holding from latest signal,1.6190026659529329,True,False,0,0.0,0.2995036383328864,0.2995036383328864,193.2069549560547,equal_weight,quarterly,5
2026-01-27,STX,SELL,Ticker is no longer selected by the signal,1.485114004422996,False,True,9,0.17976063179120186,0.0,-0.17976063179120186,370.84820556640625,equal_weight,quarterly,5
2026-01-28,SNDK,HOLD,Current holding remains close to target weight,11.290472889169761,True,True,4,0.10835270635203469,0.1261020725698601,0.017749366217825427,527.6300048828125,equal_weight,quarterly,5
2026-01-28,WDC,HOLD,Current holding remains close to target weight,2.9689949524273125,True,True,12,0.1721880313067229,0.18596730921963625,0.013779277912913362,279.4933166503906,equal_weight,quarterly,5
2026-01-28,MU,ADD,Current weight is below target weight,2.8918236785905513,True,True,9,0.2010384439252251,0.23745857212139623,0.03642012819617113,435.09722900390625,equal_weight,quarterly,5
2026-01-28,STX,BUY,New target holding from latest signal,1.917814563223605,True,False,0,0.0,0.17851595802896303,0.17851595802896303,441.8436584472656,equal_weight,quarterly,5
2026-01-28,TER,ADD,Current weight is below target weight,1.7710823140960534,True,True,19,0.24413576643658205,0.27195608806014454,0.02782032162356249,250.28079223632812,equal_weight,quarterly,5
2026-01-28,ALB,SELL,Ticker is no longer selected by the signal,1.596221716957411,False,True,29,0.2730628136123356,0.0,-0.2730628136123356,183.40631103515625,equal_weight,quarterly,5
2026-01-29,SNDK,TRIM,Current weight is above target weight,11.429131029709803,True,True,5,0.1383034807636756,0.10785184379216345,-0.030451636971512153,539.2999877929688,equal_weight,quarterly,5
2026-01-29,WDC,HOLD,Current holding remains close to target weight,2.905336627693402,True,True,12,0.17122917175834668,0.1690803771726222,-0.0021487945857244783,278.20428466796875,equal_weight,quarterly,5
2026-01-29,MU,HOLD,Current holding remains close to target weight,2.8019794358681023,True,True,10,0.2234228414112129,0.20508962495494124,-0.018333216456271673,435.6070251464844,equal_weight,quarterly,5
2026-01-29,STX,HOLD,Current holding remains close to target weight,2.0467573306249776,True,True,8,0.1827871903451316,0.17021443438527256,-0.012572755959859044,445.4747314453125,equal_weight,quarterly,5
2026-01-29,ALB,BUY,New target holding from latest signal,1.645213959476615,True,False,0,0.0,0.34776371969500064,0.34776371969500064,179.7945098876953,equal_weight,quarterly,5
2026-01-29,TER,SELL,Ticker is no longer selected by the signal,1.3438360104454552,False,True,22,0.28397902869130687,0.0,-0.28397902869130687,251.669677734375,equal_weight,quarterly,5
2026-01-30,SNDK,ADD,Current weight is below target weight,12.426142231686875,True,True,3,0.0907144468072838,0.11752969188627964,0.02681524507899584,576.25,equal_weight,quarterly,5
2026-01-30,MU,HOLD,Current holding remains close to target weight,2.8052735593270173,True,True,9,0.19585148159552687,0.19926255192791298,0.003411070332386107,414.7057800292969,equal_weight,quarterly,5
2026-01-30,WDC,HOLD,Current holding remains close to target weight,2.186208291124596,True,True,12,0.1574504355760342,0.17097276697363378,0.01352233139759959,250.04510498046875,equal_weight,quarterly,5
2026-01-30,STX,HOLD,Current holding remains close to target weight,1.6116047535740874,True,True,8,0.1707252842744444,0.18121990467354546,0.010494620399101068,406.6900939941406,equal_weight,quarterly,5
2026-01-30,ALB,TRIM,Current weight is above target weight,1.5360884733788018,True,True,43,0.38307728738104935,0.3310150845386282,-0.052062202842421135,169.7749786376953,equal_weight,quarterly,5
2026-02-02,SNDK,HOLD,Current holding remains close to target weight,15.095813229181243,True,True,4,0.1340721577122775,0.12993548621198991,-0.0041366715002875976,665.239990234375,equal_weight,quarterly,5
2026-02-02,MU,ADD,Current weight is below target weight,3.1785957135012284,True,True,9,0.19844314869671317,0.2219675621872321,0.023524413490518925,437.61614990234375,equal_weight,quarterly,5
2026-02-02,WDC,HOLD,Current holding remains close to target weight,2.5370623170428974,True,True,13,0.17687081037886224,0.19092214951775416,0.014051339138891922,270.03033447265625,equal_weight,quarterly,5
2026-02-02,STX,ADD,Current weight is below target weight,1.812829917844823,True,True,8,0.17408507432901674,0.19821885135280906,0.024133777023792324,431.8881530761719,equal_weight,quarterly,5
2026-02-02,INTC,BUY,New target holding from latest signal,1.5277059929172272,True,False,0,0.0,0.2589559507302149,0.2589559507302149,48.810001373291016,equal_weight,quarterly,5
2026-02-02,ALB,SELL,Ticker is no longer selected by the signal,1.4495636097521643,False,True,38,0.3141968170425133,0.0,-0.3141968170425133,164.10353088378906,equal_weight,quarterly,5
2026-02-03,SNDK,HOLD,Current holding remains close to target weight,15.361092383607982,True,True,4,0.13669222358396851,0.12556068619670496,-0.011131537387263551,695.510009765625,equal_weight,quarterly,5
2026-02-03,MU,HOLD,Current holding remains close to target weight,2.8960029033340486,True,True,10,0.20600031621577572,0.21384653718945335,0.007846220973677626,419.2638854980469,equal_weight,quarterly,5
2026-02-03,WDC,TRIM,Current weight is above target weight,2.7626017563785643,True,True,14,0.1995008135672521,0.17506099033858658,-0.02443982322866553,290.0255126953125,equal_weight,quarterly,5
2026-02-03,STX,HOLD,Current holding remains close to target weight,1.887544033352205,True,True,9,0.1960556560894315,0.1833059527842358,-0.012749703305195703,443.35992431640625,equal_weight,quarterly,5
2026-02-03,TER,BUY,New target holding from latest signal,1.6814109850197698,True,False,0,0.0,0.3022258334910195,0.3022258334910195,282.75494384765625,equal_weight,quarterly,5
2026-02-03,INTC,SELL,Ticker is no longer selected by the signal,1.5256410256410255,False,True,108,0.26134272944832865,0.0,-0.26134272944832865,49.25,equal_weight,quarterly,5
2026-02-04,SNDK,HOLD,Current holding remains close to target weight,12.941091904089795,True,True,4,0.12476264868437485,0.12294402958822254,-0.0018186190961523158,584.5499877929688,equal_weight,quarterly,5
2026-02-04,WDC,HOLD,Current holding remains close to target weight,2.559342214973843,True,True,12,0.17237603448141428,0.17766816647035463,0.005292131988940352,269.2109375,equal_weight,quarterly,5
2026-02-04,MU,HOLD,Current holding remains close to target weight,2.482404091354911,True,True,10,0.20235683101610957,0.21092091804267213,0.008564087026562556,379.2406921386719,equal_weight,quarterly,5
2026-02-04,STX,HOLD,Current holding remains close to target weight,1.7748206757033382,True,True,8,0.17826119694695303,0.18707435376710632,0.008813156820153295,417.603271484375,equal_weight,quarterly,5
2026-02-04,TER,HOLD,Current holding remains close to target weight,1.5207542829298482,True,True,22,0.31560605939519476,0.30139253213164446,-0.014213527263550296,268.8559875488281,equal_weight,quarterly,5
2026-02-05,SNDK,HOLD,Current holding remains close to target weight,12.686461593608415,True,True,4,0.12411040839167232,0.12194654734590032,-0.0021638610457720003,576.2000122070312,equal_weight,quarterly,5
2026-02-05,WDC,HOLD,Current holding remains close to target weight,2.533509546930868,True,True,13,0.18200691073176728,0.1746983474121748,-0.0073085633195924815,259.99774169921875,equal_weight,quarterly,5
2026-02-05,MU,HOLD,Current holding remains close to target weight,2.523484175745309,True,True,10,0.20609459507208455,0.21373636941591348,0.007641774343828928,382.729248046875,equal_weight,quarterly,5
2026-02-05,STX,HOLD,Current holding remains close to target weight,1.7690303703890198,True,True,8,0.17423515531783035,0.18621807911656543,0.011982923798735085,404.4555969238281,equal_weight,quarterly,5
2026-02-05,TER,HOLD,Current holding remains close to target weight,1.5897015183350316,True,True,21,0.3063559241933726,0.3034006567094461,-0.0029552674839264936,270.91436767578125,equal_weight,quarterly,5
2026-02-06,SNDK,HOLD,Current holding remains close to target weight,13.695257615824442,True,True,4,0.1203776814026988,0.12413383174493328,0.0037561503422344766,597.9500122070312,equal_weight,quarterly,5
2026-02-06,WDC,HOLD,Current holding remains close to target weight,2.803551876908278,True,True,12,0.17053861303328835,0.17065673548527405,0.00011812245198569715,282.3711853027344,equal_weight,quarterly,5
2026-02-06,MU,HOLD,Current holding remains close to target weight,2.5317484622771276,True,True,11,0.21841753646741469,0.22020366343739195,0.0017861269699772642,394.5242614746094,equal_weight,quarterly,5
2026-02-06,STX,HOLD,Current holding remains close to target weight,1.9156191131927018,True,True,8,0.17243513528012738,0.19001780611350175,0.017582670833374364,428.2670593261719,equal_weight,quarterly,5
2026-02-06,TER,TRIM,Current weight is above target weight,1.823961411940184,True,True,21,0.31693869641866707,0.29498796321889914,-0.021950733199767924,299.87127685546875,equal_weight,quarterly,5
2026-02-09,SNDK,HOLD,Current holding remains close to target weight,12.157420442183119,True,True,4,0.11739701496885901,0.11932054099765371,0.0019235260287946976,583.4000244140625,equal_weight,quarterly,5
2026-02-09,WDC,HOLD,Current holding remains close to target weight,2.8222379411890457,True,True,12,0.17252089476651128,0.17146783942041632,-0.0010530553460949554,285.7786865234375,equal_weight,quarterly,5
2026-02-09,MU,HOLD,Current holding remains close to target weight,2.2289948742883534,True,True,11,0.21213203785357218,0.21193872099124025,-0.00019331686233192702,383.3389587402344,equal_weight,quarterly,5
2026-02-09,CIEN,BUY,New target holding from latest signal,2.047338524253867,True,False,0,0.0,0.21104233626263855,0.21104233626263855,289.67999267578125,equal_weight,quarterly,5
2026-02-09,TER,HOLD,Current holding remains close to target weight,1.889703452016108,True,True,19,0.296083635860719,0.2862305623280513,-0.009853073532667733,309.7634582519531,equal_weight,quarterly,5
2026-02-09,STX,SELL,Ticker is no longer selected by the signal,1.8411977896638416,False,True,9,0.1919533063206664,0.0,-0.1919533063206664,423.9576416015625,equal_weight,quarterly,5
2026-02-10,SNDK,HOLD,Current holding remains close to target weight,11.488817800044595,True,True,4,0.1120303384857097,0.11874500933711878,0.006714670851409074,541.6400146484375,equal_weight,quarterly,5
2026-02-10,WDC,HOLD,Current holding remains close to target weight,2.5246120335701194,True,True,12,0.16279974166249744,0.1689096495741764,0.006109907911678952,262.3659973144531,equal_weight,quarterly,5
2026-02-10,CIEN,HOLD,Current holding remains close to target weight,2.1987579887843487,True,True,14,0.21623609591022952,0.2149247418166721,-0.0013113540935574264,298.70001220703125,equal_weight,quarterly,5
2026-02-10,MU,HOLD,Current holding remains close to target weight,2.0200018131591384,True,True,11,0.21221447637431573,0.21169194111086745,-0.0005225352634482816,373.09326171875,equal_weight,quarterly,5
2026-02-10,TER,HOLD,Current holding remains close to target weight,1.9177244403837235,True,True,18,0.2835535380895352,0.2857286581611653,0.002175120071630121,304.64752197265625,equal_weight,quarterly,5
2026-02-11,SNDK,HOLD,Current holding remains close to target weight,11.798206351083772,True,True,4,0.11757949889099131,0.11929055509068115,0.0017110561996898366,599.3400268554688,equal_weight,quarterly,5
2026-02-11,WDC,HOLD,Current holding remains close to target weight,2.6132126602347365,True,True,12,0.16098922100353713,0.1710944864706638,0.010105265467126673,273.5377197265625,equal_weight,quarterly,5
2026-02-11,MU,HOLD,Current holding remains close to target weight,2.215364756386995,True,True,11,0.2212852502284093,0.20896909755513468,-0.012316152673274627,410.1676940917969,equal_weight,quarterly,5
2026-02-11,CIEN,HOLD,Current holding remains close to target weight,2.0835061752587447,True,True,14,0.2041024554967931,0.22075521172179358,0.01665275622500048,297.25,equal_weight,quarterly,5
2026-02-11,TER,HOLD,Current holding remains close to target weight,1.884677933146894,True,True,18,0.2835559168129523,0.27989064916172673,-0.0036652676512255455,321.1943359375,equal_weight,quarterly,5
2026-02-12,SNDK,HOLD,Current holding remains close to target weight,12.40757286814528,True,True,4,0.12340858127212702,0.129173037673137,0.00576445640100999,630.2899780273438,equal_weight,quarterly,5
2026-02-12,WDC,HOLD,Current holding remains close to target weight,2.7420726431884153,True,True,13,0.18065025386834033,0.1860681430442009,0.005417889175860585,283.8901062011719,equal_weight,quarterly,5
2026-02-12,MU,ADD,Current weight is below target weight,2.3346473433658477,True,True,10,0.20254962175267538,0.23228059700160056,0.02973097524892518,413.7961730957031,equal_weight,quarterly,5
2026-02-12,CIEN,ADD,Current weight is below target weight,2.094865625621611,True,True,15,0.21510204534021557,0.24820352228473028,0.03310147694451471,292.9599914550781,equal_weight,quarterly,5
2026-02-12,STX,BUY,New target holding from latest signal,1.7635988188269627,True,False,0,0.0,0.20427469999633127,0.20427469999633127,430.1125183105469,equal_weight,quarterly,5
2026-02-12,TER,SELL,Ticker is no longer selected by the signal,1.7329024279987295,False,True,18,0.2738256958326509,0.0,-0.2738256958326509,310.7826232910156,equal_weight,quarterly,5
2026-02-13,SNDK,HOLD,Current holding remains close to target weight,12.42245058831163,True,True,4,0.12162858365161669,0.1181327779902208,-0.003495805661395887,626.5599975585938,equal_weight,quarterly,5
2026-02-13,WDC,HOLD,Current holding remains close to target weight,2.700608935129133,True,True,13,0.1775158338993624,0.17099300720518507,-0.006522826694177336,281.3719177246094,equal_weight,quarterly,5
2026-02-13,CIEN,TRIM,Current weight is above target weight,2.3244368794023202,True,True,17,0.2507386106880209,0.21907171195722405,-0.03166689873079684,303.9200134277344,equal_weight,quarterly,5
2026-02-13,MU,TRIM,Current weight is above target weight,2.2890431929276214,True,True,12,0.23963514920707565,0.2105493120701112,-0.029085837136964443,411.4871520996094,equal_weight,quarterly,5
2026-02-13,TER,BUY,New target holding from latest signal,1.8201252790281064,True,False,0,0.0,0.2812531907772589,0.2812531907772589,314.54119873046875,equal_weight,quarterly,5
2026-02-13,STX,SELL,Ticker is no longer selected by the signal,1.7512610469730179,False,True,10,0.20622718431963086,0.0,-0.20622718431963086,424.9451904296875,equal_weight,quarterly,5
2026-02-17,SNDK,HOLD,Current holding remains close to target weight,12.259766832415574,True,True,4,0.11677317260140074,0.11935126857039224,0.0025780959689915006,590.5900268554688,equal_weight,quarterly,5
2026-02-17,WDC,HOLD,Current holding remains close to target weight,2.7925585379212556,True,True,12,0.16840062619712678,0.17019450587276233,0.0017938796756355457,283.9000549316406,equal_weight,quarterly,5
2026-02-17,CIEN,HOLD,Current holding remains close to target weight,2.3270603877431646,True,True,15,0.22416585596116537,0.22231167677695837,-0.0018541791842069943,302.3299865722656,equal_weight,quarterly,5
2026-02-17,MU,HOLD,Current holding remains close to target weight,2.3109288041670526,True,True,11,0.21728428536596026,0.20572864929568146,-0.01155563607027879,399.61212158203125,equal_weight,quarterly,5
2026-02-17,TER,HOLD,Current holding remains close to target weight,1.7983597100817907,True,True,18,0.27174360902042777,0.2824138994842056,0.01067029046377782,305.4146423339844,equal_weight,quarterly,5
2026-02-18,SNDK,HOLD,Current holding remains close to target weight,12.18980708207926,True,True,4,0.11472135186017338,0.12016397273414213,0.005442620873968754,600.4000244140625,equal_weight,quarterly,5
2026-02-18,WDC,HOLD,Current holding remains close to target weight,2.894926205755893,True,True,12,0.1698698616066759,0.17012241627130506,0.0002525546646291732,296.3408508300781,equal_weight,quarterly,5
2026-02-18,MU,HOLD,Current holding remains close to target weight,2.4106335599252047,True,True,10,0.20099797888022308,0.20495776397987228,0.003959785099649199,420.77325439453125,equal_weight,quarterly,5
2026-02-18,CIEN,HOLD,Current holding remains close to target weight,2.382573593199158,True,True,15,0.22281239055350405,0.22245326103105417,-0.00035912952244987473,310.9599914550781,equal_weight,quarterly,5
2026-02-18,TER,HOLD,Current holding remains close to target weight,1.8575921314099322,True,True,19,0.28562451661716226,0.28230258598362634,-0.003321930633535919,314.7011413574219,equal_weight,quarterly,5
2026-02-19,SNDK,HOLD,Current holding remains close to target weight,12.932032331654456,True,True,4,0.1184683423704154,0.12007838740766277,0.0016100450372473762,621.0900268554688,equal_weight,quarterly,5
2026-02-19,WDC,HOLD,Current holding remains close to target weight,2.7599600413422456,True,True,12,0.16277576219667148,0.16920959078299083,0.006433828586319357,284.4596862792969,equal_weight,quarterly,5
2026-02-19,CIEN,HOLD,Current holding remains close to target weight,2.5869101690112495,True,True,15,0.22775385026903278,0.22284428216746618,-0.0049095681015665915,318.4100036621094,equal_weight,quarterly,5
2026-02-19,MU,HOLD,Current holding remains close to target weight,2.4230238975335103,True,True,10,0.1989325147012742,0.20508543272277122,0.006152918021497006,417.17474365234375,equal_weight,quarterly,5
2026-02-19,TER,HOLD,Current holding remains close to target weight,1.8619518990314172,True,True,19,0.28610601726257284,0.282782306919109,-0.003323710343463848,315.7807312011719,equal_weight,quarterly,5
2026-02-20,SNDK,HOLD,Current holding remains close to target weight,13.638962801032443,True,True,4,0.12023173165833713,0.12053827882710504,0.00030654716876790666,649.969970703125,equal_weight,quarterly,5
2026-02-20,CIEN,HOLD,Current holding remains close to target weight,2.865997398045346,True,True,15,0.23234700333386632,0.22011480753805993,-0.012232195795806394,334.95001220703125,equal_weight,quarterly,5
2026-02-20,WDC,HOLD,Current holding remains close to target weight,2.782155430751384,True,True,13,0.17152391247973997,0.17072005667814832,-0.0008038558015916464,285.30902099609375,equal_weight,quarterly,5
2026-02-20,MU,HOLD,Current holding remains close to target weight,2.656780474462392,True,True,10,0.19792454137118165,0.20686045086520785,0.0089359094940262,427.9902038574219,equal_weight,quarterly,5
2026-02-20,TER,HOLD,Current holding remains close to target weight,1.97259537777779,True,True,18,0.27030694243597503,0.2817664060914788,0.011459463655503765,324.72735595703125,equal_weight,quarterly,5
2026-02-23,SNDK,HOLD,Current holding remains close to target weight,13.648131653502746,True,True,4,0.12358064025137049,0.12093985139942241,-0.0026407888519480727,666.489990234375,equal_weight,quarterly,5
2026-02-23,CIEN,HOLD,Current holding remains close to target weight,2.947344252845958,True,True,14,0.22379093241679102,0.22119801642564063,-0.002592915991150385,344.8399963378906,equal_weight,quarterly,5
2026-02-23,WDC,HOLD,Current holding remains close to target weight,2.7633560629006655,True,True,13,0.16886052645345173,0.17056307624318345,0.001702549789731722,280.2127990722656,equal_weight,quarterly,5
2026-02-23,MU,HOLD,Current holding remains close to target weight,2.639380087030959,True,True,10,0.19505881256952473,0.2066376671187204,0.01157885454919566,420.7932434082031,equal_weight,quarterly,5
2026-02-23,TER,HOLD,Current holding remains close to target weight,1.9203549521263348,True,True,19,0.28041153272739705,0.28066138881303304,0.00024985608563599104,318.3797607421875,equal_weight,quarterly,5
2026-02-24,SNDK,HOLD,Current holding remains close to target weight,12.770110723297716,True,True,4,0.11893611852098158,0.12417639163759783,0.005240273116616248,638.52001953125,equal_weight,quarterly,5
2026-02-24,CIEN,HOLD,Current holding remains close to target weight,2.8158336657725354,True,True,14,0.22341967060988713,0.21478309011122862,-0.008636580498658508,342.70001220703125,equal_weight,quarterly,5
2026-02-24,MU,HOLD,Current holding remains close to target weight,2.555750621420764,True,True,10,0.19457342307950698,0.2100320312715135,0.015458608192006507,417.83447265625,equal_weight,quarterly,5
2026-02-24,WDC,HOLD,Current holding remains close to target weight,2.5221879380937637,True,True,13,0.16367458339521385,0.1645412626279753,0.0008666792327614581,270.3700866699219,equal_weight,quarterly,5
2026-02-24,TER,HOLD,Current holding remains close to target weight,1.8604327195419028,True,True,19,0.29106068620451436,0.28646722435168465,-0.004593461852829717,328.96575927734375,equal_weight,quarterly,5
2026-02-25,SNDK,HOLD,Current holding remains close to target weight,12.518170615316066,True,True,4,0.11379557196435512,0.12546502770536658,0.011669455741011456,632.3800048828125,equal_weight,quarterly,5
2026-02-25,CIEN,HOLD,Current holding remains close to target weight,2.8938725467321444,True,True,13,0.20663842896993445,0.21511483455352853,0.008476405583594082,353.3299865722656,equal_weight,quarterly,5
2026-02-25,MU,HOLD,Current holding remains close to target weight,2.6887310626631646,True,True,11,0.2122046091308597,0.21056052489266247,-0.0016440842381972298,428.8198547363281,equal_weight,quarterly,5
2026-02-25,WDC,HOLD,Current holding remains close to target weight,2.6799160713204504,True,True,13,0.17003093201505215,0.16311444882690687,-0.006916483188145278,290.7350158691406,equal_weight,quarterly,5
2026-02-25,TER,HOLD,Current holding remains close to target weight,1.9347215476245077,True,True,19,0.29291594444743624,0.28574516402153566,-0.00717078042590058,342.6905822753906,equal_weight,quarterly,5
2026-02-26,SNDK,TRIM,Current weight is above target weight,12.767688393281686,True,True,5,0.15009835489661258,0.12837375229119333,-0.021724602605419252,651.9000244140625,equal_weight,quarterly,5
2026-02-26,CIEN,HOLD,Current holding remains close to target weight,2.7289322508248777,True,True,13,0.2042332241294219,0.21768218566141292,0.013448961531991016,341.1600036621094,equal_weight,quarterly,5
2026-02-26,MU,HOLD,Current holding remains close to target weight,2.5707142371825795,True,True,11,0.2104112450582113,0.21097022490041747,0.0005589798422061809,415.385498046875,equal_weight,quarterly,5
2026-02-26,WDC,HOLD,Current holding remains close to target weight,2.5479335308601785,True,True,12,0.15585441326161079,0.16286896861760364,0.007014555355992852,282.04144287109375,equal_weight,quarterly,5
2026-02-26,TER,HOLD,Current holding remains close to target weight,1.8111100492082355,True,True,18,0.27566793592124045,0.2801048685293726,0.00443693260813216,332.57440185546875,equal_weight,quarterly,5
2026-02-27,SNDK,HOLD,Current holding remains close to target weight,12.11643276969946,True,True,5,0.14818922928306308,0.12859077817942394,-0.019598451103639142,635.3599853515625,equal_weight,quarterly,5
2026-02-27,CIEN,HOLD,Current holding remains close to target weight,2.759974339435012,True,True,13,0.211457011542113,0.21983293616733535,0.008375924625222353,348.70001220703125,equal_weight,quarterly,5
2026-02-27,MU,HOLD,Current holding remains close to target weight,2.505689274676283,True,True,11,0.2115066939078169,0.21130443598178011,-0.00020225792603678627,412.19683837890625,equal_weight,quarterly,5
2026-02-27,WDC,HOLD,Current holding remains close to target weight,2.474039310190677,True,True,12,0.1564513981582424,0.16319526769452997,0.006743869536287556,279.4933166503906,equal_weight,quarterly,5
2026-02-27,TER,HOLD,Current holding remains close to target weight,1.7415002066040053,True,True,18,0.2686123538422855,0.27707658197693064,0.008464228134645146,319.9091796875,equal_weight,quarterly,5
2026-03-02,SNDK,HOLD,Current holding remains close to target weight,11.16984529366308,True,True,4,0.11556803325644097,0.12682987666722031,0.011261843410779349,619.0800170898438,equal_weight,quarterly,5
2026-03-02,CIEN,HOLD,Current holding remains close to target weight,2.6135459514951633,True,True,13,0.21460814720416618,0.21969566699735432,0.005087519793188139,353.7300109863281,equal_weight,quarterly,5
2026-03-02,MU,HOLD,Current holding remains close to target weight,2.3860267798290478,True,True,11,0.21176010584869126,0.21108817478607586,-0.0006719310626153996,412.4967346191406,equal_weight,quarterly,5
2026-03-02,WDC,HOLD,Current holding remains close to target weight,2.298534467043109,True,True,13,0.16373655374907384,0.16181475923879074,-0.001921794510283098,269.8804016113281,equal_weight,quarterly,5
2026-03-02,TER,HOLD,Current holding remains close to target weight,1.7698767931893742,True,True,19,0.2888095826082201,0.2805715223105588,-0.008238060297661276,325.70697021484375,equal_weight,quarterly,5
2026-03-03,SNDK,HOLD,Current holding remains close to target weight,9.775871164291818,True,True,5,0.14199688943325828,0.12885499934368477,-0.013141890089573505,565.4099731445312,equal_weight,quarterly,5
2026-03-03,CIEN,HOLD,Current holding remains close to target weight,2.5444291050071626,True,True,13,0.21748246201840726,0.2213697139231018,0.0038872519046945497,333.07000732421875,equal_weight,quarterly,5
2026-03-03,MU,HOLD,Current holding remains close to target weight,2.1936076128071162,True,True,11,0.20968789760765502,0.20935699167694424,-0.0003309059307107787,379.52056884765625,equal_weight,quarterly,5
2026-03-03,WDC,HOLD,Current holding remains close to target weight,2.1255100999213092,True,True,12,0.15093987226928668,0.1649209831858698,0.013981110916583134,250.42481994628906,equal_weight,quarterly,5
2026-03-03,TER,HOLD,Current holding remains close to target weight,1.5785152131077123,True,True,18,0.27494233568690624,0.2754973118703994,0.0005549761834931499,304.1051330566406,equal_weight,quarterly,5
2026-03-04,SNDK,HOLD,Current holding remains close to target weight,10.730174292899136,True,True,4,0.11639551430468335,0.1292392237433724,0.012843709438689052,599.0599975585938,equal_weight,quarterly,5
2026-03-04,CIEN,HOLD,Current holding remains close to target weight,2.6707981754015724,True,True,14,0.23362746951095978,0.22150939514527723,-0.012118074365682546,343.54998779296875,equal_weight,quarterly,5
2026-03-04,MU,HOLD,Current holding remains close to target weight,2.3860814703843984,True,True,11,0.2140481054760951,0.20675064893544892,-0.0072974565406461744,400.6016845703125,equal_weight,quarterly,5
2026-03-04,WDC,HOLD,Current holding remains close to target weight,2.19636808914765,True,True,13,0.16487987060847775,0.16410988708623683,-0.000769983522240919,261.1069030761719,equal_weight,quarterly,5
2026-03-04,TER,HOLD,Current holding remains close to target weight,1.5359902203342064,True,True,18,0.26674665133966374,0.2783908450896646,0.011644193750000864,305.08477783203125,equal_weight,quarterly,5
2026-03-05,SNDK,HOLD,Current holding remains close to target weight,9.66949716589069,True,True,5,0.14324809168349284,0.12940997450037664,-0.0138381171831162,565.5900268554688,equal_weight,quarterly,5
2026-03-05,MU,HOLD,Current holding remains close to target weight,2.3478703394015352,True,True,10,0.20103880332707186,0.20958828739338362,0.008549484066311758,396.8832702636719,equal_weight,quarterly,5
2026-03-05,CIEN,HOLD,Current holding remains close to target weight,2.156506947439973,True,True,14,0.21225202029408552,0.21144527810451663,-0.0008067421895688875,299.29998779296875,equal_weight,quarterly,5
2026-03-05,WDC,HOLD,Current holding remains close to target weight,2.0193523663537074,True,True,12,0.1574110488808137,0.16665895610683312,0.009247907226019425,258.9624938964844,equal_weight,quarterly,5
2026-03-05,TER,HOLD,Current holding remains close to target weight,1.559948286792192,True,True,18,0.2785162463149626,0.28289750389489005,0.004381257579927467,305.4646301269531,equal_weight,quarterly,5
2026-03-06,SNDK,TRIM,Current weight is above target weight,7.4372802734375,True,True,5,0.14282672195325705,0.08663892956274608,-0.05618779239051097,527.3300170898438,equal_weight,quarterly,5
2026-03-06,MU,TRIM,Current weight is above target weight,1.9843135797900504,True,True,10,0.20050641524406015,0.12671909656871702,-0.07378731867534313,370.1445007324219,equal_weight,quarterly,5
2026-03-06,WDC,TRIM,Current weight is above target weight,1.7137217489095766,True,True,12,0.1593800758079978,0.11396634664655993,-0.04541372916143786,245.1860809326172,equal_weight,quarterly,5
2026-03-06,CIEN,TRIM,Current weight is above target weight,1.5159939961910451,True,True,14,0.22309169701879034,0.1335314945481577,-0.08956020247063265,294.1700134277344,equal_weight,quarterly,5
2026-03-06,WBD,BUY,New target holding from latest signal,1.374681365836584,True,False,0,0.0,0.5391441326738193,0.5391441326738193,27.950000762939453,equal_weight,quarterly,5
2026-03-06,TER,SELL,Ticker is no longer selected by the signal,1.2920314839236098,False,True,18,0.26613846117223106,0.0,-0.26613846117223106,272.9468994140625,equal_weight,quarterly,5
2026-03-09,SNDK,ADD,Current weight is below target weight,7.588329019099195,True,True,3,0.09381619532972763,0.13344543317719254,0.039629237847464915,588.72998046875,equal_weight,quarterly,5
2026-03-09,MU,ADD,Current weight is below target weight,1.9665923732134587,True,True,6,0.12402692488024182,0.21258780752553508,0.08856088264529326,389.1565246582031,equal_weight,quarterly,5
2026-03-09,WDC,ADD,Current weight is below target weight,1.850893479497509,True,True,9,0.1252478992615775,0.17332752860409276,0.04807962934251525,261.99169921875,equal_weight,quarterly,5
2026-03-09,CIEN,ADD,Current weight is below target weight,1.7297969138776126,True,True,8,0.1353612585436401,0.22025868666946252,0.08489742812582243,318.5400085449219,equal_weight,quarterly,5
2026-03-09,TER,BUY,New target holding from latest signal,1.469118847055479,True,False,0,0.0,0.2603805440237172,0.2603805440237172,296.3280944824219,equal_weight,quarterly,5
2026-03-09,WBD,SELL,Ticker is no longer selected by the signal,1.2914946974997745,False,True,353,0.5203290845770906,0.0,-0.5203290845770906,27.75,equal_weight,quarterly,5
2026-03-10,SNDK,HOLD,Current holding remains close to target weight,7.779204064623496,True,True,4,0.12773554412132268,0.13379806171012584,0.006062517588803162,618.8900146484375,equal_weight,quarterly,5
2026-03-10,MU,HOLD,Current holding remains close to target weight,2.069567276357769,True,True,10,0.20791194275232008,0.21307289573285731,0.005160952980537231,402.9407043457031,equal_weight,quarterly,5
2026-03-10,WDC,HOLD,Current holding remains close to target weight,1.8573434609551835,True,True,12,0.16479612587297177,0.17435165809808856,0.009555532225116792,266.1506042480469,equal_weight,quarterly,5
2026-03-10,CIEN,HOLD,Current holding remains close to target weight,1.8349578600971639,True,True,13,0.22629513465958495,0.2189424159853686,-0.0073527186742163575,337.3599853515625,equal_weight,quarterly,5
2026-03-10,TER,HOLD,Current holding remains close to target weight,1.5325747107688814,True,True,17,0.263728896429207,0.25983496847355975,-0.0038939279556472473,300.65643310546875,equal_weight,quarterly,5
2026-03-11,SNDK,HOLD,Current holding remains close to target weight,8.295560527844584,True,True,4,0.13262629898795145,0.13322396624285388,0.0005976672549024287,655.4299926757812,equal_weight,quarterly,5
2026-03-11,MU,HOLD,Current holding remains close to target weight,2.0990934943291983,True,True,10,0.2117159300126221,0.2130824967984213,0.001366566785799217,418.5141906738281,equal_weight,quarterly,5
2026-03-11,WDC,HOLD,Current holding remains close to target weight,1.8469949586346819,True,True,12,0.16313862318598848,0.1742600353443816,0.011121412158393101,268.73992919921875,equal_weight,quarterly,5
2026-03-11,CIEN,HOLD,Current holding remains close to target weight,1.7821426091717072,True,True,13,0.2235639435289741,0.21983696060687138,-0.0037269829221027173,339.95001220703125,equal_weight,quarterly,5
2026-03-11,TER,HOLD,Current holding remains close to target weight,1.6274837506673716,True,True,17,0.2596096446334225,0.259596541007472,-1.3103625950527942e-05,301.8759765625,equal_weight,quarterly,5
2026-03-12,SNDK,HOLD,Current holding remains close to target weight,7.371482990433739,True,True,4,0.12961613528649488,0.13327106643336267,0.003654931146867796,618.8200073242188,equal_weight,quarterly,5
2026-03-12,MU,HOLD,Current holding remains close to target weight,1.8983404584300354,True,True,10,0.21216927553836998,0.2126857310092773,0.0005164554709073121,405.1797790527344,equal_weight,quarterly,5
2026-03-12,WDC,HOLD,Current holding remains close to target weight,1.752211051477814,True,True,13,0.1777480155063602,0.1752961756582707,-0.0024518398480895265,261.1119079589844,equal_weight,quarterly,5
2026-03-12,CIEN,HOLD,Current holding remains close to target weight,1.5937932002859996,True,True,12,0.21165411876490098,0.22174051737518077,0.010086398610279795,336.8299865722656,equal_weight,quarterly,5
2026-03-12,TER,HOLD,Current holding remains close to target weight,1.4354650430907538,True,True,17,0.25504156282662965,0.25700650952390874,0.0019649466972790908,286.50177001953125,equal_weight,quarterly,5
2026-03-13,SNDK,HOLD,Current holding remains close to target weight,6.848398234469476,True,True,4,0.13492046824245088,0.1323357466717215,-0.0025847215707293925,661.6199951171875,equal_weight,quarterly,5
2026-03-13,WDC,HOLD,Current holding remains close to target weight,1.8355627842741673,True,True,12,0.16653631333292487,0.17630605924972215,0.009769745916797273,272.2190246582031,equal_weight,quarterly,5
2026-03-13,MU,HOLD,Current holding remains close to target weight,1.8330287702043284,True,True,10,0.21715455861970576,0.21217551350771216,-0.004979045111993596,425.9510803222656,equal_weight,quarterly,5
2026-03-13,CIEN,HOLD,Current holding remains close to target weight,1.5462641877948111,True,True,13,0.2236000617479714,0.22220229250645432,-0.0013977692415170773,337.3800048828125,equal_weight,quarterly,5
2026-03-13,TER,HOLD,Current holding remains close to target weight,1.4814496662579129,True,True,17,0.2481404304953035,0.2569803880643899,0.008839957569086399,286.3118896484375,equal_weight,quarterly,5
2026-03-16,SNDK,HOLD,Current holding remains close to target weight,7.169395417632964,True,True,4,0.13627884983542568,0.13309065782626645,-0.0031881920091592353,703.6300048828125,equal_weight,quarterly,5
2026-03-16,WDC,HOLD,Current holding remains close to target weight,1.9344377645236506,True,True,12,0.16625584326157636,0.17688205748494604,0.010626214223369679,286.1353759765625,equal_weight,quarterly,5
2026-03-16,MU,HOLD,Current holding remains close to target weight,1.8127919356962745,True,True,10,0.2138293983353475,0.21194695939299946,-0.001882438942348047,441.6144714355469,equal_weight,quarterly,5
2026-03-16,CIEN,HOLD,Current holding remains close to target weight,1.7717855596156293,True,True,13,0.22904755574393462,0.2219567723068456,-0.007090783437089021,363.8800048828125,equal_weight,quarterly,5
2026-03-16,TER,HOLD,Current holding remains close to target weight,1.6605504999380138,True,True,17,0.24542488776632174,0.2561235529889425,0.010698665222620779,298.1573791503906,equal_weight,quarterly,5
2026-03-17,SNDK,HOLD,Current holding remains close to target weight,6.993895129145017,True,True,4,0.13493810445294788,0.13647016578949,0.0015320613365421287,720.1699829101562,equal_weight,quarterly,5
2026-03-17,WDC,HOLD,Current holding remains close to target weight,2.0687825933741704,True,True,12,0.17634957455612696,0.17037283440843354,-0.005976740147693421,313.72821044921875,equal_weight,quarterly,5
2026-03-17,MU,HOLD,Current holding remains close to target weight,1.929363888347035,True,True,10,0.2161760893220188,0.21003460917967498,-0.006141480142343808,461.4961242675781,equal_weight,quarterly,5
2026-03-17,CIEN,HOLD,Current holding remains close to target weight,1.7229580898645032,True,True,13,0.22534262263678612,0.22795125055393511,0.002608627917148998,370.04998779296875,equal_weight,quarterly,5
2026-03-17,TER,HOLD,Current holding remains close to target weight,1.627785916730807,True,True,17,0.23832868111343342,0.25517114006846636,0.016842458955032946,299.2869567871094,equal_weight,quarterly,5
2026-03-18,SNDK,HOLD,Current holding remains close to target weight,7.2325502710830865,True,True,4,0.13966298302634117,0.1367165430269773,-0.0029464399993638646,753.6900024414062,equal_weight,quarterly,5
2026-03-18,WDC,HOLD,Current holding remains close to target weight,1.9614046895128592,True,True,11,0.15533361929609932,0.17071820005683536,0.015384580760736039,304.8205261230469,equal_weight,quarterly,5
2026-03-18,MU,HOLD,Current holding remains close to target weight,1.9102494124366287,True,True,10,0.2138130825479756,0.21033682210613075,-0.0034762604418448473,461.5361328125,equal_weight,quarterly,5
2026-03-18,CIEN,HOLD,Current holding remains close to target weight,1.8022986742677962,True,True,13,0.2320202292700899,0.2280704284551276,-0.003949800814962295,385.260009765625,equal_weight,quarterly,5
2026-03-18,TER,HOLD,Current holding remains close to target weight,1.63690279652652,True,True,18,0.2501264837398291,0.254158006354929,0.004031522615099925,299.95672607421875,equal_weight,quarterly,5
2026-03-19,SNDK,HOLD,Current holding remains close to target weight,7.216345821280726,True,True,4,0.1403841961487229,0.13601830652787228,-0.004365889620850633,772.0900268554688,equal_weight,quarterly,5
2026-03-19,WDC,HOLD,Current holding remains close to target weight,2.1438141875884886,True,True,12,0.17283100449211694,0.16967737616212455,-0.003153628329992386,316.8473815917969,equal_weight,quarterly,5
2026-03-19,CIEN,HOLD,Current holding remains close to target weight,2.0252234330595895,True,True,12,0.22505034807103136,0.22796354889887446,0.0029132008278431043,412.5799865722656,equal_weight,quarterly,5
2026-03-19,MU,HOLD,Current holding remains close to target weight,1.779722429403186,True,True,10,0.20186213357647226,0.21184881048276347,0.009986676906291209,444.08343505859375,equal_weight,quarterly,5
2026-03-19,TER,HOLD,Current holding remains close to target weight,1.6483121902598556,True,True,18,0.24733215233648131,0.2544919579283653,0.007159805591884005,302.28582763671875,equal_weight,quarterly,5
2026-03-20,SNDK,HOLD,Current holding remains close to target weight,6.178213838951179,True,True,4,0.13715616925214436,0.1346320101603057,-0.002524159091838646,709.7100219726562,equal_weight,quarterly,5
2026-03-20,WDC,HOLD,Current holding remains close to target weight,1.7910231922570587,True,True,12,0.16988627492224528,0.16962729596678833,-0.0002589789554569566,293.02362060546875,equal_weight,quarterly,5
2026-03-20,CIEN,HOLD,Current holding remains close to target weight,1.7810057470279683,True,True,12,0.22256787501878286,0.22511539633454583,0.0025475213157629684,383.8900146484375,equal_weight,quarterly,5
2026-03-20,MU,HOLD,Current holding remains close to target weight,1.5065769794590067,True,True,10,0.20423477514377686,0.21287438830527297,0.008639613161496112,422.722412109375,equal_weight,quarterly,5
2026-03-20,TER,HOLD,Current holding remains close to target weight,1.4505257514918002,True,True,18,0.252826217854876,0.25775090923308724,0.004924691378211221,290.7201843261719,equal_weight,quarterly,5
2026-03-23,SNDK,HOLD,Current holding remains close to target weight,5.873006521150576,True,True,4,0.1336326847001793,0.14980592245228772,0.01617323775210841,702.489990234375,equal_weight,quarterly,5
2026-03-23,LITE,BUY,New target holding from latest signal,3.3202159110115863,True,False,0,0.0,0.17406064896042267,0.17406064896042267,728.9500122070312,equal_weight,quarterly,5
2026-03-23,CIEN,HOLD,Current holding remains close to target weight,1.9478933893943418,True,True,12,0.23278098776348946,0.21996359741675545,-0.012817390346734014,407.8999938964844,equal_weight,quarterly,5
2026-03-23,WDC,ADD,Current weight is below target weight,1.768153919060294,True,True,12,0.1681873565777463,0.1884189617372898,0.020231605159543503,294.7131652832031,equal_weight,quarterly,5
2026-03-23,TER,HOLD,Current holding remains close to target weight,1.53881404421857,True,True,18,0.2600640767686662,0.2677508694332444,0.007686792664578168,303.8052673339844,equal_weight,quarterly,5
2026-03-23,MU,SELL,Ticker is no longer selected by the signal,1.487351328327208,False,True,10,0.19221514477510404,0.0,-0.19221514477510404,404.1802062988281,equal_weight,quarterly,5
2026-03-24,SNDK,HOLD,Current holding remains close to target weight,5.825495462170671,True,True,5,0.1598596107382517,0.14418086558427123,-0.01567874515398046,702.47998046875,equal_weight,quarterly,5
2026-03-24,LITE,HOLD,Current holding remains close to target weight,3.869103014655237,True,True,5,0.18250457126093822,0.1853051217490975,0.0028005504881592758,801.989990234375,equal_weight,quarterly,5
2026-03-24,CIEN,HOLD,Current holding remains close to target weight,2.0821908865673144,True,True,11,0.21496576296140973,0.23297557098666363,0.0180098080252539,429.3800048828125,equal_weight,quarterly,5
2026-03-24,WDC,HOLD,Current holding remains close to target weight,1.6815785017682918,True,True,13,0.1780752484172903,0.1901557510157106,0.012080502598420306,300.9715270996094,equal_weight,quarterly,5
2026-03-24,MU,BUY,New target holding from latest signal,1.4051609106364533,True,False,0,0.0,0.24738269066425705,0.24738269066425705,395.3639221191406,equal_weight,quarterly,5
2026-03-24,TER,SELL,Ticker is no longer selected by the signal,1.3710309001545995,False,True,18,0.262170177182896,0.0,-0.262170177182896,320.0191650390625,equal_weight,quarterly,5
2026-03-25,SNDK,HOLD,Current holding remains close to target weight,5.370864432616493,True,True,5,0.15530928157100896,0.16502614754113326,0.009716865970124305,677.8599853515625,equal_weight,quarterly,5
2026-03-25,LITE,HOLD,Current holding remains close to target weight,3.739130171823506,True,True,5,0.1780628954543311,0.17603978978298784,-0.002023105671343256,777.1699829101562,equal_weight,quarterly,5
2026-03-25,CIEN,HOLD,Current holding remains close to target weight,2.1380844968050954,True,True,11,0.22062598028902253,0.2301987704197901,0.009572790130767561,437.70001220703125,equal_weight,quarterly,5
2026-03-25,WDC,ADD,Current weight is below target weight,1.6895237028559422,True,True,14,0.18993252360984034,0.21108073730818808,0.02114821369834774,296.0628356933594,equal_weight,quarterly,5
2026-03-25,COHR,BUY,New target holding from latest signal,1.4891573452834685,True,False,0,0.0,0.21765455494790076,0.21765455494790076,272.0400085449219,equal_weight,quarterly,5
2026-03-25,MU,SELL,Ticker is no longer selected by the signal,1.2984421366892547,False,True,14,0.24501841318037898,0.0,-0.24501841318037898,381.9295654296875,equal_weight,quarterly,5
2026-03-26,SNDK,HOLD,Current holding remains close to target weight,5.041971069287557,True,True,6,0.1846645804775381,0.16605210379339558,-0.01861247668414251,603.1699829101562,equal_weight,quarterly,5
2026-03-26,LITE,HOLD,Current holding remains close to target weight,3.509328888988339,True,True,5,0.17573398928804157,0.17681908119221368,0.0010850919041721085,688.7999877929688,equal_weight,quarterly,5
2026-03-26,CIEN,HOLD,Current holding remains close to target weight,1.8029908637971719,True,True,11,0.2177739053300608,0.22554104378289705,0.0077671384528362475,387.989990234375,equal_weight,quarterly,5
2026-03-26,WDC,HOLD,Current holding remains close to target weight,1.495220312303859,True,True,15,0.2091653542996835,0.21486425556208918,0.005698901262405687,273.27874755859375,equal_weight,quarterly,5
2026-03-26,COHR,HOLD,Current holding remains close to target weight,1.283984237263577,True,True,17,0.21104049684653023,0.21672351566940445,0.005683018822874225,243.2899932861328,equal_weight,quarterly,5
2026-03-27,SNDK,HOLD,Current holding remains close to target weight,5.531233546614921,True,True,6,0.1854322832472196,0.16607567803872497,-0.019356605208494637,615.8300170898438,equal_weight,quarterly,5
2026-03-27,LITE,HOLD,Current holding remains close to target weight,3.4166298647039977,True,True,5,0.17633224153906898,0.1767957389632326,0.00046349742416362805,702.72998046875,equal_weight,quarterly,5
2026-03-27,CIEN,HOLD,Current holding remains close to target weight,1.9278267165748586,True,True,11,0.2217024177158445,0.22532124664118294,0.0036188289253384354,401.6099853515625,equal_weight,quarterly,5
2026-03-27,WDC,HOLD,Current holding remains close to target weight,1.5715257063080288,True,True,15,0.20721470591304575,0.2149406214390255,0.00772591552597976,275.2682189941406,equal_weight,quarterly,5
2026-03-27,COHR,HOLD,Current holding remains close to target weight,1.2846954717535217,True,True,17,0.2077234125103547,0.21686671491783396,0.009143302407479265,243.47999572753906,equal_weight,quarterly,5
2026-03-30,SNDK,HOLD,Current holding remains close to target weight,4.894769190790083,True,True,5,0.15664362175385144,0.1682964757344712,0.01165285398061977,572.5,equal_weight,quarterly,5
2026-03-30,LITE,HOLD,Current holding remains close to target weight,3.0733435647113145,True,True,5,0.1791592552774287,0.17961472228780478,0.00045546701037607606,654.7899780273438,equal_weight,quarterly,5
2026-03-30,CIEN,HOLD,Current holding remains close to target weight,1.5716904025619889,True,True,11,0.21971149042505275,0.22306106328171096,0.0033495728566582117,365.0,equal_weight,quarterly,5
2026-03-30,WDC,HOLD,Current holding remains close to target weight,1.3577181054031788,True,True,16,0.22029540368006553,0.21416263589098541,-0.006132767789080118,251.60440063476562,equal_weight,quarterly,5
2026-03-30,COHR,HOLD,Current holding remains close to target weight,1.0529955910099646,True,True,18,0.21635698519434765,0.21486510280502766,-0.0014918823893199928,219.64999389648438,equal_weight,quarterly,5
2026-03-31,SNDK,HOLD,Current holding remains close to target weight,4.597709487713381,True,True,5,0.16110116234096006,0.1548352420203809,-0.006265920320579155,635.3400268554688,equal_weight,quarterly,5
2026-03-31,LITE,HOLD,Current holding remains close to target weight,3.3225489103875114,True,True,5,0.17819663429727783,0.1781107797450396,-8.585455223822369e-05,702.760009765625,equal_weight,quarterly,5
2026-03-31,CIEN,HOLD,Current holding remains close to target weight,1.6937970034667904,True,True,11,0.21657296477480098,0.2166460612800277,7.309650522671629e-05,388.2300109863281,equal_weight,quarterly,5
2026-03-31,WDC,TRIM,Current weight is above target weight,1.3200021207304347,True,True,16,0.21942213271839575,0.19165337520094497,-0.02776875751745078,270.41949462890625,equal_weight,quarterly,5
2026-03-31,TER,BUY,New target holding from latest signal,1.2095440775889617,True,False,0,0.0,0.2587545417536068,0.2587545417536068,296.3480529785156,equal_weight,quarterly,5
2026-03-31,COHR,SELL,Ticker is no longer selected by the signal,1.2062610356643275,False,True,18,0.21744777036957386,0.0,-0.21744777036957386,238.2100067138672,equal_weight,quarterly,5
2026-04-01,SNDK,HOLD,Current holding remains close to target weight,5.174064164977706,True,True,5,0.16283280999310035,0.16870239524472389,0.005869585251623538,692.72998046875,equal_weight,quarterly,5
2026-04-01,LITE,HOLD,Current holding remains close to target weight,3.699465262506772,True,True,5,0.17973830445793937,0.18128367800010384,0.0015453735421644688,764.6500244140625,equal_weight,quarterly,5
2026-04-01,CIEN,HOLD,Current holding remains close to target weight,1.8515824800565728,True,True,11,0.21481107432584878,0.22326104887576087,0.008449974549912087,415.3900146484375,equal_weight,quarterly,5
2026-04-01,WDC,ADD,Current weight is below target weight,1.4830252434359625,True,True,13,0.18191171882425647,0.21133950826430947,0.029427789440053004,297.65240478515625,equal_weight,quarterly,5
2026-04-01,COHR,BUY,New target holding from latest signal,1.300408468656164,True,False,0,0.0,0.21541336961510194,0.21541336961510194,247.8000030517578,equal_weight,quarterly,5
2026-04-01,TER,SELL,Ticker is no longer selected by the signal,1.2708995409261465,False,True,17,0.24941684694252103,0.0,-0.24941684694252103,312.0821533203125,equal_weight,quarterly,5
2026-04-02,SNDK,HOLD,Current holding remains close to target weight,4.792519905431289,True,True,5,0.1591898877883366,0.16983515385084552,0.010645266062508929,701.5900268554688,equal_weight,quarterly,5
2026-04-02,LITE,HOLD,Current holding remains close to target weight,3.8242709120643257,True,True,5,0.18761802499058441,0.1804178586999448,-0.0072001662906396036,826.8800048828125,equal_weight,quarterly,5
2026-04-02,CIEN,HOLD,Current holding remains close to target weight,1.9512259831469434,True,True,11,0.22351159304012164,0.22159746717959436,-0.001914125860527277,447.760009765625,equal_weight,quarterly,5
2026-04-02,WDC,HOLD,Current holding remains close to target weight,1.2616471025497384,True,True,15,0.2007326304680489,0.21322366370126133,0.012491033233212434,294.89312744140625,equal_weight,quarterly,5
2026-04-02,COHR,HOLD,Current holding remains close to target weight,1.2517226360772202,True,True,19,0.2225894748742211,0.21492585656835406,-0.007663618305867037,258.1600036621094,equal_weight,quarterly,5
2026-04-06,SNDK,HOLD,Current holding remains close to target weight,4.837200003589146,True,True,5,0.16632222664602614,0.17388594025893983,0.007563713612913692,724.6300048828125,equal_weight,quarterly,5
2026-04-06,LITE,HOLD,Current holding remains close to target weight,3.549514163751841,True,True,5,0.17725919876542665,0.1768672184562464,-0.00039198030918025095,772.280029296875,equal_weight,quarterly,5
2026-04-06,CIEN,HOLD,Current holding remains close to target weight,1.8446220316278525,True,True,11,0.21928377353666675,0.2194376985108421,0.00015392497417535123,434.260009765625,equal_weight,quarterly,5
2026-04-06,WDC,HOLD,Current holding remains close to target weight,1.3201297288285132,True,True,16,0.2233359019679099,0.21592582684396802,-0.007410075123941873,304.0707092285156,equal_weight,quarterly,5
2026-04-06,COHR,HOLD,Current holding remains close to target weight,1.2450571785201872,True,True,18,0.20923507299167415,0.21388331593000368,0.004648242938329522,253.22000122070312,equal_weight,quarterly,5
2026-04-07,SNDK,HOLD,Current holding remains close to target weight,4.535394186759207,True,True,5,0.15979707417209799,0.17303150494023553,0.013234430768137545,710.7999877929688,equal_weight,quarterly,5
2026-04-07,LITE,HOLD,Current holding remains close to target weight,3.97985478394389,True,True,5,0.18339120075204143,0.17806113681140737,-0.005330063940634067,815.75,equal_weight,quarterly,5
2026-04-07,CIEN,HOLD,Current holding remains close to target weight,1.9572797220714029,True,True,11,0.22151633975389048,0.22136570951521628,-0.00015063023867420422,447.8800048828125,equal_weight,quarterly,5
2026-04-07,WDC,HOLD,Current holding remains close to target weight,1.3788002348624024,True,True,16,0.22436602559052174,0.21354490049815678,-0.010821125092364964,311.8786926269531,equal_weight,quarterly,5
2026-04-07,COHR,HOLD,Current holding remains close to target weight,1.2459940305597614,True,True,18,0.20645926711889254,0.21399674823498413,0.007537481116091593,255.10000610351562,equal_weight,quarterly,5
2026-04-08,SNDK,ADD,Current weight is below target weight,5.444664819795298,True,True,5,0.15995692143604986,0.18915281856168809,0.02919589712563822,780.9000244140625,equal_weight,quarterly,5
2026-04-08,LITE,HOLD,Current holding remains close to target weight,4.579202898371718,True,True,5,0.18353771211216144,0.17530520363225724,-0.0082325084799042,896.02001953125,equal_weight,quarterly,5
2026-04-08,CIEN,HOLD,Current holding remains close to target weight,2.223556344310767,True,True,11,0.2226209492514577,0.21600754101344544,-0.006613408238012264,494.010009765625,equal_weight,quarterly,5
2026-04-08,WDC,HOLD,Current holding remains close to target weight,1.7076522701543477,True,True,15,0.20812937725822478,0.22108017198482502,0.01295079472660024,338.6916809082031,equal_weight,quarterly,5
2026-04-08,COHR,TRIM,Current weight is above target weight,1.4552584890394842,True,True,19,0.21933946885198013,0.19845426480778425,-0.020885204044195887,281.7900085449219,equal_weight,quarterly,5
2026-04-09,SNDK,TRIM,Current weight is above target weight,6.040678204304783,True,True,6,0.2063969307329758,0.17544960132201415,-0.03094732941096165,851.5700073242188,equal_weight,quarterly,5
2026-04-09,LITE,HOLD,Current holding remains close to target weight,4.689659812979574,True,True,5,0.180593577252237,0.172989528638575,-0.0076040486136619845,894.1300048828125,equal_weight,quarterly,5
2026-04-09,CIEN,HOLD,Current holding remains close to target weight,2.2174545724139256,True,True,10,0.19687897304047125,0.2090616373381397,0.012182664297668455,487.3800048828125,equal_weight,quarterly,5
2026-04-09,WDC,HOLD,Current holding remains close to target weight,1.820924828753704,True,True,16,0.21832369925843473,0.20393988821500791,-0.014383811043426814,337.79193115234375,equal_weight,quarterly,5
2026-04-09,TER,BUY,New target holding from latest signal,1.60195239226777,True,False,0,0.0,0.2385593444862633,0.2385593444862633,364.0724792480469,equal_weight,quarterly,5
2026-04-09,COHR,SELL,Ticker is no longer selected by the signal,1.502377769787382,False,True,17,0.1951456148148761,0.0,-0.1951456148148761,284.1700134277344,equal_weight,quarterly,5
2026-04-10,SNDK,HOLD,Current holding remains close to target weight,5.458674461592005,True,True,5,0.1695993630836742,0.18330293127356967,0.01370356818989546,851.77001953125,equal_weight,quarterly,5
2026-04-10,LITE,HOLD,Current holding remains close to target weight,4.501870181748845,True,True,5,0.1786650186495474,0.17638562543077274,-0.0022793932187746557,897.2999877929688,equal_weight,quarterly,5
2026-04-10,CIEN,ADD,Current weight is below target weight,2.1067266543686527,True,True,10,0.19752908011433815,0.22276010188370302,0.02523102176936487,496.0199890136719,equal_weight,quarterly,5
2026-04-10,WDC,HOLD,Current holding remains close to target weight,1.8376848033494553,True,True,15,0.2050917249152249,0.2209392688412324,0.015847543926007512,343.3404846191406,equal_weight,quarterly,5
2026-04-10,COHR,BUY,New target holding from latest signal,1.6356390231079043,True,False,0,0.0,0.19661207257072233,0.19661207257072233,307.5,equal_weight,quarterly,5
2026-04-10,TER,SELL,Ticker is no longer selected by the signal,1.5478703407875378,False,True,17,0.24903065614709868,0.0,-0.24903065614709868,367.85107421875,equal_weight,quarterly,5
2026-04-13,SNDK,HOLD,Current holding remains close to target weight,6.345003499355432,True,True,5,0.187358891087333,0.17505481726699804,-0.012304073820334965,952.5,equal_weight,quarterly,5
2026-04-13,LITE,HOLD,Current holding remains close to target weight,4.453054723524696,True,True,5,0.1713630628506092,0.1741684617251164,0.0028053988745072034,871.1799926757812,equal_weight,quarterly,5
2026-04-13,CIEN,HOLD,Current holding remains close to target weight,1.9331947442467108,True,True,11,0.20767429660512232,0.2176280481192426,0.009953751514120285,479.8999938964844,equal_weight,quarterly,5
2026-04-13,WDC,TRIM,Current weight is above target weight,1.9290667188249775,True,True,17,0.23412163777686745,0.20367905526762325,-0.030442582509244198,350.0687255859375,equal_weight,quarterly,5
2026-04-13,TER,BUY,New target holding from latest signal,1.5522731296470282,True,False,0,0.0,0.22946961762101978,0.22946961762101978,369.9902648925781,equal_weight,quarterly,5
2026-04-13,COHR,SELL,Ticker is no longer selected by the signal,1.516796048353962,False,True,16,0.193825669577793,0.0,-0.193825669577793,307.92999267578125,equal_weight,quarterly,5
2026-04-14,SNDK,HOLD,Current holding remains close to target weight,7.078521874845826,True,True,5,0.18499619358715796,0.18593888765262087,0.0009426940654629068,944.4600219726562,equal_weight,quarterly,5
2026-04-14,LITE,HOLD,Current holding remains close to target weight,4.7000867224669935,True,True,5,0.167040315306117,0.17339434352502506,0.00635402821890807,852.7899780273438,equal_weight,quarterly,5
2026-04-14,WDC,HOLD,Current holding remains close to target weight,2.1770045521991483,True,True,15,0.2151440350574912,0.22372734600264524,0.008583310945154049,366.1245422363281,equal_weight,quarterly,5
2026-04-14,CIEN,HOLD,Current holding remains close to target weight,1.9959599533605932,True,True,11,0.20132394624481245,0.22065613508694626,0.019332188842133807,467.19000244140625,equal_weight,quarterly,5
2026-04-14,COHR,BUY,New target holding from latest signal,1.8210622658175857,True,False,0,0.0,0.19628328773276263,0.19628328773276263,313.4200134277344,equal_weight,quarterly,5
2026-04-14,TER,SELL,Ticker is no longer selected by the signal,1.7705870237822503,False,True,16,0.22901528284802647,0.0,-0.22901528284802647,365.37200927734375,equal_weight,quarterly,5
2026-04-15,SNDK,HOLD,Current holding remains close to target weight,5.624470445433988,True,True,5,0.1778550887643537,0.18382933944757857,0.005974250683224852,891.719970703125,equal_weight,quarterly,5
2026-04-15,LITE,HOLD,Current holding remains close to target weight,4.132100288335617,True,True,5,0.164350220074159,0.17322783708518882,0.00887761701102982,824.010009765625,equal_weight,quarterly,5
2026-04-15,WDC,HOLD,Current holding remains close to target weight,2.074780018872148,True,True,16,0.23289890591620735,0.22384429159563352,-0.009054614320573834,364.9048767089844,equal_weight,quarterly,5
2026-04-15,CIEN,HOLD,Current holding remains close to target weight,1.8872436781775237,True,True,12,0.22773877418223484,0.22290444808097218,-0.004834326101262665,475.760009765625,equal_weight,quarterly,5
2026-04-15,COHR,HOLD,Current holding remains close to target weight,1.6769740255325285,True,True,16,0.19670727969915353,0.19619408379062697,-0.0005131959085265536,308.20001220703125,equal_weight,quarterly,5
2026-04-16,SNDK,HOLD,Current holding remains close to target weight,6.223426538533118,True,True,5,0.17654752808200358,0.18322887065434254,0.006681342572338961,919.469970703125,equal_weight,quarterly,5
2026-04-16,LITE,HOLD,Current holding remains close to target weight,4.68452594490524,True,True,5,0.17112324254008135,0.17454624786223857,0.0034230053221572243,891.219970703125,equal_weight,quarterly,5
2026-04-16,WDC,HOLD,Current holding remains close to target weight,2.2012205887696807,True,True,16,0.2221761144091403,0.2237822953868604,0.0016061809777200842,361.5957336425781,equal_weight,quarterly,5
2026-04-16,CIEN,HOLD,Current holding remains close to target weight,2.004307677609075,True,True,12,0.22818635423400954,0.2233450439844706,-0.004841310249538933,495.1700134277344,equal_weight,quarterly,5
2026-04-16,COHR,HOLD,Current holding remains close to target weight,1.9989941644236677,True,True,16,0.20153380901952403,0.19509754211208785,-0.006436266907436178,328.0,equal_weight,quarterly,5
2026-04-17,SNDK,HOLD,Current holding remains close to target weight,5.382466879810338,True,True,5,0.17276237267074138,0.18386347911486464,0.011101106444123265,920.989990234375,equal_weight,quarterly,5
2026-04-17,LITE,HOLD,Current holding remains close to target weight,4.710352976306728,True,True,5,0.16771263253335847,0.17439886027747065,0.006686227744112178,894.0700073242188,equal_weight,quarterly,5
2026-04-17,COHR,HOLD,Current holding remains close to target weight,2.1248979039032148,True,True,16,0.2071039991413286,0.1957232163448535,-0.011380782796475086,345.0199890136719,equal_weight,quarterly,5
2026-04-17,WDC,HOLD,Current holding remains close to target weight,2.0969605710553765,True,True,16,0.2235530424513092,0.22348699540217795,-6.604704913124038e-05,372.4228820800781,equal_weight,quarterly,5
2026-04-17,CIEN,HOLD,Current holding remains close to target weight,2.0077053670941076,True,True,12,0.22844498314685693,0.2225274488606333,-0.00591753428622363,507.42999267578125,equal_weight,quarterly,5
2026-04-20,SNDK,HOLD,Current holding remains close to target weight,5.32855058219148,True,True,5,0.17139141346760212,0.1830431613616531,0.01165174789405099,913.02001953125,equal_weight,quarterly,5
2026-04-20,LITE,HOLD,Current holding remains close to target weight,4.483734661401732,True,True,5,0.1680293556729815,0.17563993069708508,0.0076105750241035885,895.1099853515625,equal_weight,quarterly,5
2026-04-20,COHR,HOLD,Current holding remains close to target weight,1.9968093524429622,True,True,16,0.20874979472524344,0.1962450605529494,-0.01250473417229403,347.510009765625,equal_weight,quarterly,5
2026-04-20,WDC,HOLD,Current holding remains close to target weight,1.9748252047846426,True,True,16,0.2246698701715361,0.22323672630545108,-0.0014331438660850349,374.0124816894531,equal_weight,quarterly,5
2026-04-20,CIEN,HOLD,Current holding remains close to target weight,1.9468906933537333,True,True,12,0.22673628948595168,0.22183512108286144,-0.004901168403090239,503.2699890136719,equal_weight,quarterly,5
2026-04-21,SNDK,HOLD,Current holding remains close to target weight,5.446132752767778,True,True,5,0.17095698216931585,0.18462798251495324,0.013671000345637396,903.489990234375,equal_weight,quarterly,5
2026-04-21,LITE,HOLD,Current holding remains close to target weight,4.0793224568122195,True,True,5,0.15836070807868044,0.1759411198970775,0.017580411818397063,836.9199829101562,equal_weight,quarterly,5
2026-04-21,WDC,HOLD,Current holding remains close to target weight,2.0451858658359785,True,True,16,0.2323360219919267,0.22343777995811998,-0.008898242033806736,383.7099609375,equal_weight,quarterly,5
2026-04-21,CIEN,HOLD,Current holding remains close to target weight,1.959520337569585,True,True,12,0.22975510256008552,0.22044103655138603,-0.009314066008699495,505.92999267578125,equal_weight,quarterly,5
2026-04-21,COHR,HOLD,Current holding remains close to target weight,1.9547916893302637,True,True,16,0.208164528204437,0.19555208107846334,-0.012612447125973675,343.7900085449219,equal_weight,quarterly,5
2026-04-22,SNDK,HOLD,Current holding remains close to target weight,5.613550741196434,True,True,5,0.18043208187839266,0.1856646118289647,0.005232529950572051,979.0700073242188,equal_weight,quarterly,5
2026-04-22,LITE,HOLD,Current holding remains close to target weight,4.426086804881599,True,True,6,0.1931941060125063,0.1747817190946067,-0.018412386917899592,873.5999755859375,equal_weight,quarterly,5
2026-04-22,WDC,HOLD,Current holding remains close to target weight,2.2057867961770357,True,True,16,0.22940243629902535,0.2261607555429976,-0.003241680756027737,388.99859619140625,equal_weight,quarterly,5
2026-04-22,COHR,HOLD,Current holding remains close to target weight,1.9157238778601187,True,True,15,0.19376356588329344,0.1958984789080179,0.0021349130247244608,350.4700012207031,equal_weight,quarterly,5
2026-04-22,CIEN,HOLD,Current holding remains close to target weight,1.8822205134822405,True,True,11,0.20230058113471006,0.21749443462541312,0.015193853490703069,498.9700012207031,equal_weight,quarterly,5
2026-04-23,SNDK,HOLD,Current holding remains close to target weight,5.2457635113470955,True,True,5,0.1729547603762145,0.1743777038600514,0.001422943483836897,932.4299926757812,equal_weight,quarterly,5
2026-04-23,LITE,HOLD,Current holding remains close to target weight,4.197238603922375,True,True,6,0.1885057246537459,0.17555126323903386,-0.012954461414712043,846.8900146484375,equal_weight,quarterly,5
2026-04-23,WDC,TRIM,Current weight is above target weight,2.324579768400829,True,True,16,0.23921443968838152,0.20782035423598857,-0.031394085452392945,403.0149230957031,equal_weight,quarterly,5
2026-04-23,CIEN,HOLD,Current holding remains close to target weight,2.039596695412698,True,True,11,0.21050498285166366,0.21548226909056975,0.004977286238906087,515.8499755859375,equal_weight,quarterly,5
2026-04-23,TER,BUY,New target holding from latest signal,1.8009543309601943,True,False,0,0.0,0.22676840957435654,0.22676840957435654,400.8385925292969,equal_weight,quarterly,5
2026-04-23,COHR,SELL,Ticker is no longer selected by the signal,1.7955955800673653,False,True,15,0.1879069614099895,0.0,-0.1879069614099895,337.67999267578125,equal_weight,quarterly,5
2026-04-24,SNDK,HOLD,Current holding remains close to target weight,5.736305171634124,True,True,5,0.1789161494065054,0.17512166254037703,-0.003794486866128377,989.9000244140625,equal_weight,quarterly,5
2026-04-24,LITE,HOLD,Current holding remains close to target weight,4.577881995864314,True,True,6,0.1912188698170348,0.17636265568201417,-0.014856214135020612,881.6400146484375,equal_weight,quarterly,5
2026-04-24,WDC,HOLD,Current holding remains close to target weight,2.3578345670085437,True,True,13,0.18980152290237434,0.2088818180371768,0.019080295134802444,403.8946838378906,equal_weight,quarterly,5
2026-04-24,CIEN,HOLD,Current holding remains close to target weight,2.1663424204829953,True,True,11,0.20708653145095168,0.2151485083213317,0.008061976870380017,520.7999877929688,equal_weight,quarterly,5
2026-04-24,TER,HOLD,Current holding remains close to target weight,2.0147711861319153,True,True,15,0.2266077985384261,0.22448535541910036,-0.0021224431193257454,417.9221496582031,equal_weight,quarterly,5
2026-04-27,SNDK,HOLD,Current holding remains close to target weight,5.406464720867382,True,True,5,0.19459085164889828,0.17735702122787733,-0.017233830421020946,1070.199951171875,equal_weight,quarterly,5
2026-04-27,LITE,HOLD,Current holding remains close to target weight,4.10195841350612,True,True,6,0.1875752601974462,0.17629699275419133,-0.011278267443254858,859.6799926757812,equal_weight,quarterly,5
2026-04-27,WDC,HOLD,Current holding remains close to target weight,2.191569957659914,True,True,14,0.2039643030216769,0.20874346605516822,0.004779163033491324,400.62554931640625,equal_weight,quarterly,5
2026-04-27,CIEN,HOLD,Current holding remains close to target weight,1.933943625945529,True,True,11,0.20254541051649316,0.2143487411255873,0.011803330609094137,506.3399963378906,equal_weight,quarterly,5
2026-04-27,TER,HOLD,Current holding remains close to target weight,1.7749036969071215,True,True,14,0.20458679066578353,0.22325377883717576,0.01866698817139223,401.8482360839844,equal_weight,quarterly,5
2026-04-28,SNDK,ADD,Current weight is below target weight,4.384346561387363,True,True,4,0.15449400348082315,0.17505647912663722,0.020562475645814066,1002.3499755859375,equal_weight,quarterly,5
2026-04-28,LITE,HOLD,Current holding remains close to target weight,3.413664147505597,True,True,6,0.18296291977577575,0.17757900429741275,-0.005383915478363005,791.3699951171875,equal_weight,quarterly,5
2026-04-28,WDC,HOLD,Current holding remains close to target weight,2.024737030899799,True,True,14,0.21086899489355843,0.21247202105267482,0.0016030261591163941,390.8880920410156,equal_weight,quarterly,5
2026-04-28,CIEN,HOLD,Current holding remains close to target weight,1.6455738305934413,True,True,12,0.2190320746301232,0.21362852491044543,-0.005403549719677769,473.69000244140625,equal_weight,quarterly,5
2026-04-28,TER,HOLD,Current holding remains close to target weight,1.6377619459202957,True,True,15,0.2196299973953928,0.22126397061282982,0.0016339732174370236,379.9864807128906,equal_weight,quarterly,5
2026-04-29,SNDK,HOLD,Current holding remains close to target weight,5.02985963972175,True,True,4,0.16493052317925785,0.17032813788438328,0.005397614705125425,1064.2099609375,equal_weight,quarterly,5
2026-04-29,LITE,HOLD,Current holding remains close to target weight,3.4288957368849413,True,True,6,0.19953276100493345,0.17956781838578417,-0.019964942619149273,858.3200073242188,equal_weight,quarterly,5
2026-04-29,WDC,HOLD,Current holding remains close to target weight,2.262726912047703,True,True,13,0.20784591365183958,0.20524809069853572,-0.002597822953303852,412.6524353027344,equal_weight,quarterly,5
2026-04-29,STX,BUY,New target holding from latest signal,1.805282946300105,True,False,0,0.0,0.2255907813532274,0.2255907813532274,642.8416137695312,equal_weight,quarterly,5
2026-04-29,CIEN,HOLD,Current holding remains close to target weight,1.6043060815898031,True,True,11,0.2026079424618429,0.21926517167806941,0.016657229216226505,475.3900146484375,equal_weight,quarterly,5
2026-04-29,TER,SELL,Ticker is no longer selected by the signal,1.0792519109310414,False,True,18,0.2135559786398743,0.0,-0.2135559786398743,306.2143249511719,equal_weight,quarterly,5
2026-04-30,SNDK,HOLD,Current holding remains close to target weight,5.246852488982951,True,True,4,0.15868926921781695,0.1723994849336489,0.013710215715831947,1096.510009765625,equal_weight,quarterly,5
2026-04-30,LITE,HOLD,Current holding remains close to target weight,3.5482131664913945,True,True,5,0.1632320969344155,0.18113401284722208,0.01790191591280657,902.3200073242188,equal_weight,quarterly,5
2026-04-30,WDC,HOLD,Current holding remains close to target weight,2.482849255609309,True,True,13,0.20432187895085044,0.20567815646661305,0.0013562775157626161,434.40673828125,equal_weight,quarterly,5
2026-04-30,STX,HOLD,Current holding remains close to target weight,2.034015802443596,True,True,10,0.24355289267593733,0.2257833312561034,-0.017769561419833935,673.1600341796875,equal_weight,quarterly,5
2026-04-30,CIEN,HOLD,Current holding remains close to target weight,1.882321003285425,True,True,12,0.2290575187283675,0.21500501449641266,-0.014052504231954838,527.5800170898438,equal_weight,quarterly,5
2026-05-01,SNDK,TRIM,Current weight is above target weight,4.808377355915286,True,True,5,0.2054790908954819,0.16667711592860096,-0.038801974966880926,1187.0,equal_weight,quarterly,5
2026-05-01,LITE,HOLD,Current holding remains close to target weight,3.4331248744041005,True,True,5,0.164440397059285,0.1783393612974868,0.013898964238201778,949.9299926757812,equal_weight,quarterly,5
2026-05-01,WDC,HOLD,Current holding remains close to target weight,2.0561156693810907,True,True,13,0.19416813395655946,0.21268237004649765,0.018514236089938185,431.4075012207031,equal_weight,quarterly,5
2026-05-01,CIEN,HOLD,Current holding remains close to target weight,1.8281817823429365,True,True,11,0.20385844626044344,0.2151785376102534,0.011320091349809963,535.2899780273438,equal_weight,quarterly,5
2026-05-01,STX,HOLD,Current holding remains close to target weight,1.7486954041504568,True,True,9,0.22634581057718003,0.2271226151171613,0.000776804539981274,726.4120483398438,equal_weight,quarterly,5
2026-05-04,SNDK,HOLD,Current holding remains close to target weight,5.413338465830194,True,True,4,0.1696253750220211,0.17091504141513053,0.0012896663931094288,1255.8599853515625,equal_weight,quarterly,5
2026-05-04,LITE,HOLD,Current holding remains close to target weight,3.8777293202355647,True,True,5,0.16481225940592192,0.17709254907589797,0.012280289669976047,976.1799926757812,equal_weight,quarterly,5
2026-05-04,WDC,HOLD,Current holding remains close to target weight,2.206599390985106,True,True,14,0.20906448800208444,0.21292560687764966,0.003861118875565228,442.24468994140625,equal_weight,quarterly,5
2026-05-04,CIEN,HOLD,Current holding remains close to target weight,1.8498623551652607,True,True,12,0.21820496733328634,0.21389502040028574,-0.004309946933000602,538.510009765625,equal_weight,quarterly,5
2026-05-04,STX,HOLD,Current holding remains close to target weight,1.7642887931995244,True,True,9,0.2242831046231608,0.22517178223103604,0.0008886776078752268,738.0137329101562,equal_weight,quarterly,5
2026-05-05,SNDK,HOLD,Current holding remains close to target weight,6.0552347031081215,True,True,4,0.1814836642085738,0.16811457963054524,-0.013369084578028573,1406.3199462890625,equal_weight,quarterly,5
2026-05-05,LITE,HOLD,Current holding remains close to target weight,3.9343124112187677,True,True,5,0.16043325801188596,0.17772854527203139,0.017295287260145426,994.5599975585938,equal_weight,quarterly,5
2026-05-05,WDC,HOLD,Current holding remains close to target weight,2.101371301309342,True,True,14,0.21008930892871663,0.2144305673606622,0.004341258431945577,465.13873291015625,equal_weight,quarterly,5
2026-05-05,STX,HOLD,Current holding remains close to target weight,2.026345369490753,True,True,9,0.22371050262505848,0.22435812151709283,0.0006476188920343517,770.4606323242188,equal_weight,quarterly,5
2026-05-05,CIEN,HOLD,Current holding remains close to target weight,1.8683130015376892,True,True,12,0.21089772566725662,0.21536818621966838,0.004470460552411765,544.75,equal_weight,quarterly,5
2026-05-06,SNDK,HOLD,Current holding remains close to target weight,5.811168628972594,True,True,4,0.17885899450446,0.17599880996104383,-0.002860184543416161,1409.97998046875,equal_weight,quarterly,5
2026-05-06,LITE,HOLD,Current holding remains close to target weight,3.7313359085757103,True,True,5,0.14972994201177625,0.16532543703877006,0.01559549502699381,944.280029296875,equal_weight,quarterly,5
2026-05-06,WDC,HOLD,Current holding remains close to target weight,2.0614470959618796,True,True,14,0.2144542394284143,0.21529489736032,0.0008406579319057139,483.0240478515625,equal_weight,quarterly,5
2026-05-06,CIEN,HOLD,Current holding remains close to target weight,2.0427832108884454,True,True,12,0.21950114953247044,0.21964176419842754,0.00014061466595710614,576.7899780273438,equal_weight,quarterly,5
2026-05-06,STX,HOLD,Current holding remains close to target weight,1.9744252575834071,True,True,9,0.22429796331040672,0.22373909144143864,-0.0005588718689680805,785.859619140625,equal_weight,quarterly,5
2026-05-07,SNDK,HOLD,Current holding remains close to target weight,5.8867755075152886,True,True,4,0.17813374498002324,0.16441736562221154,-0.013716379357811698,1339.9599609375,equal_weight,quarterly,5
2026-05-07,LITE,ADD,Current weight is below target weight,3.7386919420130376,True,True,5,0.14832404117816325,0.180308904210052,0.031984863031888744,892.5800170898438,equal_weight,quarterly,5
2026-05-07,STX,HOLD,Current holding remains close to target weight,2.074491969074522,True,True,9,0.2290896756766831,0.22252179586193604,-0.006567879814747046,765.8939208984375,equal_weight,quarterly,5
2026-05-07,WDC,HOLD,Current holding remains close to target weight,2.0523409974721556,True,True,14,0.21579578233671612,0.21462060747743752,-0.0011751748592785938,463.7890930175781,equal_weight,quarterly,5
2026-05-07,MU,BUY,New target holding from latest signal,1.9682291420788305,True,False,0,0.0,0.21813132682836286,0.21813132682836286,646.6300048828125,equal_weight,quarterly,5
2026-05-07,CIEN,SELL,Ticker is no longer selected by the signal,1.9461367318371425,False,True,12,0.21486762511443672,0.0,-0.21486762511443672,538.760009765625,equal_weight,quarterly,5
2026-05-08,SNDK,TRIM,Current weight is above target weight,6.216350881387124,True,True,4,0.1940464975361683,0.15728260314287773,-0.03676389439329056,1562.3399658203125,equal_weight,quarterly,5
2026-05-08,LITE,HOLD,Current holding remains close to target weight,2.883136360012755,True,True,6,0.16838129914865269,0.1883472227108474,0.019965923562194704,903.7999877929688,equal_weight,quarterly,5
2026-05-08,INTC,BUY,New target holding from latest signal,2.254820080573799,True,False,0,0.0,0.20556976004229074,0.20556976004229074,124.91999816894531,equal_weight,quarterly,5
2026-05-08,MU,TRIM,Current weight is above target weight,2.1470548255521384,True,True,10,0.23188913348182652,0.20629778514474115,-0.025591348337085373,746.8099975585938,equal_weight,quarterly,5
2026-05-08,WDC,ADD,Current weight is below target weight,2.0019726735176646,True,True,14,0.20860577386648407,0.24250262895924304,0.03389685509275897,479.8748779296875,equal_weight,quarterly,5
2026-05-08,STX,SELL,Ticker is no longer selected by the signal,1.8504268865091404,False,True,8,0.1942731458351986,0.0,-0.1942731458351986,782.0823974609375,equal_weight,quarterly,5
2026-05-11,SNDK,ADD,Current weight is below target weight,6.451297801541263,True,True,3,0.13567230188264073,0.16325571630780894,0.027583414425168207,1547.56005859375,equal_weight,quarterly,5
2026-05-11,LITE,TRIM,Current weight is above target weight,3.3937333027410563,True,True,7,0.21541996010917897,0.18131929990917114,-0.03410066020000782,1053.0899658203125,equal_weight,quarterly,5
2026-05-11,INTC,HOLD,Current holding remains close to target weight,2.4758323471357966,True,True,52,0.19669543581390103,0.20881505909572834,0.012119623281827308,129.44000244140625,equal_weight,quarterly,5
2026-05-11,MU,HOLD,Current holding remains close to target weight,2.339846159879208,True,True,9,0.2091762195122633,0.20669737001406507,-0.002478849498198238,795.3300170898438,equal_weight,quarterly,5
2026-05-11,WDC,HOLD,Current holding remains close to target weight,2.157040529987408,True,True,16,0.2411214232849794,0.2399125546732265,-0.0012088686117529002,515.695556640625,equal_weight,quarterly,5
2026-05-12,SNDK,HOLD,Current holding remains close to target weight,5.063220500401381,True,True,4,0.1796257017095995,0.1638504891611114,-0.0157752125484881,1452.02001953125,equal_weight,quarterly,5
2026-05-12,LITE,HOLD,Current holding remains close to target weight,3.1329806863296668,True,True,6,0.18414535026798945,0.17867449787472958,-0.005470852393259867,992.3699951171875,equal_weight,quarterly,5
2026-05-12,MU,HOLD,Current holding remains close to target weight,2.224663360138459,True,True,8,0.1896633264474856,0.20515855099628116,0.015495224548795566,766.5800170898438,equal_weight,quarterly,5
2026-05-12,INTC,HOLD,Current holding remains close to target weight,2.163126074790674,True,True,58,0.21634516581764576,0.20797617466544224,-0.00836899115220352,120.61000061035156,equal_weight,quarterly,5
2026-05-12,WDC,HOLD,Current holding remains close to target weight,2.002988760871184,True,True,15,0.22666883478778826,0.24434028730243568,0.017671452514647412,488.61260986328125,equal_weight,quarterly,5
2026-05-13,SNDK,HOLD,Current holding remains close to target weight,4.40111929291703,True,True,4,0.1759042005050974,0.16567472008986164,-0.010229480415235748,1447.22998046875,equal_weight,quarterly,5
2026-05-13,LITE,ADD,Current weight is below target weight,2.9646386434315524,True,True,5,0.15654596423992787,0.1766740795179804,0.020128115278052527,1030.3699951171875,equal_weight,quarterly,5
2026-05-13,MU,HOLD,Current holding remains close to target weight,2.1752562626318106,True,True,9,0.21977451040388385,0.20813596392215078,-0.01163854648173307,803.6300048828125,equal_weight,quarterly,5
2026-05-13,INTC,HOLD,Current holding remains close to target weight,2.1284785052974686,True,True,56,0.20468981029628575,0.20568746368257274,0.0009976533862869896,120.29000091552734,equal_weight,quarterly,5
2026-05-13,WDC,HOLD,Current holding remains close to target weight,1.8396506725962163,True,True,16,0.24015492569349442,0.24382777278743445,0.0036728470939400293,493.9612121582031,equal_weight,quarterly,5
2026-05-14,SNDK,HOLD,Current holding remains close to target weight,4.091391262497145,True,True,4,0.17308024515819698,0.1653243045714986,-0.007755940586698373,1382.719970703125,equal_weight,quarterly,5
2026-05-14,LITE,ADD,Current weight is below target weight,2.9680357773786987,True,True,5,0.15675039383715744,0.17701176688837963,0.020261373051222192,1001.8099975585938,equal_weight,quarterly,5
2026-05-14,MU,HOLD,Current holding remains close to target weight,2.2211424471847034,True,True,8,0.1942721672952339,0.20764366353984792,0.013371496244614034,776.010009765625,equal_weight,quarterly,5
2026-05-14,INTC,HOLD,Current holding remains close to target weight,2.0604539872296264,True,True,59,0.21404304643198555,0.20471574359531539,-0.00932730283667016,115.93000030517578,equal_weight,quarterly,5
2026-05-14,WDC,HOLD,Current holding remains close to target weight,1.8812139214207306,True,True,17,0.2601543129734194,0.2453045214049585,-0.01484979156846089,489.0224914550781,equal_weight,quarterly,5
2026-05-15,SNDK,HOLD,Current holding remains close to target weight,3.9721298304630537,True,True,4,0.18191804264646985,0.16817103536019407,-0.013747007286275786,1407.6099853515625,equal_weight,quarterly,5
2026-05-15,LITE,HOLD,Current holding remains close to target weight,2.824514485419112,True,True,6,0.18817838185500996,0.17798591218882567,-0.010192469666184284,970.7000122070312,equal_weight,quarterly,5
2026-05-15,MU,HOLD,Current holding remains close to target weight,1.9614425747985167,True,True,8,0.18730859438421957,0.20495826668613334,0.017649672301913777,724.6599731445312,equal_weight,quarterly,5
2026-05-15,WDC,HOLD,Current holding remains close to target weight,1.905535272826902,True,True,15,0.23354820623915887,0.24666301344823333,0.013114807209074458,481.89434814453125,equal_weight,quarterly,5
2026-05-15,INTC,HOLD,Current holding remains close to target weight,1.870678236874884,True,True,59,0.2073454793123386,0.20222177231661356,-0.005123706995725036,108.7699966430664,equal_weight,quarterly,5
2026-05-18,SNDK,HOLD,Current holding remains close to target weight,4.472800302507035,True,True,4,0.18139767245376073,0.16942029282692322,-0.011977379626837509,1333.010009765625,equal_weight,quarterly,5
2026-05-18,LITE,ADD,Current weight is below target weight,2.90099611252654,True,True,5,0.1505364808301697,0.17480637189821682,0.02426989106804711,884.97998046875,equal_weight,quarterly,5
2026-05-18,INTC,HOLD,Current holding remains close to target weight,2.012252816167603,True,True,56,0.2060787245016555,0.20594588731974126,-0.0001328371819142582,108.16999816894531,equal_weight,quarterly,5
2026-05-18,WDC,HOLD,Current holding remains close to target weight,1.922298743095788,True,True,16,0.24960590882165523,0.2453762986822417,-0.004229610139413531,458.5604248046875,equal_weight,quarterly,5
2026-05-18,MU,HOLD,Current holding remains close to target weight,1.878673748060546,True,True,9,0.20867583197682815,0.20445114927287708,-0.0042246827039510715,681.5399780273438,equal_weight,quarterly,5
2026-05-19,SNDK,HOLD,Current holding remains close to target weight,4.442595290884171,True,True,4,0.18533027051758738,0.16997077352144033,-0.015359496996147054,1383.2900390625,equal_weight,quarterly,5
2026-05-19,LITE,HOLD,Current holding remains close to target weight,2.834116089843016,True,True,6,0.17887856574236202,0.16531235711030845,-0.013566208632053572,890.0900268554688,equal_weight,quarterly,5
2026-05-19,INTC,HOLD,Current holding remains close to target weight,2.11936941508513,True,True,55,0.204115309831675,0.20396929954551044,-0.00014601028616456624,110.80000305175781,equal_weight,quarterly,5
2026-05-19,WDC,HOLD,Current holding remains close to target weight,1.8916226422402107,True,True,16,0.2442048001638171,0.2297722353614261,-0.014432564802390996,455.6811828613281,equal_weight,quarterly,5
2026-05-19,STX,BUY,New target holding from latest signal,1.8525488920595374,True,False,0,0.0,0.23097533446131477,0.23097533446131477,732.8274536132812,equal_weight,quarterly,5
2026-05-19,MU,SELL,Ticker is no longer selected by the signal,1.8331884647887766,False,True,8,0.18723140882205414,0.0,-0.18723140882205414,698.739990234375,equal_weight,quarterly,5
2026-05-20,SNDK,HOLD,Current holding remains close to target weight,4.237550898976121,True,True,4,0.18237895476387345,0.17353113136439727,-0.008847823399476179,1392.56005859375,equal_weight,quarterly,5
2026-05-20,LITE,ADD,Current weight is below target weight,2.586028756390134,True,True,5,0.14211029860135177,0.16714811747594804,0.025037818874596274,868.0700073242188,equal_weight,quarterly,5
2026-05-20,INTC,HOLD,Current holding remains close to target weight,2.427254457568938,True,True,54,0.21032723302018905,0.20621585877389534,-0.004111374246293709,118.95999908447266,equal_weight,quarterly,5
2026-05-20,MU,BUY,New target holding from latest signal,2.027870827530698,True,False,0,0.0,0.2184011017646199,0.2184011017646199,731.989990234375,equal_weight,quarterly,5
2026-05-20,CIEN,BUY,New target holding from latest signal,1.8926896094313288,True,False,0,0.0,0.23470379062113947,0.23470379062113947,554.760009765625,equal_weight,quarterly,5
2026-05-20,STX,SELL,Ticker is no longer selected by the signal,1.8860434449794679,False,True,9,0.2211638642212361,0.0,-0.2211638642212361,750.5348510742188,equal_weight,quarterly,5
2026-05-20,WDC,SELL,Ticker is no longer selected by the signal,1.8329312289567832,False,True,16,0.24071683685430664,0.0,-0.24071683685430664,459.50018310546875,equal_weight,quarterly,5
2026-05-21,SNDK,TRIM,Current weight is above target weight,5.296656335901945,True,True,4,0.19111958962976106,0.16539601345229224,-0.025723576177468815,1542.239990234375,equal_weight,quarterly,5
2026-05-21,LITE,HOLD,Current holding remains close to target weight,2.898072297418802,True,True,6,0.17928614745285953,0.17144862939553573,-0.0078375180573238,964.5,equal_weight,quarterly,5
2026-05-21,INTC,HOLD,Current holding remains close to target weight,2.451791251954018,True,True,54,0.19824642432190223,0.20799079668113818,0.009744372359235948,118.5,equal_weight,quarterly,5
2026-05-21,MU,HOLD,Current holding remains close to target weight,2.3379787247480275,True,True,9,0.2124945079264713,0.20801286339788372,-0.0044816445285875695,762.0999755859375,equal_weight,quarterly,5
2026-05-21,STX,BUY,New target holding from latest signal,2.2065066214423257,True,False,0,0.0,0.2471516970731501,0.2471516970731501,809.882568359375,equal_weight,quarterly,5
2026-05-21,CIEN,SELL,Ticker is no longer selected by the signal,2.140267275233957,False,True,12,0.21831456893117707,0.0,-0.21831456893117707,587.22998046875,equal_weight,quarterly,5
2026-05-22,SNDK,TRIM,Current weight is above target weight,5.011912103769193,True,True,4,0.18480031584780468,0.16419159577404532,-0.020608720073759357,1478.68994140625,equal_weight,quarterly,5
2026-05-22,LITE,HOLD,Current holding remains close to target weight,2.5211214380982416,True,True,6,0.17750924519875796,0.17104981934223176,-0.006459425856526202,946.9000244140625,equal_weight,quarterly,5
2026-05-22,INTC,HOLD,Current holding remains close to target weight,2.4132724082766868,True,True,59,0.2209120459779155,0.20875718549447286,-0.012154860483442637,119.83999633789062,equal_weight,quarterly,5
2026-05-22,MU,ADD,Current weight is below target weight,2.3269256052864127,True,True,8,0.18771350682174148,0.20816077656444976,0.020447269742708274,751.0,equal_weight,quarterly,5
2026-05-22,STX,HOLD,Current holding remains close to target weight,2.149971568944481,True,True,9,0.22837303693919198,0.24784062282480035,0.019467585885608374,812.15087890625,equal_weight,quarterly,5
2026-05-26,SNDK,HOLD,Current holding remains close to target weight,7.111604380321957,True,True,4,0.18752245627612704,0.16789900957373638,-0.019623446702390662,1589.550048828125,equal_weight,quarterly,5
2026-05-26,MU,HOLD,Current holding remains close to target weight,3.4525918018618977,True,True,8,0.21137757715543182,0.19564740511325376,-0.015730172042178053,895.8800048828125,equal_weight,quarterly,5
2026-05-26,LITE,HOLD,Current holding remains close to target weight,2.905033339511254,True,True,6,0.1611751653264635,0.17852118463331065,0.01734601930684715,910.8099975585938,equal_weight,quarterly,5
2026-05-26,WDC,BUY,New target holding from latest signal,2.7461536659166983,True,False,0,0.0,0.2447623027868151,0.2447623027868151,524.5132446289062,equal_weight,quarterly,5
2026-05-26,INTC,HOLD,Current holding remains close to target weight,2.674003586178632,True,True,59,0.21493560678089227,0.21317009789288416,-0.0017655088880081105,123.5199966430664,equal_weight,quarterly,5
2026-05-26,STX,SELL,Ticker is no longer selected by the signal,2.532050569555713,False,True,9,0.22433611663560604,0.0,-0.22433611663560604,845.1574096679688,equal_weight,quarterly,5
2026-05-27,SNDK,HOLD,Current holding remains close to target weight,6.9389819118552944,True,True,4,0.1859155825919998,0.16704938501655908,-0.018866197575440724,1589.93994140625,equal_weight,quarterly,5
2026-05-27,MU,HOLD,Current holding remains close to target weight,3.48076000838942,True,True,7,0.18998220244424283,0.19466621077332913,0.004684008329086303,928.4099731445312,equal_weight,quarterly,5
2026-05-27,WDC,HOLD,Current holding remains close to target weight,2.8169464460052884,True,True,16,0.24811274397955776,0.22856058270533378,-0.01955216127422399,530.461669921875,equal_weight,quarterly,5
2026-05-27,STX,BUY,New target holding from latest signal,2.6821211280730264,True,False,0,0.0,0.23570912744212483,0.23570912744212483,870.0396118164062,equal_weight,quarterly,5
2026-05-27,LITE,HOLD,Current holding remains close to target weight,2.530302478527906,True,True,6,0.15826398643050574,0.17401469406265324,0.015750707632147504,902.3099975585938,equal_weight,quarterly,5
2026-05-27,INTC,SELL,Ticker is no longer selected by the signal,2.5295651200888813,False,True,61,0.2171426882222336,0.0,-0.2171426882222336,121.7699966430664,equal_weight,quarterly,5
2026-05-28,SNDK,TRIM,Current weight is above target weight,6.233168690896649,True,True,4,0.19286218405906036,0.1550678727074954,-0.03779431135156497,1641.6400146484375,equal_weight,quarterly,5
2026-05-28,MU,HOLD,Current holding remains close to target weight,3.1275454038936426,True,True,7,0.1898687600202112,0.1793462853590348,-0.010522474661176395,923.52001953125,equal_weight,quarterly,5
2026-05-28,WDC,HOLD,Current holding remains close to target weight,2.5238957734117258,True,True,14,0.21835629184474967,0.22623486933214063,0.007878577487390959,531.0415649414062,equal_weight,quarterly,5
2026-05-28,STX,HOLD,Current holding remains close to target weight,2.4910843122633377,True,True,9,0.23263763474252086,0.23484819964405315,0.0022105649015322915,880.0924682617188,equal_weight,quarterly,5
2026-05-28,INTC,BUY,New target holding from latest signal,2.3777590471421535,True,False,0,0.0,0.20450277295727604,0.20450277295727604,120.88999938964844,equal_weight,quarterly,5
2026-05-28,LITE,SELL,Ticker is no longer selected by the signal,1.8748665059777188,False,True,6,0.15166027608562896,0.0,-0.15166027608562896,860.6199951171875,equal_weight,quarterly,5
2026-05-29,SNDK,HOLD,Current holding remains close to target weight,6.686984038407029,True,True,3,0.14945925924141396,0.14943162005516825,-2.763918624570927e-05,1694.97998046875,equal_weight,quarterly,5
2026-05-29,MU,TRIM,Current weight is above target weight,3.3281535067076202,True,True,7,0.19978103906237063,0.16886148085000302,-0.03091955821236761,971.0,equal_weight,quarterly,5
2026-05-29,WDC,HOLD,Current holding remains close to target weight,2.422505184257479,True,True,14,0.21853351744545124,0.2156870013945619,-0.0028465160508893417,531.071533203125,equal_weight,quarterly,5
2026-05-29,STX,HOLD,Current holding remains close to target weight,2.374114622300532,True,True,9,0.23257010904476416,0.22592853147542283,-0.006641577569341334,879.173095703125,equal_weight,quarterly,5
2026-05-29,DELL,BUY,New target holding from latest signal,2.367689685396911,True,False,0,0.0,0.24009136622484406,0.24009136622484406,420.9100036621094,equal_weight,quarterly,5
2026-05-29,INTC,SELL,Ticker is no longer selected by the signal,2.2006696747020533,False,True,59,0.19887339820771208,0.0,-0.19887339820771208,114.68000030517578,equal_weight,quarterly,5
2026-06-01,SNDK,HOLD,Current holding remains close to target weight,7.191174240631479,True,True,3,0.14831338481643214,0.15099953803466412,0.0026861532182319847,1761.4300537109375,equal_weight,quarterly,5
2026-06-01,MU,HOLD,Current holding remains close to target weight,3.5007970942355264,True,True,6,0.1743793455253702,0.1673368727879935,-0.007042472737376709,1035.5,equal_weight,quarterly,5
2026-06-01,DELL,HOLD,Current holding remains close to target weight,2.522786790971643,True,True,19,0.24848256376435354,0.2327235664079567,-0.015758997356396853,465.9599914550781,equal_weight,quarterly,5
2026-06-01,WDC,HOLD,Current holding remains close to target weight,2.4671023566633132,True,True,14,0.2145656492290667,0.21855142845608747,0.003985779227020758,546.0576171875,equal_weight,quarterly,5
2026-06-01,STX,ADD,Current weight is below target weight,2.398296477373858,True,True,8,0.2067075476405125,0.23038859431329825,0.023681046672785755,920.6035766601562,equal_weight,quarterly,5
2026-06-02,SNDK,HOLD,Current holding remains close to target weight,6.687029714865387,True,True,3,0.14537376236571062,0.1497603518942992,0.004386589528588586,1716.3599853515625,equal_weight,quarterly,5
2026-06-02,MU,HOLD,Current holding remains close to target weight,3.503454978595678,True,True,6,0.18025614475334312,0.16784848439517636,-0.012407660358166761,1064.0999755859375,equal_weight,quarterly,5
2026-06-02,WDC,HOLD,Current holding remains close to target weight,2.452044689249826,True,True,14,0.2225136776733234,0.22203868184457132,-0.0004749958287520728,562.9531860351562,equal_weight,quarterly,5
2026-06-02,STX,HOLD,Current holding remains close to target weight,2.3635533926230576,True,True,9,0.23528071504981862,0.2304096431766898,-0.004871071873128824,925.9497680664062,equal_weight,quarterly,5
2026-06-02,DELL,ADD,Current weight is below target weight,2.288842929474587,True,True,17,0.20893151700305282,0.2299428386892634,0.021011321686210588,435.30999755859375,equal_weight,quarterly,5
2026-06-03,SNDK,HOLD,Current holding remains close to target weight,7.714374154049082,True,True,3,0.15203242918243307,0.14970432257575136,-0.0023281066066817013,1831.5,equal_weight,quarterly,5
2026-06-03,MU,HOLD,Current holding remains close to target weight,3.493303614523942,True,True,6,0.1792297476458367,0.16816003237088062,-0.011069715274956093,1079.5699462890625,equal_weight,quarterly,5
2026-06-03,WDC,HOLD,Current holding remains close to target weight,2.637472803367612,True,True,13,0.21365106091815675,0.2219008655543461,0.00824980463618935,593.9551391601562,equal_weight,quarterly,5
2026-06-03,STX,HOLD,Current holding remains close to target weight,2.4979756018372834,True,True,9,0.2340925306014117,0.2311722815653394,-0.0029202490360722977,940.019775390625,equal_weight,quarterly,5
2026-06-03,DELL,HOLD,Current holding remains close to target weight,2.211679261967437,True,True,18,0.20972256589250726,0.22906249793368258,0.019339932041175317,421.0799865722656,equal_weight,quarterly,5
2026-06-04,SNDK,HOLD,Current holding remains close to target weight,7.569174586846099,True,True,3,0.15045692244691994,0.1510505978314851,0.0005936753845651732,1759.6800537109375,equal_weight,quarterly,5
2026-06-04,MU,HOLD,Current holding remains close to target weight,3.1622653220757098,True,True,6,0.17032084263398592,0.16480186531980975,-0.0055189773141761655,996.0,equal_weight,quarterly,5
2026-06-04,WDC,HOLD,Current holding remains close to target weight,2.6017147867883472,True,True,13,0.2131732269856294,0.22073863916495706,0.007565412179327657,575.3499755859375,equal_weight,quarterly,5
2026-06-04,STX,HOLD,Current holding remains close to target weight,2.484988601833315,True,True,9,0.23735394489750078,0.23286591197494044,-0.004488032922560337,925.3302001953125,equal_weight,quarterly,5
2026-06-04,DELL,HOLD,Current holding remains close to target weight,2.1276795122987675,True,True,19,0.22854656652220154,0.2305429857088077,0.0019964191866061742,422.04998779296875,equal_weight,quarterly,5
2026-06-05,SNDK,HOLD,Current holding remains close to target weight,7.022018248374584,True,True,3,0.14787387498695934,0.1541037064606176,0.0062298314736582705,1559.3199462890625,equal_weight,quarterly,5
2026-06-05,MU,HOLD,Current holding remains close to target weight,2.692868684518216,True,True,6,0.1638720885673567,0.16449571240496816,0.00062362383761147,864.010009765625,equal_weight,quarterly,5
2026-06-05,WDC,HOLD,Current holding remains close to target weight,2.293978622586761,True,True,13,0.21028616902215538,0.2174449278566137,0.007158758834458323,511.7200012207031,equal_weight,quarterly,5
2026-06-05,STX,HOLD,Current holding remains close to target weight,2.290584755344511,True,True,9,0.2409307585900631,0.23339994428836872,-0.0075308143016943885,846.8661499023438,equal_weight,quarterly,5
2026-06-05,DELL,HOLD,Current holding remains close to target weight,1.9734418064973918,True,True,19,0.23687240867605786,0.2305557089894318,-0.006316699686626043,394.3900146484375,equal_weight,quarterly,5
2026-06-08,SNDK,HOLD,Current holding remains close to target weight,6.697717025893088,True,True,3,0.14937720961448414,0.15620516361235867,0.006827953997874531,1642.0,equal_weight,quarterly,5
2026-06-08,MU,HOLD,Current holding remains close to target weight,3.191760388656107,True,True,6,0.17271717651537508,0.16188942504324322,-0.010827751472131858,949.280029296875,equal_weight,quarterly,5
2026-06-08,STX,HOLD,Current holding remains close to target weight,2.315151471761976,True,True,9,0.2391159753133602,0.2344803890619464,-0.0046355862514138035,876.1453247070312,equal_weight,quarterly,5
2026-06-08,WDC,HOLD,Current holding remains close to target weight,2.2752774007945558,True,True,13,0.20772377498683597,0.21940514654633853,0.011681371559502551,526.9299926757812,equal_weight,quarterly,5
2026-06-08,DELL,HOLD,Current holding remains close to target weight,1.9050201090607684,True,True,19,0.23090786651760165,0.22801987573611313,-0.0028879907814885197,400.7699890136719,equal_weight,quarterly,5
2026-06-09,SNDK,HOLD,Current holding remains close to target weight,6.206810654637912,True,True,3,0.1536285198277401,0.1581022593678869,0.0044737395401468205,1646.5400390625,equal_weight,quarterly,5
2026-06-09,MU,HOLD,Current holding remains close to target weight,2.94849271059737,True,True,6,0.17464427740714517,0.16298615059424246,-0.011658126812902708,935.8900146484375,equal_weight,quarterly,5
2026-06-09,WDC,HOLD,Current holding remains close to target weight,2.067693917901636,True,True,13,0.20932281464301897,0.22009276422741425,0.010769949584395283,517.719970703125,equal_weight,quarterly,5
2026-06-09,STX,HOLD,Current holding remains close to target weight,2.047846886267225,True,True,9,0.2366392394728917,0.23300753038430072,-0.0036317090885909786,845.4072265625,equal_weight,quarterly,5
2026-06-09,DELL,HOLD,Current holding remains close to target weight,1.7689631046678427,True,True,19,0.2256031030111289,0.22581129542615572,0.0002081924150268144,381.7799987792969,equal_weight,quarterly,5
2026-06-10,SNDK,HOLD,Current holding remains close to target weight,6.288020453152263,True,True,3,0.1589053989491761,0.1649194186356385,0.006014019686462396,1643.22998046875,equal_weight,quarterly,5
2026-06-10,MU,HOLD,Current holding remains close to target weight,2.6149973077816058,True,True,6,0.17249508550260007,0.17145316231935237,-0.001041923183247695,891.8800048828125,equal_weight,quarterly,5
2026-06-10,WDC,HOLD,Current holding remains close to target weight,1.88875259927616,True,True,13,0.20537058417291523,0.22479576851911712,0.019425184346201885,490.0899963378906,equal_weight,quarterly,5
2026-06-10,STX,HOLD,Current holding remains close to target weight,1.871510854688868,True,True,9,0.23655755838864737,0.2419282513293125,0.005370692940665139,815.4085693359375,equal_weight,quarterly,5
2026-06-10,INTC,BUY,New target holding from latest signal,1.6560794774678702,True,False,0,0.0,0.19690339919657962,0.19690339919657962,107.04000091552734,equal_weight,quarterly,5
2026-06-10,DELL,SELL,Ticker is no longer selected by the signal,1.6536374393884188,False,True,19,0.22650342372537358,0.0,-0.22650342372537358,369.8299865722656,equal_weight,quarterly,5
2026-06-11,SNDK,HOLD,Current holding remains close to target weight,7.573361670487621,True,True,3,0.16831400546538722,0.16273189969946156,-0.00558210576592566,1881.510009765625,equal_weight,quarterly,5
2026-06-11,MU,HOLD,Current holding remains close to target weight,2.948541509505763,True,True,6,0.17817483503247405,0.16964863104048958,-0.008526203991984477,995.8699951171875,equal_weight,quarterly,5
2026-06-11,WDC,HOLD,Current holding remains close to target weight,2.124226645205342,True,True,14,0.22096026083467024,0.22414916595090323,0.0031889051162329873,529.2899780273438,equal_weight,quarterly,5
2026-06-11,STX,HOLD,Current holding remains close to target weight,2.0823935251889836,True,True,9,0.23280386730703087,0.24483907107476277,0.0120352037677319,867.4714965820312,equal_weight,quarterly,5
2026-06-11,INTC,HOLD,Current holding remains close to target weight,1.887901211962288,True,True,57,0.1987946440020105,0.19863123223438292,-0.0001634117676275748,116.95999908447266,equal_weight,quarterly,5
2026-06-12,SNDK,HOLD,Current holding remains close to target weight,7.503392469277156,True,True,3,0.16867802486026331,0.1637913990805913,-0.004886625779672027,1980.0999755859375,equal_weight,quarterly,5
2026-06-12,MU,HOLD,Current holding remains close to target weight,2.7253769110780333,True,True,6,0.16724007429293306,0.17293046166718076,0.005690387374247707,981.6099853515625,equal_weight,quarterly,5
2026-06-12,STX,HOLD,Current holding remains close to target weight,2.1282985369844027,True,True,9,0.23776691125475868,0.24243034841796848,0.004663437163209799,930.3765869140625,equal_weight,quarterly,5
2026-06-12,WDC,HOLD,Current holding remains close to target weight,2.096159746695555,True,True,14,0.2237858166386729,0.22352860694827165,-0.0002572096904012444,562.9299926757812,equal_weight,quarterly,5
2026-06-12,INTC,HOLD,Current holding remains close to target weight,2.054683752419966,True,True,57,0.20162224813109572,0.19731918388598793,-0.0043030642451077905,124.56999969482422,equal_weight,quarterly,5
2026-06-15,SNDK,HOLD,Current holding remains close to target weight,7.724225413257027,True,True,3,0.16431897784882793,0.16833031725084158,0.004011339402013647,2107.860107421875,equal_weight,quarterly,5
2026-06-15,MU,HOLD,Current holding remains close to target weight,3.212979964411323,True,True,6,0.16962928656943133,0.17281798469246423,0.003188698123032907,1087.989990234375,equal_weight,quarterly,5
2026-06-15,WDC,TRIM,Current weight is above target weight,2.493660717592249,True,True,14,0.23774876463772493,0.21420491033488823,-0.023543854302836703,653.530029296875,equal_weight,quarterly,5
2026-06-15,STX,HOLD,Current holding remains close to target weight,2.323874444580392,True,True,9,0.2380929754565917,0.2411369643863877,0.0030439889297960154,1018.0740966796875,equal_weight,quarterly,5
2026-06-15,INTC,HOLD,Current holding remains close to target weight,2.2361429015973164,True,True,57,0.18938005712393866,0.2035098233354183,0.014129766211479655,127.86000061035156,equal_weight,quarterly,5
2026-06-16,SNDK,HOLD,Current holding remains close to target weight,8.659278880467536,True,True,3,0.1591780663070727,0.16252732676108206,0.0033492604540093507,1991.550048828125,equal_weight,quarterly,5
2026-06-16,MU,HOLD,Current holding remains close to target weight,3.23654873461844,True,True,6,0.16317200224386974,0.16248084859004908,-0.0006911536538206642,1020.760009765625,equal_weight,quarterly,5
2026-06-16,WDC,HOLD,Current holding remains close to target weight,2.8651678660293083,True,True,12,0.21774597165568021,0.2119944252902955,-0.005751546365384719,681.0800170898438,equal_weight,quarterly,5
2026-06-16,STX,HOLD,Current holding remains close to target weight,2.601201066192576,True,True,9,0.2471186613335192,0.2334480186828736,-0.013670642650645604,1030.6051025390625,equal_weight,quarterly,5
2026-06-16,DELL,BUY,New target holding from latest signal,2.132047711305232,True,False,0,0.0,0.22954938067569983,0.22954938067569983,404.0799865722656,equal_weight,quarterly,5
2026-06-16,INTC,SELL,Ticker is no longer selected by the signal,2.095741835503924,False,True,68,0.21205625483235743,0.0,-0.21205625483235743,117.05000305175781,equal_weight,quarterly,5
2026-06-17,SNDK,HOLD,Current holding remains close to target weight,8.70327486108583,True,True,3,0.15181835362598478,0.16104723356184242,0.009228879935857637,1958.800048828125,equal_weight,quarterly,5
2026-06-17,MU,HOLD,Current holding remains close to target weight,3.3959989151222008,True,True,6,0.16170652999343588,0.16186768566305818,0.00016115566962229821,1043.18994140625,equal_weight,quarterly,5
2026-06-17,WDC,HOLD,Current holding remains close to target weight,3.1423890793949703,True,True,11,0.20237873942437223,0.21222491247920466,0.00984617305483243,712.1300048828125,equal_weight,quarterly,5
2026-06-17,STX,HOLD,Current holding remains close to target weight,2.7493219219962994,True,True,9,0.24770316351384303,0.2347753323500994,-0.01292783116374363,1065.310302734375,equal_weight,quarterly,5
2026-06-17,DELL,HOLD,Current holding remains close to target weight,2.2369751197320857,True,True,21,0.22749811158489136,0.23008483594579537,0.0025867243609040136,419.32000732421875,equal_weight,quarterly,5
2026-06-18,SNDK,HOLD,Current holding remains close to target weight,9.437867399947804,True,True,3,0.16330213656448586,0.16374030922434588,0.0004381726598600144,2184.75,equal_weight,quarterly,5
2026-06-18,MU,HOLD,Current holding remains close to target weight,3.8811865255727565,True,True,6,0.16952327565901262,0.16928937446017797,-0.00023390119883465177,1133.989990234375,equal_weight,quarterly,5
2026-06-18,WDC,HOLD,Current holding remains close to target weight,3.2775906313935987,True,True,11,0.204519274054123,0.22138343026765636,0.01686415621353335,746.22998046875,equal_weight,quarterly,5
2026-06-18,STX,HOLD,Current holding remains close to target weight,2.7306408174123713,True,True,9,0.23981642648290935,0.25144338529118554,0.011626958808276189,1069.4674072265625,equal_weight,quarterly,5
2026-06-18,INTC,BUY,New target holding from latest signal,2.5912624111850886,True,False,0,0.0,0.19414350075663434,0.19414350075663434,133.99000549316406,equal_weight,quarterly,5
2026-06-18,DELL,SELL,Ticker is no longer selected by the signal,2.0845915314334302,False,True,21,0.21426047578079815,0.0,-0.21426047578079815,409.5,equal_weight,quarterly,5
2026-06-22,SNDK,HOLD,Current holding remains close to target weight,9.993230964267964,True,True,3,0.165942331741833,0.16392420444327652,-0.0020181272985564935,2273.72998046875,equal_weight,quarterly,5
2026-06-22,MU,HOLD,Current holding remains close to target weight,4.375924318166906,True,True,6,0.1768189049380833,0.16626341133208256,-0.010555493606000749,1211.3800048828125,equal_weight,quarterly,5
2026-06-22,WDC,HOLD,Current holding remains close to target weight,3.4097306355651646,True,True,12,0.21387354050787175,0.224988477429169,0.011114936921297253,732.6199951171875,equal_weight,quarterly,5
2026-06-22,STX,HOLD,Current holding remains close to target weight,2.957585821345247,True,True,9,0.2393664126420171,0.2523200084955368,0.012953595853519712,1093.260498046875,equal_weight,quarterly,5
2026-06-22,INTC,HOLD,Current holding remains close to target weight,2.909570192071334,True,True,59,0.20229415360984546,0.19250389829993525,-0.009790255309910206,140.94000244140625,equal_weight,quarterly,5
2026-06-23,SNDK,HOLD,Current holding remains close to target weight,7.947416000702519,True,True,3,0.1572661018637305,0.16076318959220187,0.0034970877284713764,1963.5999755859375,equal_weight,quarterly,5
2026-06-23,MU,HOLD,Current holding remains close to target weight,3.2351113246009753,True,True,6,0.16847399988326212,0.16448526954033696,-0.003988730342925156,1051.77001953125,equal_weight,quarterly,5
2026-06-23,WDC,HOLD,Current holding remains close to target weight,2.835472359257236,True,True,13,0.23279030161885225,0.22257084694459917,-0.010219454674253087,670.75,equal_weight,quarterly,5
2026-06-23,INTC,HOLD,Current holding remains close to target weight,2.646086086827055,True,True,54,0.19069916499378906,0.1954133976608629,0.004714232667073853,132.27999877929688,equal_weight,quarterly,5
2026-06-23,STX,HOLD,Current holding remains close to target weight,2.5723676055787656,True,True,9,0.24936640152136466,0.2567672962619992,0.007400894740634517,1037.8499755859375,equal_weight,quarterly,5
2026-06-24,SNDK,HOLD,Current holding remains close to target weight,7.057152291653569,True,True,3,0.157301697880373,0.15772077540955437,0.0004190775291813831,1914.4599609375,equal_weight,quarterly,5
2026-06-24,MU,HOLD,Current holding remains close to target weight,2.9462028900280135,True,True,6,0.17230175417190008,0.16018030034541017,-0.012121453826489909,1048.510009765625,equal_weight,quarterly,5
2026-06-24,INTC,HOLD,Current holding remains close to target weight,2.5755023081923163,True,True,59,0.2127348897888484,0.19470896051591222,-0.018025929272936198,131.64999389648438,equal_weight,quarterly,5
2026-06-24,WDC,ADD,Current weight is below target weight,2.5581295763625893,True,True,12,0.21160130146568942,0.2355430990916516,0.023941797625962186,643.8300170898438,equal_weight,quarterly,5
2026-06-24,DELL,BUY,New target holding from latest signal,2.4591667068460943,True,False,0,0.0,0.25184686463747163,0.25184686463747163,434.05999755859375,equal_weight,quarterly,5
2026-06-24,STX,SELL,Ticker is no longer selected by the signal,2.368552833700995,False,True,9,0.24483130690783006,0.0,-0.24483130690783006,993.25,equal_weight,quarterly,5
2026-06-25,SNDK,TRIM,Current weight is above target weight,8.686786851019592,True,True,3,0.1747308062663547,0.15455389280692083,-0.02017691345943387,2335.0,equal_weight,quarterly,5
2026-06-25,MU,HOLD,Current holding remains close to target weight,3.3911938786000677,True,True,5,0.15135355281279844,0.16252523175045427,0.011171678937655832,1213.56005859375,equal_weight,quarterly,5
2026-06-25,WDC,HOLD,Current holding remains close to target weight,2.8237693945955034,True,True,13,0.2190076721554555,0.2236292339709294,0.004621561815473907,675.3900146484375,equal_weight,quarterly,5
2026-06-25,INTC,HOLD,Current holding remains close to target weight,2.6532856480428255,True,True,60,0.19885637152404956,0.1996404122964899,0.0007840407724403475,132.8699951171875,equal_weight,quarterly,5
2026-06-25,STX,BUY,New target holding from latest signal,2.643548384298266,True,False,0,0.0,0.25965122917520567,0.25965122917520567,1025.3599853515625,equal_weight,quarterly,5
2026-06-25,DELL,SELL,Ticker is no longer selected by the signal,2.2581448412120224,False,True,25,0.2553302311160005,0.0,-0.2553302311160005,409.45001220703125,equal_weight,quarterly,5
2026-06-26,SNDK,HOLD,Current holding remains close to target weight,7.536994744970114,True,True,3,0.1731126036324608,0.15716069437595978,-0.01595190925650103,2090.7099609375,equal_weight,quarterly,5
2026-06-26,MU,HOLD,Current holding remains close to target weight,3.1020138614730497,True,True,5,0.15626317576810037,0.16543429214007074,0.009171116371970378,1132.3299560546875,equal_weight,quarterly,5
2026-06-26,INTC,HOLD,Current holding remains close to target weight,2.530124146100708,True,True,59,0.20895849542072767,0.20685945554175422,-0.0020990398789734466,128.32000732421875,equal_weight,quarterly,5
2026-06-26,WDC,HOLD,Current holding remains close to target weight,2.2924747632624958,True,True,13,0.2104204752346441,0.21711364568874017,0.006693170454096065,586.4500122070312,equal_weight,quarterly,5
2026-06-26,STX,HOLD,Current holding remains close to target weight,2.1983004538131925,True,True,10,0.24837501637542292,0.2534319122534751,0.005056895878052192,899.9000244140625,equal_weight,quarterly,5
2026-06-29,SNDK,HOLD,Current holding remains close to target weight,7.198935850789448,True,True,3,0.16224526847992576,0.15897694243873595,-0.0032683260411898174,2050.389892578125,equal_weight,quarterly,5
2026-06-29,MU,HOLD,Current holding remains close to target weight,2.9982697992391802,True,True,5,0.15104140803543023,0.16680987687547524,0.015768468840045013,1145.280029296875,equal_weight,quarterly,5
2026-06-29,INTC,HOLD,Current holding remains close to target weight,2.642699164174085,True,True,59,0.20498310676351453,0.20840026885235002,0.003417162088835496,131.72000122070312,equal_weight,quarterly,5
2026-06-29,WDC,HOLD,Current holding remains close to target weight,2.6331144900790027,True,True,13,0.2235246100091677,0.2141646068262186,-0.009360003182949106,651.8800048828125,equal_weight,quarterly,5
2026-06-29,STX,HOLD,Current holding remains close to target weight,2.403482326698696,True,True,10,0.25546265648132815,0.2516483050072202,-0.0038143514741079687,968.530029296875,equal_weight,quarterly,5
2026-06-30,SNDK,HOLD,Current holding remains close to target weight,8.093101190637102,True,True,3,0.17540530148550573,0.168820870189773,-0.0065844312957327455,2273.72998046875,equal_weight,quarterly,5
2026-06-30,MU,ADD,Current weight is below target weight,3.056467424842192,True,True,5,0.148411489815319,0.17558176040588072,0.027170270590561735,1154.2900390625,equal_weight,quarterly,5
2026-06-30,INTC,HOLD,Current holding remains close to target weight,2.857182374033588,True,True,59,0.21184261917397154,0.21637584410316177,0.004533224929190227,139.6300048828125,equal_weight,quarterly,5
2026-06-30,WDC,ADD,Current weight is below target weight,2.5209449580030907,True,True,13,0.21351894755149925,0.23852682487737636,0.025007877325877115,638.719970703125,equal_weight,quarterly,5
2026-06-30,MRVL,BUY,New target holding from latest signal,2.4544080971349014,True,False,0,0.0,0.20069470042380824,0.20069470042380824,297.8900146484375,equal_weight,quarterly,5
2026-06-30,STX,SELL,Ticker is no longer selected by the signal,2.3798218740908097,False,True,10,0.24814748949597099,0.0,-0.24814748949597099,965.0,equal_weight,quarterly,5
2026-07-01,SNDK,TRIM,Current weight is above target weight,7.320245530002559,True,True,3,0.17289111263867848,0.1516370139384179,-0.02125409870026057,2032.219970703125,equal_weight,quarterly,5
2026-07-01,MU,HOLD,Current holding remains close to target weight,2.508216355630746,True,True,6,0.17564244559418934,0.15758565492820084,-0.018056790665988504,1032.280029296875,equal_weight,quarterly,5
2026-07-01,INTC,HOLD,Current holding remains close to target weight,2.4629224532787988,True,True,59,0.21252244720069796,0.19704357428036784,-0.015478872920330122,127.0199966430664,equal_weight,quarterly,5
2026-07-01,DELL,BUY,New target holding from latest signal,2.361305107433749,True,False,0,0.0,0.26306082645712275,0.26306082645712275,425.25,equal_weight,quarterly,5
2026-07-01,WDC,HOLD,Current holding remains close to target weight,2.3326607634509515,True,True,14,0.2375628590138378,0.23067293039589065,-0.006889928617947155,598.3699951171875,equal_weight,quarterly,5
2026-07-01,MRVL,SELL,Ticker is no longer selected by the signal,2.176096124416843,False,True,26,0.2005869885780432,0.0,-0.2005869885780432,272.04998779296875,equal_weight,quarterly,5
2026-07-02,SNDK,HOLD,Current holding remains close to target weight,6.264174469788525,True,True,3,0.16139875242339413,0.14854597601540687,-0.012852776407987265,1745.0,equal_weight,quarterly,5
2026-07-02,MU,HOLD,Current holding remains close to target weight,2.3351667779009695,True,True,5,0.150386023419414,0.16210529429336176,0.011719270873947751,975.5599975585938,equal_weight,quarterly,5
2026-07-02,INTC,HOLD,Current holding remains close to target weight,2.22654158004764,True,True,55,0.20407615633876394,0.20171374002301784,-0.002362416315746102,120.3499984741211,equal_weight,quarterly,5
2026-07-02,DELL,HOLD,Current holding remains close to target weight,2.105617020437918,True,True,22,0.26745762353957514,0.2578210303006903,-0.009636593238884827,394.32000732421875,equal_weight,quarterly,5
2026-07-02,WDC,HOLD,Current holding remains close to target weight,2.0637202462986597,True,True,13,0.21603076566011895,0.2298139593675232,0.013783193707404245,539.0,equal_weight,quarterly,5
