date,equity
2010-01-04,1.0
2010-01-05,1.0
2010-01-06,1.0
2010-01-07,1.0
2010-01-08,1.0
2010-01-11,1.0
2010-01-12,1.0
2010-01-13,1.0
2010-01-14,1.0
2010-01-15,1.0
2010-01-19,1.0
2010-01-20,1.0
2010-01-21,1.0
2010-01-22,1.0
2010-01-25,1.0
2010-01-26,1.0
2010-01-27,1.0
2010-01-28,1.0
2010-01-29,1.0
2010-02-01,1.0
2010-02-02,1.0
2010-02-03,1.0
2010-02-04,1.0
2010-02-05,1.0
2010-02-08,1.0
2010-02-09,1.0
2010-02-10,1.0
2010-02-11,1.0
2010-02-12,1.0
2010-02-16,1.0
2010-02-17,1.0
2010-02-18,1.0
2010-02-19,1.0
2010-02-22,1.0
2010-02-23,1.0
2010-02-24,1.0
2010-02-25,1.0
2010-02-26,1.0
2010-03-01,1.0
2010-03-02,1.0
2010-03-03,1.0
2010-03-04,1.0
2010-03-05,1.0
2010-03-08,1.0
2010-03-09,1.0
2010-03-10,1.0
2010-03-11,1.0
2010-03-12,1.0
2010-03-15,1.0
2010-03-16,1.0
2010-03-17,1.0
2010-03-18,1.0
2010-03-19,1.0
2010-03-22,1.0
2010-03-23,1.0
2010-03-24,1.0
2010-03-25,1.0
2010-03-26,1.0
2010-03-29,1.0
2010-03-30,1.0
2010-03-31,1.0
2010-04-01,1.0
2010-04-05,1.0
2010-04-06,1.0
2010-04-07,1.0
2010-04-08,1.0
2010-04-09,1.0
2010-04-12,1.0
2010-04-13,1.0
2010-04-14,1.0
2010-04-15,1.0
2010-04-16,1.0
2010-04-19,1.0
2010-04-20,1.0
2010-04-21,1.0
2010-04-22,1.0
2010-04-23,1.0
2010-04-26,1.0
2010-04-27,1.0
2010-04-28,1.0
2010-04-29,1.0
2010-04-30,1.0
2010-05-03,1.0
2010-05-04,1.0
2010-05-05,1.0
2010-05-06,1.0
2010-05-07,1.0
2010-05-10,1.0
2010-05-11,1.0
2010-05-12,1.0
2010-05-13,1.0
2010-05-14,1.0
2010-05-17,1.0
2010-05-18,1.0
2010-05-19,1.0
2010-05-20,1.0
2010-05-21,1.0
2010-05-24,1.0
2010-05-25,1.0
2010-05-26,1.0
2010-05-27,1.0
2010-05-28,1.0
2010-06-01,1.0
2010-06-02,1.0
2010-06-03,1.0
2010-06-04,1.0
2010-06-07,1.0
2010-06-08,1.0
2010-06-09,1.0
2010-06-10,1.0
2010-06-11,1.0
2010-06-14,1.0
2010-06-15,1.0
2010-06-16,1.0
2010-06-17,1.0
2010-06-18,1.0
2010-06-21,1.0
2010-06-22,1.0
2010-06-23,1.0
2010-06-24,1.0
2010-06-25,1.0
2010-06-28,1.0
2010-06-29,1.0
2010-06-30,1.0
2010-07-01,1.0
2010-07-02,1.0
2010-07-06,1.0
2010-07-07,1.043938123991223
2010-07-08,1.0525267201111574
2010-07-09,1.0779364337610395
2010-07-12,1.073352809531333
2010-07-13,1.0952214293410356
2010-07-14,1.0920523758882497
2010-07-15,1.0894003407355939
2010-07-16,1.0430459808494363
2010-07-19,1.0489089253740196
2010-07-20,1.0615643689765557
2010-07-21,1.0561844561430265
2010-07-22,1.0765369362512058
2010-07-23,1.0980217638419951
2010-07-26,1.115754087029243
2010-07-27,1.1130928846916082
2010-07-28,1.110829376255535
2010-07-29,1.0724612627796664
2010-07-30,1.078133819693576
2010-08-02,1.0974710769832465
2010-08-03,1.0900758916339781
2010-08-04,1.1037525225482205
2010-08-05,1.0971583905923243
2010-08-06,1.1078755154523223
2010-08-09,1.1202449747865597
2010-08-10,1.1143734381317885
2010-08-11,1.0689497057027864
2010-08-12,1.070867696343361
2010-08-13,1.066354283867347
2010-08-16,1.0621271438785969
2010-08-17,1.090144867758819
2010-08-18,1.0885544297840941
2010-08-19,1.0695298895341327
2010-08-20,1.1166805048630644
2010-08-23,1.0952372099375163
2010-08-24,1.0746363878842609
2010-08-25,1.0728124366180116
2010-08-26,1.0544688244862779
2010-08-27,1.0836455149787467
2010-08-30,1.0585015029980778
2010-08-31,1.0620560574499798
2010-09-01,1.1086141585801987
2010-09-02,1.1307226263912968
2010-09-03,1.1440429715675249
2010-09-07,1.139948815414044
2010-09-08,1.1527431060036148
2010-09-09,1.1396435102640707
2010-09-10,1.1372839149343175
2010-09-13,1.1674742144779762
2010-09-14,1.1690983802011472
2010-09-15,1.1701815465143188
2010-09-16,1.1730466605533765
2010-09-17,1.1797668732030693
2010-09-20,1.2136914789162132
2010-09-21,1.200400747915792
2010-09-22,1.181221636899546
2010-09-23,1.1799307556165
2010-09-24,1.2024716700086822
2010-09-27,1.1913770105959796
2010-09-28,1.200677372619566
2010-09-29,1.1950266414093047
2010-09-30,1.1830381330351678
2010-10-01,1.1687023080119416
2010-10-04,1.158888877529712
2010-10-05,1.18201187711247
2010-10-06,1.1251554998532671
2010-10-07,1.1290577931153147
2010-10-08,1.1362951505616667
2010-10-11,1.1249363565631962
2010-10-12,1.1405697647947795
2010-10-13,1.1537132617695176
2010-10-14,1.1558982583501565
2010-10-15,1.1577762500943631
2010-10-18,1.1436773789485462
2010-10-19,1.1286171148190263
2010-10-20,1.1459610859519436
2010-10-21,1.1485310274122535
2010-10-22,1.1696164265550628
2010-10-25,1.1830736345753055
2010-10-26,1.1781797480247114
2010-10-27,1.1886823713913812
2010-10-28,1.1922725136891759
2010-10-29,1.2079395357134692
2010-11-01,1.1950117329924193
2010-11-02,1.2078380898870986
2010-11-03,1.2064671521082366
2010-11-04,1.2132224065671562
2010-11-05,1.223746131887126
2010-11-08,1.2346772815790643
2010-11-09,1.23828277074062
2010-11-10,1.2372852364723117
2010-11-11,1.237349990681146
2010-11-12,1.2032298133824508
2010-11-15,1.1951503699036226
2010-11-16,1.1653161820515618
2010-11-17,1.163477643793383
2010-11-18,1.1852324985696907
2010-11-19,1.175896216998581
2010-11-22,1.1931776621540886
2010-11-23,1.1903712516152791
2010-11-24,1.2147259912571933
2010-11-26,1.2091488262070023
2010-11-29,1.1997696882145894
2010-11-30,1.1835699182932617
2010-12-01,1.221957527545717
2010-12-02,1.2317312060363645
2010-12-03,1.2467554767790257
2010-12-06,1.252926174949594
2010-12-07,1.2449331328753477
2010-12-08,1.2501687038573213
2010-12-09,1.2460616243251854
2010-12-10,1.2511741387058866
2010-12-13,1.242809640732626
2010-12-14,1.2182334687377325
2010-12-15,1.2160099460924887
2010-12-16,1.2240258007695288
2010-12-17,1.2207606937360413
2010-12-20,1.2352221532317769
2010-12-21,1.2515549664908558
2010-12-22,1.255178103604532
2010-12-23,1.2628366152601105
2010-12-27,1.2519779041841388
2010-12-28,1.2288681243968855
2010-12-29,1.2284290364815516
2010-12-30,1.2245959975395568
2010-12-31,1.2137555122579031
2011-01-03,1.239065672784002
2011-01-04,1.2230432429896814
2011-01-05,1.2602445082395128
2011-01-06,1.2685295976065778
2011-01-07,1.2856232370513483
2011-01-10,1.2836061228328912
2011-01-11,1.269822991826565
2011-01-12,1.316124715720938
2011-01-13,1.3190840535113832
2011-01-14,1.3274754785252232
2011-01-18,1.324314006280023
2011-01-19,1.2771805675739853
2011-01-20,1.2064137251038358
2011-01-21,1.205130134735807
2011-01-24,1.2339078859399712
2011-01-25,1.2305818542922013
2011-01-26,1.2348734080218646
2011-01-27,1.2835122171309234
2011-01-28,1.2765445724753854
2011-01-31,1.2802833665376199
2011-02-01,1.3006948364040571
2011-02-02,1.3185384754609053
2011-02-03,1.3081777066086244
2011-02-04,1.3223249127299423
2011-02-07,1.315987833682129
2011-02-08,1.309784175504275
2011-02-09,1.3067362971686873
2011-02-10,1.3080684109752883
2011-02-11,1.3270956487394001
2011-02-14,1.3582813005323218
2011-02-15,1.3228126866628778
2011-02-16,1.3452706476108036
2011-02-17,1.386080453223194
2011-02-18,1.3740276325392808
2011-02-22,1.3040616622110346
2011-02-23,1.273911881479191
2011-02-24,1.2709688423744032
2011-02-25,1.3019761770145755
2011-02-28,1.296451479201707
2011-03-01,1.2565822927901003
2011-03-02,1.2625765245655618
2011-03-03,1.2925720376344718
2011-03-04,1.2910346757457867
2011-03-07,1.2477079737150936
2011-03-08,1.2326610907576254
2011-03-09,1.2171864370855112
2011-03-10,1.176346530817407
2011-03-11,1.1970584180206087
2011-03-14,1.191710379893092
2011-03-15,1.164088892202033
2011-03-16,1.139571861081823
2011-03-17,1.1597170910668169
2011-03-18,1.150657227104968
2011-03-21,1.1877640560669522
2011-03-22,1.1760732381953316
2011-03-23,1.1888369131473273
2011-03-24,1.1988087848369962
2011-03-25,1.1995402455212463
2011-03-28,1.199382097225255
2011-03-29,1.2071758652785975
2011-03-30,1.2108615478843343
2011-03-31,1.190205540988248
2011-04-01,1.1975429089630643
2011-04-04,1.187006244822469
2011-04-05,1.1808313655333642
2011-04-06,1.1776079357124067
2011-04-07,1.1704534631692678
2011-04-08,1.1516488609080735
2011-04-11,1.1356264525820674
2011-04-12,1.1274013296612042
2011-04-13,1.1409600338443786
2011-04-14,1.1552408170566348
2011-04-15,1.1571865481678982
2011-04-18,1.1348152429065836
2011-04-19,1.1465432763022727
2011-04-20,1.1584163368913487
2011-04-21,1.1724063344553042
2011-04-25,1.1713497724281965
2011-04-26,1.1832211453158408
2011-04-27,1.1586178987853437
2011-04-28,1.1558730876428813
2011-04-29,1.1538972593615453
2011-05-02,1.1392523057735187
2011-05-03,1.110149743274931
2011-05-04,1.094699179330417
2011-05-05,1.0833415273301712
2011-05-06,1.0945361624700332
2011-05-09,1.1180048248171879
2011-05-10,1.132135833037764
2011-05-11,1.105712068817946
2011-05-12,1.1172529293319737
2011-05-13,1.077455566493944
2011-05-16,1.0633201043182623
2011-05-17,1.0687360199332225
2011-05-18,1.0842659293143078
2011-05-19,1.083243870801976
2011-05-20,1.0782256232530845
2011-05-23,1.0690898459454732
2011-05-24,1.0601831224904188
2011-05-25,1.0614860169202525
2011-05-26,1.0735976867064103
2011-05-27,1.0837122719621948
2011-05-31,1.0958287605042512
2011-06-01,1.075130394041187
2011-06-02,1.0805305889852086
2011-06-03,1.0687400715456068
2011-06-06,1.0475058132076336
2011-06-07,1.0489585766030396
2011-06-08,1.0385000700734905
2011-06-09,1.058183083181961
2011-06-10,1.042661029451176
2011-06-13,1.0437532620519712
2011-06-14,1.0617502457707508
2011-06-15,1.0400708900125268
2011-06-16,1.0176317699325483
2011-06-17,1.0132311044129074
2011-06-20,1.038368304687708
2011-06-21,1.0506730312408674
2011-06-22,1.0468779702077589
2011-06-23,1.0404820709171134
2011-06-24,1.0402067806008628
2011-06-27,1.0525103075834445
2011-06-28,1.0742078475238255
2011-06-29,1.0769867937327793
2011-06-30,1.073328215173377
2011-07-01,1.0883469925271922
2011-07-05,1.1075848335490412
2011-07-06,1.1109859379385587
2011-07-07,1.1189071072043122
2011-07-08,1.1195764921883096
2011-07-11,1.098112144152642
2011-07-12,1.0928931483013664
2011-07-13,1.103208323261957
2011-07-14,1.0843396153481741
2011-07-15,1.0834227422551268
2011-07-18,1.0767211295968822
2011-07-19,1.1017640065624978
2011-07-20,1.087499189108619
2011-07-21,1.0863162951989134
2011-07-22,1.0912547793183125
2011-07-25,1.0926747019453413
2011-07-26,1.077049227259153
2011-07-27,1.0507520349746728
2011-07-28,1.044936913984691
2011-07-29,1.0333312155779923
2011-08-01,1.0345112326544
2011-08-02,0.9992613808894993
2011-08-03,1.0072568145638903
2011-08-04,0.9440871010551488
2011-08-05,0.9455823803540038
2011-08-08,0.8760516250753032
2011-08-09,0.9115785769726747
2011-08-10,0.8811208834058929
2011-08-11,0.9292332134424348
2011-08-12,0.935191509646048
2011-08-15,0.9567801534667333
2011-08-16,0.9492775040583156
2011-08-17,0.9398075986042997
2011-08-18,0.8964256616679285
2011-08-19,0.893064883785685
2011-08-22,0.9000828781872634
2011-08-23,0.9332267071514967
2011-08-24,0.9374898967078013
2011-08-25,0.9264624977728785
2011-08-26,0.9450377251575489
2011-08-29,0.9690001417858358
2011-08-30,0.9762502764220798
2011-08-31,0.9714195931688687
2011-09-01,0.9694619273504369
2011-09-02,0.9468410454140619
2011-09-06,0.9522118239009566
2011-09-07,0.968497280700991
2011-09-08,0.9616046926042081
2011-09-09,0.9337998089174636
2011-09-12,0.9335910387674136
2011-09-13,0.9442241197706636
2011-09-14,0.9604650611115424
2011-09-15,0.9676183982087103
2011-09-16,0.9808374726311543
2011-09-19,0.9752162389853175
2011-09-20,0.9586464492251224
2011-09-21,0.9403305788931214
2011-09-22,0.908059644343129
2011-09-23,0.9109895587779676
2011-09-26,0.9198981119946804
2011-09-27,0.9174796210458904
2011-09-28,0.9108587764863904
2011-09-29,0.8962955335237717
2011-09-30,0.8718146569310226
2011-10-03,0.8517901477475924
2011-10-04,0.8535776098880027
2011-10-05,0.870626419317342
2011-10-06,0.8754081177262513
2011-10-07,0.8797546411547855
2011-10-10,0.8981844882997944
2011-10-11,0.8974510402701399
2011-10-12,0.8916889852185741
2011-10-13,0.8916982539675048
2011-10-14,0.9113254269529546
2011-10-17,0.8987276918706938
2011-10-18,0.907451649331937
2011-10-19,0.8725306976154656
2011-10-20,0.8793352381318689
2011-10-21,0.8882034107688185
2011-10-24,0.8971557839439195
2011-10-25,0.8739173063553807
2011-10-26,0.8499582734203356
2011-10-27,0.8842726700666667
2011-10-28,0.883579897426752
2011-10-31,0.8724467047109831
2011-11-01,0.8579937655764521
2011-11-02,0.883967900407316
2011-11-03,0.9033056575901282
2011-11-04,0.900410834533557
2011-11-07,0.9099680795097339
2011-11-08,0.9127644867510876
2011-11-09,0.8853854367216905
2011-11-10,0.8825552223072594
2011-11-11,0.9047017518715786
2011-11-14,0.8939848923493022
2011-11-15,0.8968778331217128
2011-11-16,0.8785774136564884
2011-11-17,0.8647089451800694
2011-11-18,0.859715609097345
2011-11-21,0.8522080190836399
2011-11-22,0.853003185592575
2011-11-23,0.8415009042415235
2011-11-25,0.8370752040508463
2011-11-28,0.859832538495555
2011-11-29,0.8590875825429574
2011-11-30,0.8913113557682397
2011-12-01,0.8911055153579989
2011-12-02,0.8856894683670934
2011-12-05,0.895077440886731
2011-12-06,0.8947261819024225
2011-12-07,0.8899801735514266
2011-12-08,0.878898260857234
2011-12-09,0.895529648507299
2011-12-12,0.8842817134316256
2011-12-13,0.8713551689431623
2011-12-14,0.8637557086816585
2011-12-15,0.8652748843827925
2011-12-16,0.8744094754867697
2011-12-19,0.8693121473507052
2011-12-20,0.8897005326255023
2011-12-21,0.8880540293099434
2011-12-22,0.8848905775015616
2011-12-23,0.899255234447127
2011-12-27,0.9016391000579338
2011-12-28,0.8943276980917578
2011-12-29,0.896808317703993
2011-12-30,0.8890709228428936
2012-01-03,0.8947158086400783
2012-01-04,0.8983725269020048
2012-01-05,0.9010546794528752
2012-01-06,0.8971707067346516
2012-01-09,0.8838606196464935
2012-01-10,0.8830485698044092
2012-01-11,0.8874099375254527
2012-01-12,0.8974559025097965
2012-01-13,0.8955577438142355
2012-01-17,0.9051144063034765
2012-01-18,0.9063079769687127
2012-01-19,0.9091116720118929
2012-01-20,0.9055436400439537
2012-01-23,0.9017675884573356
2012-01-24,0.9074716612575562
2012-01-25,0.9009020717201764
2012-01-26,0.8909795906445002
2012-01-27,0.8880467416007122
2012-01-30,0.8892645338350244
2012-01-31,0.8864136877330587
2012-02-01,0.8895628257528686
2012-02-02,0.8896251787368755
2012-02-03,0.9157435740155672
2012-02-06,0.910428729276174
2012-02-07,0.9137765701901851
2012-02-08,0.9289265060534847
2012-02-09,0.9361614639093517
2012-02-10,0.9275171299165392
2012-02-13,0.9481139642654264
2012-02-14,0.9480075903822907
2012-02-15,0.9370132796006889
2012-02-16,0.937965738925433
2012-02-17,0.9319615812188004
2012-02-21,0.915907877256994
2012-02-22,0.9050255470748458
2012-02-23,0.9205333004751436
2012-02-24,0.9145963336850629
2012-02-27,0.9196360098884518
2012-02-28,0.9095293724485048
2012-02-29,0.9196961703386726
2012-03-01,0.9169143682433889
2012-03-02,0.9075848663336201
2012-03-05,0.9005589373220173
2012-03-06,0.8746283067216367
2012-03-07,0.9024839684068794
2012-03-08,0.9260784416171856
2012-03-09,0.9404912614853832
2012-03-12,0.9410164469217686
2012-03-13,0.9759560736833475
2012-03-14,0.9665483783837601
2012-03-15,0.9910546104965006
2012-03-16,0.9699929981711366
2012-03-19,0.9683820248519154
2012-03-20,0.9634183403437268
2012-03-21,0.9754434786210027
2012-03-22,0.9541988589394408
2012-03-23,0.9447996847360355
2012-03-26,0.9611319431497904
2012-03-27,0.974923290199733
2012-03-28,0.9773428716748384
2012-03-29,0.9687579846138018
2012-03-30,0.9583212687720141
2012-04-02,0.9500375857173533
2012-04-03,0.9528156450445011
2012-04-04,0.9383824889116293
2012-04-05,0.9282025649896797
2012-04-09,0.9232868308609309
2012-04-10,0.8856421692418295
2012-04-11,0.9137704593222093
2012-04-12,0.9327532923994232
2012-04-13,0.9175687878930657
2012-04-16,0.9182356505926846
2012-04-17,0.9298057347880662
2012-04-18,0.9197487566729021
2012-04-19,0.908669874652615
2012-04-20,0.9119896987258654
2012-04-23,0.9054693698354481
2012-04-24,0.9268593869700074
2012-04-25,0.9521084522720699
2012-04-26,0.9603143700794924
2012-04-27,0.9523312251616923
2012-04-30,0.9389550876214366
2012-05-01,0.9461851054597686
2012-05-02,0.9583273074681342
2012-05-03,0.9493143202177852
2012-05-04,0.9348717949812403
2012-05-07,0.9394726607216086
2012-05-08,0.9245871470094174
2012-05-09,0.9358084028657911
2012-05-10,0.9255321207153906
2012-05-11,0.9287329180189434
2012-05-14,0.9096203657017489
2012-05-15,0.910478047477464
2012-05-16,0.8961343655622368
2012-05-17,0.8472271092362278
2012-05-18,0.8248966083127321
2012-05-21,0.846882023838538
2012-05-22,0.8546795299413915
2012-05-23,0.8713235753615836
2012-05-24,0.8740935632764486
2012-05-25,0.8697782612840975
2012-05-29,0.887676434050394
2012-05-30,0.8565828167775201
2012-05-31,0.8671088495062372
2012-06-01,0.8089692482818875
2012-06-04,0.8005304199590845
2012-06-05,0.808010811465332
2012-06-06,0.8243423295025987
2012-06-07,0.8282996409377841
2012-06-08,0.8408620574585823
2012-06-11,0.8220749882760832
2012-06-12,0.841969894245026
2012-06-13,0.8318253975884686
2012-06-14,0.8389097889746995
2012-06-15,0.8497799140663307
2012-06-18,0.865416147693923
2012-06-19,0.8777671721694178
2012-06-20,0.8748686985002742
2012-06-21,0.838061407892945
2012-06-22,0.8538947599490582
2012-06-25,0.8286718373610962
2012-06-26,0.8428787222025261
2012-06-27,0.8473283709207973
2012-06-28,0.8554315267251897
2012-06-29,0.8918478153231262
2012-07-02,0.9121767712162796
2012-07-03,0.9094291834738127
2012-07-05,0.9104162615795375
2012-07-06,0.9061540410026663
2012-07-09,0.8996745294665326
2012-07-10,0.8776248429240866
2012-07-11,0.8669547640254857
2012-07-12,0.8707644845607101
2012-07-13,0.885822244107344
2012-07-16,0.8806414485749754
2012-07-17,0.8845062665179958
2012-07-18,0.8758772200672404
2012-07-19,0.8685283060982648
2012-07-20,0.8613247064926983
2012-07-23,0.8621491225159436
2012-07-24,0.8492285968725776
2012-07-25,0.8325236066578346
2012-07-26,0.8666494786348076
2012-07-27,0.9104723673721327
2012-07-30,0.9109003441451988
2012-07-31,0.9006346676632083
2012-08-01,0.8929465166735945
2012-08-02,0.9037131641105361
2012-08-03,0.916348823506654
2012-08-06,0.9184247616643111
2012-08-07,0.9308271471414343
2012-08-08,0.9264962696233408
2012-08-09,0.9327333138583478
2012-08-10,0.9249185060828525
2012-08-13,0.9203640531335182
2012-08-14,0.9257858238510823
2012-08-15,0.9299552807464408
2012-08-16,0.9453979942537849
2012-08-17,0.9475314778387218
2012-08-20,0.9361870679393355
2012-08-21,0.9245943601858607
2012-08-22,0.9412535576425176
2012-08-23,0.9432400128923039
2012-08-24,0.9586038983903508
2012-08-27,0.9463267996392827
2012-08-28,0.9508029634066515
2012-08-29,0.9572508493960895
2012-08-30,0.9479015264992455
2012-08-31,0.9539854230075389
2012-09-04,0.9654572296912987
2012-09-05,0.9692185571280383
2012-09-06,0.9995071114644799
2012-09-07,1.0045871575598622
2012-09-10,0.9865593718136717
2012-09-11,0.9893563504059164
2012-09-12,1.0002280315526573
2012-09-13,1.015782438220329
2012-09-14,1.0201468334046175
2012-09-17,1.0121516614484793
2012-09-18,1.0106814324627023
2012-09-19,1.0278686451898025
2012-09-20,1.037767979105499
2012-09-21,1.0549572243670962
2012-09-24,1.0325490264305528
2012-09-25,1.0166527058894792
2012-09-26,0.9899874810872122
2012-09-27,1.004453462666464
2012-09-28,1.0032277871555604
2012-10-01,1.0019704173888717
2012-10-02,1.0073963463524669
2012-10-03,1.032889479028044
2012-10-04,1.0343232324711875
2012-10-05,1.0316511215743187
2012-10-08,1.023489779192515
2012-10-09,0.969883964681621
2012-10-10,0.9687034163203314
2012-10-11,0.9679461578986084
2012-10-12,0.9610731124099319
2012-10-15,0.9750268262387196
2012-10-16,0.9814606783129647
2012-10-17,1.0020122246192482
2012-10-18,1.0001664638270824
2012-10-19,0.9917200759664604
2012-10-22,0.9859255945205159
2012-10-23,0.9765806175627827
2012-10-24,0.974891706123157
2012-10-25,0.9648383156934109
2012-10-26,1.0016110688941677
2012-10-31,1.006686547578057
2012-11-01,1.0182031005006977
2012-11-02,1.005790829509915
2012-11-05,1.0195563552503109
2012-11-06,1.0339947804469474
2012-11-07,1.0173641031886953
2012-11-08,0.999129941680924
2012-11-09,0.9833463692868036
2012-11-12,0.9760852922437014
2012-11-13,0.9646225192240614
2012-11-14,0.9363559924498441
2012-11-15,0.9388965457354198
2012-11-16,0.9541723885370232
2012-11-19,0.9794964298154034
2012-11-20,0.9979973786812103
2012-11-21,1.0008921188534707
2012-11-23,1.0146662029640596
2012-11-26,1.0086431309625932
2012-11-27,1.009700208716488
2012-11-28,1.0182491571820924
2012-11-29,1.0261659582785259
2012-11-30,1.0257782420263764
2012-12-03,1.022273362946977
2012-12-04,1.023659062595987
2012-12-05,0.9982108536574387
2012-12-06,1.0103072997005984
2012-12-07,1.0221735527771045
2012-12-10,1.0297708974203554
2012-12-11,1.027547668947445
2012-12-12,1.0308896938735599
2012-12-13,1.0234612470640057
2012-12-14,1.0314517463746369
2012-12-17,1.0488113389974734
2012-12-18,1.0515413916608485
2012-12-19,1.0411025814676185
2012-12-20,1.0450238174636564
2012-12-21,1.028533071000164
2012-12-24,1.0305754878047033
2012-12-26,1.0210994615075877
2012-12-27,1.0163425947268063
2012-12-28,1.003517102673411
2012-12-31,1.03471731456675
2013-01-02,1.0718045034875632
2013-01-03,1.0552018784489354
2013-01-04,1.069622133469653
2013-01-07,1.0654085939432054
2013-01-08,1.068651653092771
2013-01-09,1.054968886694504
2013-01-10,1.0688217768225312
2013-01-11,1.0600389955846063
2013-01-14,1.0535483487930868
2013-01-15,1.0673205267041752
2013-01-16,1.0603391772834156
2013-01-17,1.0722722009952679
2013-01-18,1.0710334564175896
2013-01-22,1.0794382720845659
2013-01-23,1.0927169063808253
2013-01-24,1.1011589773014723
2013-01-25,1.1499379943916515
2013-01-28,1.1227316700591934
2013-01-29,1.1431166250525149
2013-01-30,1.1347189781294595
2013-01-31,1.1260516113828833
2013-02-01,1.1420211618113028
2013-02-04,1.1367716996165234
2013-02-05,1.145531565812813
2013-02-06,1.1597603713566267
2013-02-07,1.1480653106309233
2013-02-08,1.1544752135847343
2013-02-11,1.1467462810216307
2013-02-12,1.1449927820724548
2013-02-13,1.1596250753211088
2013-02-14,1.171723782576205
2013-02-15,1.1747969138932453
2013-02-19,1.1985272895303931
2013-02-20,1.145104231260802
2013-02-21,1.140764984365926
2013-02-22,1.14836283392992
2013-02-25,1.1120109848785362
2013-02-26,1.1185065076993999
2013-02-27,1.1424928547746043
2013-02-28,1.1428612271851666
2013-03-01,1.1576900121185316
2013-03-04,1.168554709148506
2013-03-05,1.166143641409384
2013-03-06,1.1682746333224638
2013-03-07,1.1574802036864624
2013-03-08,1.1652936844984092
2013-03-11,1.1618823665287725
2013-03-12,1.166806301687964
2013-03-13,1.1695745249052205
2013-03-14,1.1713580710163702
2013-03-15,1.1567163183646807
2013-03-18,1.149614986295638
2013-03-19,1.1381981533069958
2013-03-20,1.1462722501785976
2013-03-21,1.1342383252899164
2013-03-22,1.1431128700514503
2013-03-25,1.135590642968399
2013-03-26,1.1535189544915614
2013-03-27,1.1540961030419512
2013-03-28,1.1633552105416625
2013-04-01,1.1356579496074382
2013-04-02,1.1046813637465562
2013-04-03,1.0752118055913595
2013-04-04,1.0811794708313651
2013-04-05,1.073723521845638
2013-04-08,1.0775947589175259
2013-04-09,1.0921094431246388
2013-04-10,1.0911447354085135
2013-04-11,1.0768567751990534
2013-04-12,1.0701372901210746
2013-04-15,1.0426990231656237
2013-04-16,1.0660973291853881
2013-04-17,1.0416023940127672
2013-04-18,1.0245250275171163
2013-04-19,1.0457186393857048
2013-04-22,1.0611840659097413
2013-04-23,1.1209196192221955
2013-04-24,1.1119783535197327
2013-04-25,1.1020405713831802
2013-04-26,1.102322432139048
2013-04-29,1.103395919540171
2013-04-30,1.1053774717163893
2013-05-01,1.0885180968399621
2013-05-02,1.1079676267032614
2013-05-03,1.1259056353823873
2013-05-06,1.1257885362958513
2013-05-07,1.1263086149219068
2013-05-08,1.131707182949877
2013-05-09,1.1450008235840434
2013-05-10,1.1590123795535676
2013-05-13,1.1708115560937578
2013-05-14,1.1919901505943238
2013-05-15,1.20282881058164
2013-05-16,1.1800070115743932
2013-05-17,1.1918157656086024
2013-05-20,1.1835818401774154
2013-05-21,1.168229210903073
2013-05-22,1.1495580401813603
2013-05-23,1.1706807400197636
2013-05-24,1.1693637126139258
2013-05-28,1.1710395734080032
2013-05-29,1.1847004417552738
2013-05-30,1.2004867377452155
2013-05-31,1.18875555932975
2013-06-03,1.1902774258086724
2013-06-04,1.1898226019942335
2013-06-05,1.1849954962415516
2013-06-06,1.195133620498372
2013-06-07,1.2089841428983683
2013-06-10,1.2215776750633556
2013-06-11,1.2076952068210591
2013-06-12,1.1894362711184578
2013-06-13,1.2137950730050984
2013-06-14,1.2000720612457974
2013-06-17,1.2380495069033526
2013-06-18,1.255849811952533
2013-06-19,1.2557412800037342
2013-06-20,1.2136941732153774
2013-06-21,1.2062532150035437
2013-06-24,1.1878436571802184
2013-06-25,1.1932662931960978
2013-06-26,1.2054006313511745
2013-06-27,1.2208594928118608
2013-06-28,1.2133935462048453
2013-07-01,1.2540719511760556
2013-07-02,1.2391992924401842
2013-07-03,1.2428760809544306
2013-07-05,1.2626599640384075
2013-07-08,1.2619800726599646
2013-07-09,1.2589302423991877
2013-07-10,1.2411443017350967
2013-07-11,1.260564868110936
2013-07-12,1.2755097744271164
2013-07-15,1.2832209548318214
2013-07-16,1.288528451728009
2013-07-17,1.2891899270283043
2013-07-18,1.2961624945961188
2013-07-19,1.3000645628950145
2013-07-22,1.3033512690348035
2013-07-23,1.276951304094857
2013-07-24,1.2800490594165863
2013-07-25,1.287812214107004
2013-07-26,1.285830925598512
2013-07-29,1.2701648442624272
2013-07-30,1.282235474092125
2013-07-31,1.297906607560104
2013-08-01,1.3271070351240255
2013-08-02,1.3394318249347505
2013-08-05,1.3550298497333162
2013-08-06,1.3493809461395405
2013-08-07,1.330743503419878
2013-08-08,1.350532851708597
2013-08-09,1.3449526341367692
2013-08-12,1.3392973530171612
2013-08-13,1.3692203454011094
2013-08-14,1.372161337494495
2013-08-15,1.3335291983550626
2013-08-16,1.3377524791921431
2013-08-19,1.3264797608674002
2013-08-20,1.36349034196254
2013-08-21,1.3483331066788717
2013-08-22,1.3431052942969284
2013-08-23,1.3509651236117033
2013-08-26,1.3615967396371342
2013-08-27,1.3148393335370718
2013-08-28,1.3300548020189464
2013-08-29,1.3513834465161683
2013-08-30,1.3323834575941782
2013-09-03,1.3638707978267173
2013-09-04,1.3977603943832508
2013-09-05,1.4082220601365165
2013-09-06,1.3985618601624816
2013-09-09,1.4301047722414886
2013-09-10,1.4652067404620495
2013-09-11,1.4642343963868865
2013-09-12,1.4469155608017976
2013-09-13,1.4706877312031317
2013-09-16,1.4783586752585685
2013-09-17,1.4896343799876202
2013-09-18,1.5185587583712414
2013-09-19,1.508795903877468
2013-09-20,1.5029842972414658
2013-09-23,1.485148946153117
2013-09-24,1.4832048096197372
2013-09-25,1.4771762448256998
2013-09-26,1.515110576698643
2013-09-27,1.5085297568113147
2013-09-30,1.5037663358439533
2013-10-01,1.5351210781958977
2013-10-02,1.5375216933708926
2013-10-03,1.523433271856089
2013-10-04,1.552790096230641
2013-10-07,1.5246964596323804
2013-10-08,1.4684539801375383
2013-10-09,1.4712301619447816
2013-10-10,1.5205415626122296
2013-10-11,1.4912283090531966
2013-10-14,1.5261387648091298
2013-10-15,1.5242766462277655
2013-10-16,1.5423713319405337
2013-10-17,1.5654782471629793
2013-10-18,1.5678673111655408
2013-10-21,1.5726430034025556
2013-10-22,1.5632226991132485
2013-10-23,1.5411395004409556
2013-10-24,1.5359173146473055
2013-10-25,1.5286278893158767
2013-10-28,1.5258708795323443
2013-10-29,1.5510790457194017
2013-10-30,1.5379877351551383
2013-10-31,1.5389252963745186
2013-11-01,1.5438203495725824
2013-11-04,1.5751918570947432
2013-11-05,1.5811690475436353
2013-11-06,1.5531896658383955
2013-11-07,1.5301279734750226
2013-11-08,1.564075509052306
2013-11-11,1.591243519480857
2013-11-12,1.5987542950194495
2013-11-13,1.6065776168190216
2013-11-14,1.6140085913664344
2013-11-15,1.630953703196096
2013-11-18,1.612172837554657
2013-11-19,1.5644555800498556
2013-11-20,1.5567321743330222
2013-11-21,1.5937734188908126
2013-11-22,1.6031395378544602
2013-11-25,1.6079330692214375
2013-11-26,1.6210268166006
2013-11-27,1.6492360463831488
2013-11-29,1.6476174909602468
2013-12-02,1.6512334895624958
2013-12-03,1.6522706396258413
2013-12-04,1.6428421450362536
2013-12-05,1.635309227049602
2013-12-06,1.6439738319093526
2013-12-09,1.662133753718296
2013-12-10,1.6691800172105467
2013-12-11,1.6356751067086588
2013-12-12,1.6480455056701626
2013-12-13,1.6572461239162466
2013-12-16,1.6578419001882092
2013-12-17,1.6516914450273095
2013-12-18,1.6529981408921133
2013-12-19,1.6521281853492358
2013-12-20,1.651674955628875
2013-12-23,1.6452670698868297
2013-12-24,1.644707490094647
2013-12-26,1.6455620537622553
2013-12-27,1.6204741443958317
2013-12-30,1.6129864309260582
2013-12-31,1.6296500216665237
2014-01-02,1.6192059550736897
2014-01-03,1.6122641993049016
2014-01-06,1.6248591795281802
2014-01-07,1.6180385287545387
2014-01-08,1.6314567476336284
2014-01-09,1.6317516461930355
2014-01-10,1.6533947125885067
2014-01-13,1.6204340318183663
2014-01-14,1.664775680986007
2014-01-15,1.6535842432933339
2014-01-16,1.648480624448291
2014-01-17,1.6357755347679634
2014-01-21,1.6605521384033755
2014-01-22,1.6668367766111751
2014-01-23,1.6491820119738274
2014-01-24,1.594467833601993
2014-01-27,1.578465679269262
2014-01-28,1.6305780929198495
2014-01-29,1.5950315938511817
2014-01-30,1.6784500463910716
2014-01-31,1.7027102677653538
2014-02-03,1.6655197497003889
2014-02-04,1.685814112047249
2014-02-05,1.679723677820153
2014-02-06,1.7113944840098996
2014-02-07,1.7634663541524385
2014-02-10,1.7586210504073154
2014-02-11,1.776460742995528
2014-02-12,1.7658095469749606
2014-02-13,1.7921061431183254
2014-02-14,1.79400302330877
2014-02-18,1.8068360817313787
2014-02-19,1.8061294264006689
2014-02-20,1.8256038943365467
2014-02-21,1.818920590108402
2014-02-24,1.8400320023624965
2014-02-25,1.8303250230992523
2014-02-26,1.8339801654263492
2014-02-27,1.839467440569881
2014-02-28,1.8371808888527403
2014-03-03,1.8272829102438732
2014-03-04,1.8820039618414504
2014-03-05,1.8989306575858607
2014-03-06,1.9028033857077016
2014-03-07,1.889546196480783
2014-03-10,1.9046494952865982
2014-03-11,1.891278184846413
2014-03-12,1.8945293571469992
2014-03-13,1.8490819429984688
2014-03-14,1.851222430837455
2014-03-17,1.8650638328933218
2014-03-18,1.871768410153061
2014-03-19,1.8435454791725836
2014-03-20,1.8419271468749154
2014-03-21,1.8249264701900993
2014-03-24,1.806277160001807
2014-03-25,1.8305605171163655
2014-03-26,1.8085159217673703
2014-03-27,1.7837942899650316
2014-03-28,1.7857027199249202
2014-03-31,1.8118901650469978
2014-04-01,1.840052295148373
2014-04-02,1.822919880708652
2014-04-03,1.8168539447517273
2014-04-04,1.7916770688497812
2014-04-07,1.7643711845450054
2014-04-08,1.7644373475810147
2014-04-09,1.794274000095662
2014-04-10,1.758138375505596
2014-04-11,1.7383536876594958
2014-04-14,1.7554464821213276
2014-04-15,1.7670767764264343
2014-04-16,1.8032472481990416
2014-04-17,1.8075645511681315
2014-04-21,1.8077095558291119
2014-04-22,1.8317028998195295
2014-04-23,1.8295785302695053
2014-04-24,1.8210121598524178
2014-04-25,1.7828993278097753
2014-04-28,1.7747911162784544
2014-04-29,1.7834289585568905
2014-04-30,1.803656659263377
2014-05-01,1.8297846505576805
2014-05-02,1.8177920107650007
2014-05-05,1.7933202333473683
2014-05-06,1.7826797773308851
2014-05-07,1.7899059073254566
2014-05-08,1.7887485094112994
2014-05-09,1.7799283004924502
2014-05-12,1.813002426054269
2014-05-13,1.8168384582833843
2014-05-14,1.8029161119388475
2014-05-15,1.7836034479561786
2014-05-16,1.7833039647629554
2014-05-19,1.8091176612274884
2014-05-20,1.7889789901294586
2014-05-21,1.7987947204235097
2014-05-22,1.805888318640263
2014-05-23,1.8334558623853041
2014-05-27,1.8512392910533508
2014-05-28,1.8656921278853593
2014-05-29,1.8685345836692515
2014-05-30,1.8679008469889802
2014-06-02,1.8711995267369033
2014-06-03,1.8859263799643948
2014-06-04,1.9014674380627414
2014-06-05,1.895936582926803
2014-06-06,1.9058542667365863
2014-06-09,1.9016399835288895
2014-06-10,1.9081151750346006
2014-06-11,1.8827049797331232
2014-06-12,1.8417347604336831
2014-06-13,1.8632779443199097
2014-06-16,1.9191369213156506
2014-06-17,1.9539652109099708
2014-06-18,1.9624955830191992
2014-06-19,1.9660070634429598
2014-06-20,1.9713071950436782
2014-06-23,1.9553311259381427
2014-06-24,1.9372210435796102
2014-06-25,1.9521077498126902
2014-06-26,1.9469696021030616
2014-06-27,1.9414855589884805
2014-06-30,1.9463025245565249
2014-07-01,1.9951830968459776
2014-07-02,1.9704180213250118
2014-07-03,1.976909761307158
2014-07-07,1.9447256113040838
2014-07-08,1.9296921154589226
2014-07-09,1.9371479339951052
2014-07-10,1.9251430353836863
2014-07-11,1.9205864875048608
2014-07-14,1.9413104478277234
2014-07-15,1.9293515418909775
2014-07-16,1.9612879952604272
2014-07-17,1.9200890158166137
2014-07-18,1.9438558065731788
2014-07-21,1.945175552913346
2014-07-22,1.9683915406870451
2014-07-23,1.9482449177302057
2014-07-24,1.9548351354335327
2014-07-25,1.9194791096316945
2014-07-28,1.894747998262752
2014-07-29,1.8687891546791158
2014-07-30,1.8616806947953217
2014-07-31,1.8118977049759455
2014-08-01,1.8147247515177474
2014-08-04,1.8364843581818797
2014-08-05,1.8045061581195077
2014-08-06,1.8147267803138598
2014-08-07,1.7932693030429765
2014-08-08,1.8152372638842484
2014-08-11,1.832515047516992
2014-08-12,1.8383599825331236
2014-08-13,1.8511915393680154
2014-08-14,1.865976680656502
2014-08-15,1.8784804324749715
2014-08-18,1.9032036070447218
2014-08-19,1.9082118234928216
2014-08-20,1.921601083997017
2014-08-21,1.9291158831726143
2014-08-22,1.9320558748618273
2014-08-25,1.9275446390890636
2014-08-26,1.9274480475019846
2014-08-27,1.932650706898168
2014-08-28,1.930750449337382
2014-08-29,1.9418077106972693
2014-09-02,1.9393791362277053
2014-09-03,1.9384218563032987
2014-09-04,1.9388149908799874
2014-09-05,1.954816701830237
2014-09-08,1.9523922604183541
2014-09-09,1.9456080269003335
2014-09-10,1.958176078051141
2014-09-11,1.962869689658269
2014-09-12,1.9413697186272885
2014-09-15,1.9449782936799394
2014-09-16,1.9657737864978917
2014-09-17,1.969745852073055
2014-09-18,1.9878668328981561
2014-09-19,1.9727901530007883
2014-09-22,1.9631911056772031
2014-09-23,1.9471296118984736
2014-09-24,2.0069517055300787
2014-09-25,1.9727142125226143
2014-09-26,1.980885653262522
2014-09-29,1.989658863400583
2014-09-30,1.974972767763986
2014-10-01,1.9344984469930087
2014-10-02,1.9333564167215922
2014-10-03,1.9706888171752426
2014-10-06,1.937617527719429
2014-10-07,1.9039326123237323
2014-10-08,1.9584068512773356
2014-10-09,1.912913500221886
2014-10-10,1.8610161966391785
2014-10-13,1.8485335805858882
2014-10-14,1.8321185429071707
2014-10-15,1.7990089844289983
2014-10-16,1.732887311121745
2014-10-17,1.7538050163038914
2014-10-20,1.7933334929240334
2014-10-21,1.8510322810113675
2014-10-22,1.8292357669946635
2014-10-23,1.8308058685376438
2014-10-24,1.865422492508466
2014-10-27,1.8735068580883887
2014-10-28,1.8945750830548171
2014-10-29,1.8772765186008091
2014-10-30,1.8904165968187594
2014-10-31,1.8989366113702202
2014-11-03,1.9036464047166861
2014-11-04,1.905773123689962
2014-11-05,1.891827609748097
2014-11-06,1.9355168031720622
2014-11-07,1.9804096099724624
2014-11-10,1.9947174794254243
2014-11-11,1.9968189508274112
2014-11-12,1.9893111728537671
2014-11-13,1.9774363940486133
2014-11-14,1.95902892860556
2014-11-17,1.975312386080106
2014-11-18,1.9829836691238747
2014-11-19,1.973099299832034
2014-11-20,1.9662429498173564
2014-11-21,1.93961523863828
2014-11-24,1.9674403632049393
2014-11-25,1.9689319538218717
2014-11-26,1.9924292886472816
2014-11-28,2.0372015683526756
2014-12-01,2.011955815565257
2014-12-02,2.0254428547471237
2014-12-03,2.013502673073706
2014-12-04,2.0028574176716627
2014-12-05,1.9974426071991398
2014-12-08,2.0236078503014654
2014-12-09,2.01230848216007
2014-12-10,1.9907542013676498
2014-12-11,2.0232132584977007
2014-12-12,1.9832300445008135
2014-12-15,1.963732868980977
2014-12-16,1.9274345868914322
2014-12-17,1.9706238584035978
2014-12-18,2.0108831894915355
2014-12-19,2.00688469043795
2014-12-22,1.9879716549729027
2014-12-23,1.9620537000411082
2014-12-24,1.9747897921080744
2014-12-26,1.9706881160884715
2014-12-29,1.9735461980013131
2014-12-30,1.9596721528073173
2014-12-31,1.952377675443777
2015-01-02,1.9523628398592316
2015-01-05,1.9324724172799301
2015-01-06,1.9324075726805754
2015-01-07,1.9707163442260607
2015-01-08,2.007359355697953
2015-01-09,1.984524505833576
2015-01-12,1.9678854996090258
2015-01-13,1.965497571870524
2015-01-14,1.9502868349222142
2015-01-15,1.9179199015995338
2015-01-16,1.9533827700328255
2015-01-20,1.9323002841901942
2015-01-21,1.9567133756490969
2015-01-22,2.01662012562861
2015-01-23,2.0147474540429946
2015-01-26,2.0241131764899762
2015-01-27,2.002220757061096
2015-01-28,1.9993080634986191
2015-01-29,2.027619533034185
2015-01-30,1.9688724730005707
2015-02-02,1.9619955899499004
2015-02-03,1.9524225514181712
2015-02-04,1.980008790773551
2015-02-05,1.998367383361548
2015-02-06,1.9793406094612094
2015-02-09,1.9464674470433436
2015-02-10,1.9840661429255801
2015-02-11,1.987245627666549
2015-02-12,2.0088288403965406
2015-02-13,2.004914592984525
2015-02-17,2.009797958939807
2015-02-18,2.0158773086091166
2015-02-19,2.0100945717457592
2015-02-20,2.0377457912653654
2015-02-23,2.041899559706312
2015-02-24,2.042243505162596
2015-02-25,2.0176697857863504
2015-02-26,2.0810490188201918
2015-02-27,2.123486518290069
2015-03-02,2.1395420972030985
2015-03-03,2.12495668131682
2015-03-04,2.1220136835086376
2015-03-05,2.134940651232482
2015-03-06,2.1080571577646974
2015-03-09,2.114172206967332
2015-03-10,2.0849670669545572
2015-03-11,2.083688166045133
2015-03-12,2.114010688908531
2015-03-13,2.1137360119277577
2015-03-16,2.156499771260994
2015-03-17,2.1327668573444782
2015-03-18,2.1520468521279406
2015-03-19,2.174205971219172
2015-03-20,2.199041106667058
2015-03-23,2.2014923462528384
2015-03-24,2.203919911990939
2015-03-25,2.1196064137517645
2015-03-26,2.0987601498666018
2015-03-27,2.150780646425745
2015-03-30,2.181190032617353
2015-03-31,2.1424417891431213
2015-04-01,2.115667977843916
2015-04-02,2.1175579816290666
2015-04-06,2.1137821927439324
2015-04-07,2.1184511576437415
2015-04-08,2.133390738476186
2015-04-09,2.1447551554739173
2015-04-10,2.154548604193662
2015-04-13,2.1251540016012105
2015-04-14,2.1096663885414264
2015-04-15,2.1161988933175677
2015-04-16,2.108278996105654
2015-04-17,2.0827534265242607
2015-04-20,2.100620705748908
2015-04-21,2.1149909501349775
2015-04-22,2.1434632702426533
2015-04-23,2.1277081245227243
2015-04-24,2.0989666346608584
2015-04-27,2.0841461249523974
2015-04-28,2.0698798332014543
2015-04-29,2.0536054661129386
2015-04-30,2.0369921843670578
2015-05-01,2.0736997902797465
2015-05-04,2.070041580338794
2015-05-05,2.030928003525231
2015-05-06,2.0495869308878896
2015-05-07,2.078389390211003
2015-05-08,2.0561482685392027
2015-05-11,2.0749161070227498
2015-05-12,2.0713924846915415
2015-05-13,2.063050920671162
2015-05-14,2.0944628526924522
2015-05-15,2.118590985020266
2015-05-18,2.153839885561482
2015-05-19,2.142285936130165
2015-05-20,2.150658347403876
2015-05-21,2.14674717755389
2015-05-22,2.154163953975671
2015-05-26,2.1378020529341297
2015-05-27,2.211520138319442
2015-05-28,2.212023899470924
2015-05-29,2.2250531665063167
2015-06-01,2.2261663761166655
2015-06-02,2.20619278916506
2015-06-03,2.181141034896619
2015-06-04,2.169824998276697
2015-06-05,2.1883597692113246
2015-06-08,2.147703344648763
2015-06-09,2.158750134460381
2015-06-10,2.20738874113988
2015-06-11,2.2031902450115446
2015-06-12,2.1859652981258306
2015-06-15,2.1763088214916664
2015-06-16,2.1614119120119297
2015-06-17,2.1537960962295046
2015-06-18,2.184500149441919
2015-06-19,2.1707599028035016
2015-06-22,2.209142019904405
2015-06-23,2.221379688265478
2015-06-24,2.212802818690643
2015-06-25,2.21977503383291
2015-06-26,2.1887807434308795
2015-06-29,2.136425332377786
2015-06-30,2.1452016877736093
2015-07-01,2.1460867556833834
2015-07-02,2.1489486583344957
2015-07-06,2.1358960927108988
2015-07-07,2.1315848374474746
2015-07-08,2.110504026169797
2015-07-09,2.1452978398780265
2015-07-10,2.17955252839677
2015-07-13,2.2171175797658558
2015-07-14,2.221171199635149
2015-07-15,2.2054135663148853
2015-07-16,2.295759465442698
2015-07-17,2.303739569272894
2015-07-20,2.3012705800767717
2015-07-21,2.2904972018568923
2015-07-22,2.2825787279653187
2015-07-23,2.2565963313323234
2015-07-24,2.304052644121925
2015-07-27,2.273588511664763
2015-07-28,2.2821053545763634
2015-07-29,2.298636441746692
2015-07-30,2.3206396436745336
2015-07-31,2.3346581141103746
2015-08-03,2.321600667100885
2015-08-04,2.36306216919489
2015-08-05,2.3995671418290634
2015-08-06,2.368063582114246
2015-08-07,2.349043102556106
2015-08-10,2.379204539489673
2015-08-11,2.3609724537100556
2015-08-12,2.358599082397581
2015-08-13,2.3677359997051868
2015-08-14,2.375753366431424
2015-08-17,2.4005474077866333
2015-08-18,2.3907257660265318
2015-08-19,2.3815184114596524
2015-08-20,2.2773412767332424
2015-08-21,2.1909321515817513
2015-08-24,2.0593946261990888
2015-08-25,2.0649172136256557
2015-08-26,2.184905777051855
2015-08-27,2.2439800247442037
2015-08-28,2.2349660052991274
2015-08-31,2.1828186565836893
2015-09-01,2.0883775441243086
2015-09-02,2.1332788172253467
2015-09-03,2.1055564066033523
2015-09-04,2.069204050282431
2015-09-08,2.091033765414869
2015-09-09,2.0862283953025105
2015-09-10,2.1117854702560845
2015-09-11,2.1156677805386375
2015-09-14,2.1012547955069905
2015-09-15,2.142459602308602
2015-09-16,2.1963718667102072
2015-09-17,2.210849970468555
2015-09-18,2.1808043602392466
2015-09-21,2.1789619633173465
2015-09-22,2.1281308017854403
2015-09-23,2.117853719572521
2015-09-24,2.125426676352848
2015-09-25,2.121622031842724
2015-09-28,2.064056684986718
2015-09-29,2.0392643609992396
2015-09-30,2.1051942038540656
2015-10-01,2.131919653508111
2015-10-02,2.1549703851573727
2015-10-05,2.194191301202868
2015-10-06,2.172468196603296
2015-10-07,2.1776405420868388
2015-10-08,2.211891974302242
2015-10-09,2.214358719942484
2015-10-12,2.233899104657676
2015-10-13,2.220222676864868
2015-10-14,2.1921174551477964
2015-10-15,2.1932042868111616
2015-10-16,2.2091481594836884
2015-10-19,2.23928666198613
2015-10-20,2.215511868786673
2015-10-21,2.196792646714634
2015-10-22,2.2088453580915908
2015-10-23,2.2564252444562265
2015-10-26,2.2675410290909896
2015-10-27,2.2578313900635716
2015-10-28,2.251295298931462
2015-10-29,2.272540329400581
2015-10-30,2.293104148108297
2015-11-02,2.290881122755732
2015-11-03,2.284954790100194
2015-11-04,2.302939619476555
2015-11-05,2.339264924740867
2015-11-06,2.3409842197816046
2015-11-09,2.3227179046247186
2015-11-10,2.3253646544351816
2015-11-11,2.3364286696290772
2015-11-12,2.3045254815693603
2015-11-13,2.2412910482477
2015-11-16,2.2683243071589345
2015-11-17,2.264787887120451
2015-11-18,2.321547926136993
2015-11-19,2.318701629845172
2015-11-20,2.3635661893748665
2015-11-23,2.3636424013538133
2015-11-24,2.3442350759790864
2015-11-25,2.3507530897382014
2015-11-27,2.355773165081303
2015-11-30,2.3382661693610594
2015-12-01,2.393297122074307
2015-12-02,2.3908412674576263
2015-12-03,2.3822847644538103
2015-12-04,2.4363466422387865
2015-12-07,2.3987514063124076
2015-12-08,2.369855507892943
2015-12-09,2.330862492325105
2015-12-10,2.3280136300235603
2015-12-11,2.283606100253503
2015-12-14,2.310596251308516
2015-12-15,2.3169422146992886
2015-12-16,2.3510160668360176
2015-12-17,2.331774629941086
2015-12-18,2.301413334731043
2015-12-21,2.325277507457207
2015-12-22,2.326618515712592
2015-12-23,2.324793833538311
2015-12-24,2.324805231764901
2015-12-28,2.343446021774102
2015-12-29,2.380938136458818
2015-12-30,2.3628823960334695
2015-12-31,2.329520809209204
2016-01-04,2.267643576217563
2016-01-05,2.283667305685611
2016-01-06,2.2648693451966784
2016-01-07,2.199645990948442
2016-01-08,2.1737081911966833
2016-01-11,2.183570371710064
2016-01-12,2.209475761067328
2016-01-13,2.147548286337735
2016-01-14,2.160242758440232
2016-01-15,2.09007723542907
2016-01-19,2.1085742980088518
2016-01-20,2.07034077333568
2016-01-21,2.062590917841948
2016-01-22,2.0993962099574417
2016-01-25,2.0958048395894853
2016-01-26,2.111484325838884
2016-01-27,2.0959120165925706
2016-01-28,2.1135877412319175
2016-01-29,2.1599915876666222
2016-02-01,2.1795813351769984
2016-02-02,2.144265121854018
2016-02-03,2.1321667864422174
2016-02-04,2.1206193118912564
2016-02-05,2.1032725132751677
2016-02-08,2.1264064573330743
2016-02-09,2.1264904374919746
2016-02-10,2.1425815148399225
2016-02-11,2.1395645405718033
2016-02-12,2.1669101009704606
2016-02-16,2.1889816486226126
2016-02-17,2.204029684239418
2016-02-18,2.196341418772711
2016-02-19,2.202754285491532
2016-02-22,2.2376654743166795
2016-02-23,2.2512741424168086
2016-02-24,2.267929804228021
2016-02-25,2.2908204521899176
2016-02-26,2.2649482399766647
2016-02-29,2.2613221564384918
2016-03-01,2.2933896465737496
2016-03-02,2.312424692409574
2016-03-03,2.32992884777097
2016-03-04,2.305207827309713
2016-03-07,2.3122913723970178
2016-03-08,2.2867156230014243
2016-03-09,2.3004384289216544
2016-03-10,2.32489144795261
2016-03-11,2.332618574652268
2016-03-14,2.3239455410533645
2016-03-15,2.3223470232413037
2016-03-16,2.3721815744096966
2016-03-17,2.3685779136339447
2016-03-18,2.3736895052131124
2016-03-21,2.3729700882766465
2016-03-22,2.3651352034195896
2016-03-23,2.317458099776239
2016-03-24,2.31060834056105
2016-03-28,2.3211622339955134
2016-03-29,2.369094782030401
2016-03-30,2.3699714498931646
2016-03-31,2.3577531693519025
2016-04-01,2.3838080659477443
2016-04-04,2.3630407316727733
2016-04-05,2.362345109636654
2016-04-06,2.3702858282453363
2016-04-07,2.380790904468052
2016-04-08,2.392801605791514
2016-04-11,2.4263200644322342
2016-04-12,2.4188371328166127
2016-04-13,2.410004774080607
2016-04-14,2.384636080906084
2016-04-15,2.3961566891297923
2016-04-18,2.4109650441379147
2016-04-19,2.4166199533985733
2016-04-20,2.40260783776699
2016-04-21,2.4012347797880857
2016-04-22,2.3891187774135223
2016-04-25,2.36306999803904
2016-04-26,2.39718428806308
2016-04-27,2.4036475305543483
2016-04-28,2.4021247411125852
2016-04-29,2.4123997254752614
2016-05-02,2.4580281712524954
2016-05-03,2.43516735347846
2016-05-04,2.388383264346778
2016-05-05,2.380805002774882
2016-05-06,2.4243321351255984
2016-05-09,2.40650992641848
2016-05-10,2.4387162701991087
2016-05-11,2.4305301528817913
2016-05-12,2.4216046273273193
2016-05-13,2.4242158859931937
2016-05-16,2.4584830445959964
2016-05-17,2.4527531407908767
2016-05-18,2.3932255189258
2016-05-19,2.4174351120402027
2016-05-20,2.426599727067058
2016-05-23,2.440571641314582
2016-05-24,2.4320814767716574
2016-05-25,2.4715355585584735
2016-05-26,2.4380600033344253
2016-05-27,2.4334680571162757
2016-05-31,2.4484939638775303
2016-06-01,2.4766372170941033
2016-06-02,2.4866520804641596
2016-06-03,2.5232546322249805
2016-06-06,2.548667738996769
2016-06-07,2.558635882213408
2016-06-08,2.58151292561984
2016-06-09,2.546156851070522
2016-06-10,2.4513933239786607
2016-06-13,2.4407367197660577
2016-06-14,2.4418731715592843
2016-06-15,2.4727715040827967
2016-06-16,2.4532919684997774
2016-06-17,2.5018485842073415
2016-06-20,2.5027916053628667
2016-06-21,2.516615901909687
2016-06-22,2.512084075888259
2016-06-23,2.5333199706844822
2016-06-24,2.425196477732161
2016-06-27,2.3935051701854877
2016-06-28,2.439967022306291
2016-06-29,2.4802564352817793
2016-06-30,2.524208135793027
2016-07-01,2.5522854477728116
2016-07-05,2.526193312012614
2016-07-06,2.557087429967179
2016-07-07,2.5284155482389536
2016-07-08,2.5721829862383774
2016-07-11,2.5936174402280687
2016-07-12,2.6557449402139675
2016-07-13,2.6613164514663428
2016-07-14,2.674089120258092
2016-07-15,2.6770958161721023
2016-07-18,2.684392525462445
2016-07-19,2.655721751891666
2016-07-20,2.6300053293637675
2016-07-21,2.649079407847696
2016-07-22,2.6619574580929535
2016-07-25,2.638076047060005
2016-07-26,2.6732513585368576
2016-07-27,2.68183460955696
2016-07-28,2.686195567840758
2016-07-29,2.723050190209594
2016-08-01,2.679820103391035
2016-08-02,2.698355964113344
2016-08-03,2.7132073807621
2016-08-04,2.716771416986191
2016-08-05,2.71794080940832
2016-08-08,2.734999339585559
2016-08-09,2.721103925625462
2016-08-10,2.702240500824289
2016-08-11,2.7525681611266952
2016-08-12,2.7754432322833327
2016-08-15,2.7971716594629967
2016-08-16,2.7867604750492916
2016-08-17,2.7906496555804416
2016-08-18,2.836718595066821
2016-08-19,2.8188651441103105
2016-08-22,2.7959908367161446
2016-08-23,2.8410820607348435
2016-08-24,2.7965801745007646
2016-08-25,2.78560514164229
2016-08-26,2.7942113847100107
2016-08-29,2.814723137855352
2016-08-30,2.796601901434644
2016-08-31,2.7767591521836192
2016-09-01,2.806027192551625
2016-09-02,2.8157703923390174
2016-09-06,2.8333291178542837
2016-09-07,2.858245550156981
2016-09-08,2.901420201335169
2016-09-09,2.7880361031598726
2016-09-12,2.8186700659981634
2016-09-13,2.735543717408812
2016-09-14,2.72160254198659
2016-09-15,2.767989091982534
2016-09-16,2.759606906306484
2016-09-19,2.772071570099843
2016-09-20,2.756095221973889
2016-09-21,2.835381897237114
2016-09-22,2.8382329211970214
2016-09-23,2.815898692739771
2016-09-26,2.8024677162617095
2016-09-27,2.854695633626246
2016-09-28,2.8749099412302828
2016-09-29,2.865075990742655
2016-09-30,2.9089338215102027
2016-10-03,2.9014736021288834
2016-10-04,2.866279799286276
2016-10-05,2.8700004143966167
2016-10-06,2.868109584380473
2016-10-07,2.8535339829989983
2016-10-10,2.8667990174204396
2016-10-11,2.812656629307138
2016-10-12,2.8126597273643186
2016-10-13,2.784095436040081
2016-10-14,2.800744745253614
2016-10-17,2.781946632850313
2016-10-18,2.8181308721964946
2016-10-19,2.842912304829454
2016-10-20,2.8760899115830414
2016-10-21,2.863474350038841
2016-10-24,2.8888285226642303
2016-10-25,2.872842480446073
2016-10-26,2.8760910006309643
2016-10-27,2.859842654512578
2016-10-28,2.84425322288303
2016-10-31,2.843921852190075
2016-11-01,2.787934440118886
2016-11-02,2.7471418095359055
2016-11-03,2.7513951737445823
2016-11-04,2.709112680359036
2016-11-07,2.815457557866327
2016-11-08,2.829629848053485
2016-11-09,2.8448456366408617
2016-11-10,2.8468207560900587
2016-11-11,3.0394713562609454
2016-11-14,3.016090704106255
2016-11-15,3.06212455203566
2016-11-16,3.1038073574492837
2016-11-17,3.147145356942843
2016-11-18,3.151720221306701
2016-11-21,3.1750318480857773
2016-11-22,3.1722657140116435
2016-11-23,3.1880776538518454
2016-11-25,3.2056590195828902
2016-11-28,3.1938368153663457
2016-11-29,3.176953200407095
2016-11-30,3.174188191250878
2016-12-01,3.110169454409149
2016-12-02,3.1334507741003796
2016-12-05,3.1564531866157064
2016-12-06,3.186508496597298
2016-12-07,3.2305172051795146
2016-12-08,3.2235767189637157
2016-12-09,3.20761631673133
2016-12-12,3.1487218590550214
2016-12-13,3.1746517392471856
2016-12-14,3.2110909704218282
2016-12-15,3.2649998541062906
2016-12-16,3.230362576730987
2016-12-19,3.2371392479628183
2016-12-20,3.293933423889166
2016-12-21,3.294360922074362
2016-12-22,3.287937999497575
2016-12-23,3.3188967608617754
2016-12-27,3.3751055071008382
2016-12-28,3.2925077329591765
2016-12-29,3.271442902775612
2016-12-30,3.259118289970161
2017-01-03,3.26484021831649
2017-01-04,3.291528224253344
2017-01-05,3.2318719034255525
2017-01-06,3.2481602529221147
2017-01-09,3.2714896888586247
2017-01-10,3.3016037219285663
2017-01-11,3.3043183473993967
2017-01-12,3.264791998810696
2017-01-13,3.28153002167249
2017-01-17,3.1468914168261053
2017-01-18,3.232139773771314
2017-01-19,3.2174137334214405
2017-01-20,3.2435848574722574
2017-01-23,3.2232393871513985
2017-01-24,3.29857472741422
2017-01-25,3.36345299776409
2017-01-26,3.397045234253786
2017-01-27,3.396776821091709
2017-01-30,3.3682617731166395
2017-01-31,3.346946662459843
2017-02-01,3.4051593022192566
2017-02-02,3.3962369963940646
2017-02-03,3.3995835070439244
2017-02-06,3.4055665451569044
2017-02-07,3.418965799610128
2017-02-08,3.384602064112741
2017-02-09,3.375178765372836
2017-02-10,3.3692892965637937
2017-02-13,3.3505346193781715
2017-02-14,3.3324078702684905
2017-02-15,3.3313907796415894
2017-02-16,3.3204114810567362
2017-02-17,3.3032930214932237
2017-02-21,3.344206212669202
2017-02-22,3.325950938878139
2017-02-23,3.2446395242284214
2017-02-24,3.245030268384742
2017-02-27,3.283609134846256
2017-02-28,3.261182469834389
2017-03-01,3.3128816791754128
2017-03-02,3.2275115926300866
2017-03-03,3.2723540651160477
2017-03-06,3.239066776660726
2017-03-07,3.208068574742724
2017-03-08,3.1986533359934097
2017-03-09,3.181554418017996
2017-03-10,3.2358940389547026
2017-03-13,3.260514725281356
2017-03-14,3.251583538108078
2017-03-15,3.2584804242887704
2017-03-16,3.239630831597946
2017-03-17,3.236103416397588
2017-03-20,3.257894557509168
2017-03-21,3.156195076202224
2017-03-22,3.1881995520191038
2017-03-23,3.158840002759443
2017-03-24,3.162523360275367
2017-03-27,3.1717533134466533
2017-03-28,3.185116090906939
2017-03-29,3.203377933068055
2017-03-30,3.2201268707067605
2017-03-31,3.247759309553461
2017-04-03,3.237354273014681
2017-04-04,3.1737078564437082
2017-04-05,3.1360956778301814
2017-04-06,3.13319179619511
2017-04-07,3.1230566334862155
2017-04-10,3.0837770114957737
2017-04-11,3.0570031527293633
2017-04-12,2.99710512222456
2017-04-13,2.957247526663366
2017-04-17,3.009056264645761
2017-04-18,3.000199064228082
2017-04-19,2.976923592263889
2017-04-20,2.9637144084985767
2017-04-21,2.9494821953007513
2017-04-24,2.9577595953589144
2017-04-25,3.011000942979455
2017-04-26,2.981654253388276
2017-04-27,3.0119227913518443
2017-04-28,3.0198351719426513
2017-05-01,3.0117248963318772
2017-05-02,2.8103706550308676
2017-05-03,2.773907137199926
2017-05-04,2.7570548155736474
2017-05-05,2.7804932811570438
2017-05-08,2.7605313857003897
2017-05-09,2.7738141647757173
2017-05-10,2.7821274708682044
2017-05-11,2.8086468249654724
2017-05-12,2.8132724273753693
2017-05-15,2.849108551357636
2017-05-16,2.930744360365373
2017-05-17,2.7275258064864905
2017-05-18,2.788083804283718
2017-05-19,2.826334056099311
2017-05-22,2.8368390611896475
2017-05-23,2.8311465374797655
2017-05-24,2.8514223364441347
2017-05-25,2.876033183790369
2017-05-26,2.894378588396397
2017-05-30,2.9194305439274
2017-05-31,2.8991491987019287
2017-06-01,2.9199028137650105
2017-06-02,2.9356056333526923
2017-06-05,2.945169000475366
2017-06-06,2.9441353177552885
2017-06-07,2.9592950794946917
2017-06-08,3.0150280636678115
2017-06-09,2.8715803039872796
2017-06-12,2.8589608030069136
2017-06-13,2.8773453852147948
2017-06-14,2.8727156629663884
2017-06-15,2.8492864806288907
2017-06-16,2.8282961684358185
2017-06-19,2.90821443321906
2017-06-20,2.8836740094375624
2017-06-21,2.9608175230445988
2017-06-22,2.956312773343387
2017-06-23,2.9252430982093127
2017-06-26,2.9239342951303486
2017-06-27,2.872057108160809
2017-06-28,2.911473366428307
2017-06-29,2.8489563673743517
2017-06-30,2.8796252529833404
2017-07-03,2.8499803128428836
2017-07-05,2.8869876439280886
2017-07-06,2.862362827415027
2017-07-07,2.89453407348461
2017-07-10,2.8987996271959102
2017-07-11,2.9107232625704005
2017-07-12,2.9329462857807753
2017-07-13,2.9396684255423544
2017-07-14,2.996943795357515
2017-07-17,2.9795940723482173
2017-07-18,3.027397846981991
2017-07-19,3.1979503479031743
2017-07-20,3.2144874911535024
2017-07-21,3.232126210011857
2017-07-24,3.2764929139267913
2017-07-25,3.24168287629339
2017-07-26,3.2139914305323694
2017-07-27,3.1479580831631777
2017-07-28,3.229255612274305
2017-07-31,3.142620491808674
2017-08-01,3.1554803731163226
2017-08-02,3.1537055044847526
2017-08-03,3.131653399148598
2017-08-04,3.13316455073735
2017-08-07,3.192689210690294
2017-08-08,3.167201099475209
2017-08-09,3.1564238374451103
2017-08-10,3.0786848855870335
2017-08-11,3.0920604792868196
2017-08-14,3.1341615985368456
2017-08-15,3.140551850205001
2017-08-16,3.1310811353330137
2017-08-17,3.052926187234285
2017-08-18,3.0629004838768306
2017-08-21,3.0504742820396156
2017-08-22,3.112597212659048
2017-08-23,3.1049290913490846
2017-08-24,3.1155194952152243
2017-08-25,3.0708298592513708
2017-08-28,3.0809489643971633
2017-08-29,3.092814756294752
2017-08-30,3.118524380933721
2017-08-31,3.1568422277182524
2017-09-01,3.1611708449476428
2017-09-05,3.1422710502700504
2017-09-06,3.1172627861164894
2017-09-07,3.161678521024631
2017-09-08,3.1387745422772415
2017-09-11,3.186879388552322
2017-09-12,3.1875592703654565
2017-09-13,3.1766942293956077
2017-09-14,3.1510943452259217
2017-09-15,3.190888841690086
2017-09-18,3.242399511994777
2017-09-19,3.2447718570540993
2017-09-20,3.2607413898547426
2017-09-21,3.232095267304544
2017-09-22,3.2337109832850737
2017-09-25,3.1637243692145915
2017-09-26,3.154987740300712
2017-09-27,3.18116302805163
2017-09-28,3.187144224964944
2017-09-29,3.2217289761905152
2017-10-02,3.2350874287378266
2017-10-03,3.2291083991325547
2017-10-04,3.2321556307538244
2017-10-05,3.252499050616329
2017-10-06,3.2544947683084584
2017-10-09,3.275987756400714
2017-10-10,3.308214277249465
2017-10-11,3.3415707787337867
2017-10-12,3.3366908847030667
2017-10-13,3.342763371776614
2017-10-16,3.3667337057303235
2017-10-17,3.3525431416304174
2017-10-18,3.4129712756311497
2017-10-19,3.4094297422921676
2017-10-20,3.4483050373027226
2017-10-23,3.4322496264803277
2017-10-24,3.426952876255539
2017-10-25,3.3851974750011737
2017-10-26,3.3868963922170243
2017-10-27,3.5327317875989155
2017-10-30,3.5437328529884518
2017-10-31,3.6240518596361264
2017-11-01,3.6070254670694424
2017-11-02,3.6402890814549314
2017-11-03,3.722121229115424
2017-11-06,3.7582764936623043
2017-11-07,3.7862444016499515
2017-11-08,3.7909295349009393
2017-11-09,3.7454677562906573
2017-11-10,3.819665320044197
2017-11-13,3.846281640316448
2017-11-14,3.8646129977123707
2017-11-15,3.8284114622584267
2017-11-16,3.8875746655866377
2017-11-17,3.864637678185472
2017-11-20,3.8959179767560532
2017-11-21,3.956870028067682
2017-11-22,3.934353289171947
2017-11-24,3.956604196696111
2017-11-27,3.9297971917550694
2017-11-28,3.9441067909549665
2017-11-29,3.8024774172100737
2017-11-30,3.821792146126073
2017-12-01,3.7724743115597565
2017-12-04,3.6892064161321416
2017-12-05,3.6743888033997356
2017-12-06,3.686920359719926
2017-12-07,3.760812302297654
2017-12-08,3.7933946835039922
2017-12-11,3.7982088757860444
2017-12-12,3.7892432931027105
2017-12-13,3.7894876285113446
2017-12-14,3.7553672753296268
2017-12-15,3.7640827742242347
2017-12-18,3.8182902160980183
2017-12-19,3.7989794528767757
2017-12-20,3.794082727174607
2017-12-21,3.780670574082038
2017-12-22,3.796610170339128
2017-12-26,3.8466305724761525
2017-12-27,3.828545044674781
2017-12-28,3.8648856238437963
2017-12-29,3.852556091037613
2018-01-02,3.9251069602584856
2018-01-03,3.922510504421565
2018-01-04,3.900558492635145
2018-01-05,3.9526840970282238
2018-01-08,3.9553150760152223
2018-01-09,3.9187043250991365
2018-01-10,3.897584420901366
2018-01-11,3.955051646587042
2018-01-12,4.0118812852671635
2018-01-16,3.99067016654936
2018-01-17,4.055577072297274
2018-01-18,4.024089771424472
2018-01-19,4.054634530401962
2018-01-22,4.046146928444132
2018-01-23,4.037538945705946
2018-01-24,4.050210462911125
2018-01-25,4.117085054259106
2018-01-26,4.183882458517129
2018-01-29,4.137055535631235
2018-01-30,4.062234157493018
2018-01-31,4.0015587091123646
2018-02-01,3.9945029250226134
2018-02-02,3.8642560699743167
2018-02-05,3.713089371199154
2018-02-06,3.73500991205903
2018-02-07,3.730817354966856
2018-02-08,3.5770943675678444
2018-02-09,3.6357335167478575
2018-02-12,3.6748892716896746
2018-02-13,3.6895724389249303
2018-02-14,3.728147836949318
2018-02-15,3.817537045867988
2018-02-16,3.821801714378641
2018-02-20,3.815842359903286
2018-02-21,3.7733333746984807
2018-02-22,3.777101566646325
2018-02-23,3.8586183735726034
2018-02-26,3.9226900610474025
2018-02-27,3.855001951560689
2018-02-28,3.825213517318174
2018-03-01,3.7882875463837267
2018-03-02,3.818045991818758
2018-03-05,3.90646740051566
2018-03-06,3.9976718733267416
2018-03-07,3.996660744881454
2018-03-08,4.058013193645818
2018-03-09,4.137928233256509
2018-03-12,4.17213669136425
2018-03-13,4.149077430548422
2018-03-14,4.179462783680828
2018-03-15,4.151794556609361
2018-03-16,4.191372358341903
2018-03-19,4.152466783991115
2018-03-20,4.1961362699213485
2018-03-21,4.189040350872669
2018-03-22,4.086528618342052
2018-03-23,3.9117993771018362
2018-03-26,4.058220436213298
2018-03-27,3.892394486168307
2018-03-28,3.8172531182080536
2018-03-29,3.896212133187609
2018-04-02,3.7628135220739654
2018-04-03,3.8216193478816245
2018-04-04,3.9024804457320474
2018-04-05,3.938606974293258
2018-04-06,3.8411429653379905
2018-04-09,3.8418653695337412
2018-04-10,3.9704298262049083
2018-04-11,3.9367518644222854
2018-04-12,4.0111511738900365
2018-04-13,4.000756309751866
2018-04-16,4.032059976103519
2018-04-17,4.143915732863346
2018-04-18,4.142156249902754
2018-04-19,4.136575117909879
2018-04-20,4.09601444436926
2018-04-23,4.04498865553792
2018-04-24,3.976512782553359
2018-04-25,3.969472372564887
2018-04-26,4.067911887699999
2018-04-27,4.080342687925755
2018-04-30,3.9782238431321377
2018-05-01,3.9610228633146027
2018-05-02,3.9650948170549363
2018-05-03,3.9667619942620616
2018-05-04,4.010263333483205
2018-05-07,4.046685924626122
2018-05-08,4.076624232173624
2018-05-09,4.13059759594897
2018-05-10,4.1453245865152315
2018-05-11,4.131258645214594
2018-05-14,4.123418325423004
2018-05-15,4.142438474987175
2018-05-16,4.22245597084947
2018-05-17,4.190223093112884
2018-05-18,4.1289258795543615
2018-05-21,4.176131039526587
2018-05-22,4.146304213813391
2018-05-23,4.191340056381487
2018-05-24,4.215959339227588
2018-05-25,4.2130275527223615
2018-05-29,4.186610095616277
2018-05-30,4.24092768077314
2018-05-31,4.195531139549656
2018-06-01,4.274860565637146
2018-06-04,4.296200025607261
2018-06-05,4.348546092769491
2018-06-06,4.331105706750308
2018-06-07,4.199791130094708
2018-06-08,4.2465242486373755
2018-06-11,4.2723379885010955
2018-06-12,4.280558644471477
2018-06-13,4.348027090509122
2018-06-14,4.3934356722690415
2018-06-15,4.36518123604336
2018-06-18,4.428990340894047
2018-06-19,4.430363991470652
2018-06-20,4.446881042806922
2018-06-21,4.370199730658465
2018-06-22,4.359642083412524
2018-06-25,4.191325577766925
2018-06-26,4.288022267673503
2018-06-27,4.1926066236594774
2018-06-28,4.190853135821915
2018-06-29,4.165738518116342
2018-07-02,4.214315131952353
2018-07-03,4.187136994763766
2018-07-05,4.2168988739646736
2018-07-06,4.262409150110341
2018-07-09,4.3296893879165115
2018-07-10,4.30985858494434
2018-07-11,4.303640741034924
2018-07-12,4.363636680505825
2018-07-13,4.334427548176857
2018-07-16,4.335603234998346
2018-07-17,4.340821880395513
2018-07-18,4.335472376247192
2018-07-19,4.28148537138814
2018-07-20,4.296535756016283
2018-07-23,4.307208210595446
2018-07-24,4.265101159885378
2018-07-25,4.329221883323641
2018-07-26,4.252805934337947
2018-07-27,4.284262481345812
2018-07-30,4.193880844288534
2018-07-31,4.1064417292488065
2018-08-01,4.11230787514249
2018-08-02,4.204570489183053
2018-08-03,4.174033194850885
2018-08-06,4.2634621961772
2018-08-07,4.268683178489645
2018-08-08,4.293652291047197
2018-08-09,4.281913007515046
2018-08-10,4.267389917707817
2018-08-13,4.260437868627683
2018-08-14,4.332404933383402
2018-08-15,4.328843842011935
2018-08-16,4.246138186190787
2018-08-17,4.309901198587258
2018-08-20,4.325037231835495
2018-08-21,4.354685433339497
2018-08-22,4.372513651696888
2018-08-23,4.43052348398668
2018-08-24,4.519312945926329
2018-08-27,4.524145326591302
2018-08-28,4.528773885039104
2018-08-29,4.537557932478718
2018-08-30,4.528306442827931
2018-08-31,4.519140593274245
2018-09-04,4.634001385466151
2018-09-05,4.612151274479776
2018-09-06,4.589194978685388
2018-09-07,4.570789527771834
2018-09-10,4.638012243007089
2018-09-11,4.659737065217165
2018-09-12,4.713383244955761
2018-09-13,4.649149517756631
2018-09-14,4.717390032752952
2018-09-17,4.654384133661623
2018-09-18,4.675367431304104
2018-09-19,4.654654366928092
2018-09-20,4.640086559414238
2018-09-21,4.631585079390839
2018-09-24,4.696693180981048
2018-09-25,4.729439495972414
2018-09-26,4.733030873571589
2018-09-27,4.721955883155112
2018-09-28,4.6622400511999995
2018-10-01,4.6535805960497605
2018-10-02,4.5370449549122105
2018-10-03,4.5110295088681545
2018-10-04,4.451381761208463
2018-10-05,4.416411612028519
2018-10-08,4.407293679280706
2018-10-09,4.43194629877068
2018-10-10,4.206206020447229
2018-10-11,4.143585405393306
2018-10-12,4.236138724418691
2018-10-15,4.245026492109513
2018-10-16,4.368840105518986
2018-10-17,4.311256832412395
2018-10-18,4.2937080445556095
2018-10-19,4.17867206966595
2018-10-22,4.260283362233393
2018-10-23,4.24468709534999
2018-10-24,4.01582565250251
2018-10-25,3.918336720103509
2018-10-26,3.8119300608984084
2018-10-29,3.8130272761502804
2018-10-30,3.8626080454237264
2018-10-31,3.933668523674083
2018-11-01,4.049576362120365
2018-11-02,3.915729691238142
2018-11-05,3.966558681884991
2018-11-06,3.99155114627718
2018-11-07,4.070898852601308
2018-11-08,4.063460336029108
2018-11-09,4.0698454256406915
2018-11-12,3.9687867918197295
2018-11-13,3.9687042855401753
2018-11-14,3.9922627926171175
2018-11-15,4.013197265121375
2018-11-16,4.007628862727182
2018-11-19,3.950996195875737
2018-11-20,3.919641510387135
2018-11-21,3.8940496648565546
2018-11-23,3.9498165032225674
2018-11-26,3.971956380543074
2018-11-27,4.058440354079644
2018-11-28,4.0868882393263215
2018-11-29,4.094284591210167
2018-11-30,4.101663646030964
2018-12-03,4.203803491209765
2018-12-04,4.075176750108321
2018-12-06,4.032003396224246
2018-12-07,3.9115882802727175
2018-12-10,3.9043352688745956
2018-12-11,3.948348499315487
2018-12-12,3.929104744285559
2018-12-13,3.967703740864591
2018-12-14,3.907937624472716
2018-12-17,3.7634760059407517
2018-12-18,3.7540676153634847
2018-12-19,3.730549664309567
2018-12-20,3.652497410163981
2018-12-21,3.6267434114031505
2018-12-24,3.502596579301351
2018-12-26,3.6194254474005496
2018-12-27,3.6546764902085194
2018-12-28,3.662373309452491
2018-12-31,3.7250669669345564
2019-01-02,3.661526057465791
2019-01-03,3.587193329269892
2019-01-04,3.6468615695982414
2019-01-07,3.660335818235084
2019-01-08,3.6740429823677405
2019-01-09,3.657358439443577
2019-01-10,3.6499183267446527
2019-01-11,3.652351909286058
2019-01-14,3.633324870096561
2019-01-15,3.6861398307628823
2019-01-16,3.6569952799737244
2019-01-17,3.693659782195751
2019-01-18,3.6813071604392515
2019-01-22,3.6740014050881453
2019-01-23,3.7103856543519433
2019-01-24,3.6780585149279426
2019-01-25,3.7414374914479014
2019-01-28,3.663774331102577
2019-01-29,3.6758556503626716
2019-01-30,3.7115090365042325
2019-01-31,3.7550398649382606
2019-02-01,3.7573080249231974
2019-02-04,3.7455923146084107
2019-02-05,3.7461250100744174
2019-02-06,3.7864186581364225
2019-02-07,3.7484559296467133
2019-02-08,3.7794844593643306
2019-02-11,3.790440473322495
2019-02-12,3.8261436514121265
2019-02-13,3.8433546237165106
2019-02-14,3.8440171544072874
2019-02-15,3.8427340499839295
2019-02-19,3.83785144741473
2019-02-20,3.857733172329507
2019-02-21,3.866138674970882
2019-02-22,3.8860322847103848
2019-02-25,3.8941804941734017
2019-02-26,3.8864243856455913
2019-02-27,3.877752906714249
2019-02-28,3.875795578414775
2019-03-01,3.9014659047513396
2019-03-04,3.889154260069622
2019-03-05,3.908362343116339
2019-03-06,3.882010446108881
2019-03-07,3.8432719286997723
2019-03-08,3.82704033590131
2019-03-11,3.8582721160290094
2019-03-12,3.8907984065589054
2019-03-13,3.8955042340084822
2019-03-14,3.9200070792115986
2019-03-15,3.921713119611543
2019-03-18,3.9247890087478745
2019-03-19,3.918795130323183
2019-03-20,3.918504279233402
2019-03-21,3.97676133954351
2019-03-22,3.9083608227556015
2019-03-25,3.935451438750009
2019-03-26,3.9585847884392056
2019-03-27,3.9446768630850952
2019-03-28,3.9621766987120113
2019-03-29,3.988265042099622
2019-04-01,3.9645487555357724
2019-04-02,3.972918929661564
2019-04-03,3.987058929129421
2019-04-04,3.947875809450924
2019-04-05,3.977111814231778
2019-04-08,3.9875589674420913
2019-04-09,3.982225001790655
2019-04-10,4.007502943319017
2019-04-11,4.004120490485142
2019-04-12,4.031151910967423
2019-04-15,4.037817199544545
2019-04-16,4.022085570811743
2019-04-17,3.9666901005944353
2019-04-18,3.9675717120875498
2019-04-22,3.978387466256157
2019-04-23,4.039972711830668
2019-04-24,4.067682608182011
2019-04-25,3.983309544784591
2019-04-26,4.000520303217331
2019-04-29,3.9820930670218746
2019-04-30,4.0000046901497495
2019-05-01,3.9834961067627512
2019-05-02,4.038792395661635
2019-05-03,4.0540139609010195
2019-05-06,3.998917477512548
2019-05-07,3.8959098557918255
2019-05-08,3.9010268294332207
2019-05-09,3.883475899831304
2019-05-10,3.8921506312665146
2019-05-13,3.7559630461987656
2019-05-14,3.8358428913645897
2019-05-15,3.8545044219546467
2019-05-16,3.8663311972760748
2019-05-17,3.801652389133015
2019-05-20,3.682257458483781
2019-05-21,3.705722335971504
2019-05-22,3.6089057596503045
2019-05-23,3.4689650516581554
2019-05-24,3.4867775474881753
2019-05-28,3.4912748052507334
2019-05-29,3.4383158068336024
2019-05-30,3.4838566847551022
2019-05-31,3.4560476519695116
2019-06-03,3.37984799313682
2019-06-04,3.470210463000493
2019-06-05,3.549544633427738
2019-06-06,3.5813493204202973
2019-06-07,3.6405814493062243
2019-06-10,3.6621031439013905
2019-06-11,3.6263004630038176
2019-06-12,3.6482599146249566
2019-06-13,3.611521720537299
2019-06-14,3.5905826606820326
2019-06-17,3.555761087999604
2019-06-18,3.5819525384592974
2019-06-19,3.638890001384232
2019-06-20,3.636341820494072
2019-06-21,3.5787766402223675
2019-06-24,3.5795203100792787
2019-06-25,3.536499505004825
2019-06-26,3.567031753867825
2019-06-27,3.5993941048625078
2019-06-28,3.6223539945834435
2019-07-01,3.671978948377296
2019-07-02,3.686881329796081
2019-07-03,3.715978791548036
2019-07-05,3.7114720879470386
2019-07-08,3.7086226186523894
2019-07-09,3.731459262303008
2019-07-10,3.7557790697971454
2019-07-11,3.753768924706933
2019-07-12,3.7726309008746117
2019-07-15,3.802664284950311
2019-07-16,3.761718180309426
2019-07-17,3.7467531617781322
2019-07-18,3.758990288738376
2019-07-19,3.7064083266285808
2019-07-22,3.709607822742185
2019-07-23,3.751477616852835
2019-07-24,3.815084425759333
2019-07-25,3.7770974252813567
2019-07-26,3.7941962067574044
2019-07-29,3.7879535801664774
2019-07-30,3.7693283364304926
2019-07-31,3.6450673784453618
2019-08-01,3.6085759859180353
2019-08-02,3.571585761015655
2019-08-05,3.44935741490207
2019-08-06,3.496908728579632
2019-08-07,3.5380203390460934
2019-08-08,3.611350025747409
2019-08-09,3.6154744285363534
2019-08-12,3.5774849397620962
2019-08-13,3.596383610526909
2019-08-14,3.505929222898191
2019-08-15,3.5531027300989324
2019-08-16,3.5859450735138583
2019-08-19,3.61132513623385
2019-08-20,3.597387545087811
2019-08-21,3.630475568700219
2019-08-22,3.6434410461166706
2019-08-23,3.5452609131787933
2019-08-26,3.606455565973733
2019-08-27,3.598354706903909
2019-08-28,3.6172083499397973
2019-08-29,3.6333970834132243
2019-08-30,3.6344825166068575
2019-09-03,3.612771555626742
2019-09-04,3.5896739882332884
2019-09-05,3.5551153514651954
2019-09-06,3.5471576764872212
2019-09-09,3.4964201607910868
2019-09-10,3.4763168251671615
2019-09-11,3.4605191889754257
2019-09-12,3.465363817022483
2019-09-13,3.4609348959534727
2019-09-16,3.429639225213324
2019-09-17,3.449230764276827
2019-09-18,3.440733728269568
2019-09-19,3.4330661350094127
2019-09-20,3.380281809307493
2019-09-23,3.3716811270470957
2019-09-24,3.3196757330994955
2019-09-25,3.323869571507129
2019-09-26,3.3347340943555914
2019-09-27,3.2911489014367543
2019-09-30,3.2995133409703112
2019-10-01,3.2617919550226766
2019-10-02,3.226964496473741
2019-10-03,3.2536241323990343
2019-10-04,3.3071722670364125
2019-10-07,3.281300480154571
2019-10-08,3.231174875478275
2019-10-09,3.260517793200319
2019-10-10,3.2779969495129926
2019-10-11,3.300838781594347
2019-10-14,3.2915987232382067
2019-10-15,3.3022355312521228
2019-10-16,3.2741058921211335
2019-10-17,3.2987020549661534
2019-10-18,3.2743235956388683
2019-10-21,3.273203641176484
2019-10-22,3.142966945311793
2019-10-23,3.110754145548217
2019-10-24,3.126140331577981
2019-10-25,3.1143462763342105
2019-10-28,3.13910433818087
2019-10-29,3.1133173360176967
2019-10-30,3.1276179824880366
2019-10-31,3.0980605637595544
2019-11-01,3.1354963137346896
2019-11-04,3.1358723135216904
2019-11-05,3.1307935900011055
2019-11-06,3.12720043352518
2019-11-07,3.1297920128670684
2019-11-08,3.1339852057696747
2019-11-11,3.132702651768764
2019-11-12,3.118525052389076
2019-11-13,3.1304591503661543
2019-11-14,3.1492499519728696
2019-11-15,3.1864397535289224
2019-11-18,3.1643150988223767
2019-11-19,3.1519764441176257
2019-11-20,3.1874966135596727
2019-11-21,3.067754368798661
2019-11-22,3.049181923797808
2019-11-25,3.0932044602757056
2019-11-26,3.082063499670513
2019-11-27,3.0986615613152044
2019-11-29,3.066074195308351
2019-12-02,3.022236078151705
2019-12-03,2.9810250772568065
2019-12-04,3.015108830734979
2019-12-05,3.022712254085672
2019-12-06,3.052416474797023
2019-12-09,3.0538574980927082
2019-12-10,3.061112663214975
2019-12-11,3.1277308737744387
2019-12-12,3.1988468098694973
2019-12-13,3.1982689031483527
2019-12-16,3.239067457265436
2019-12-17,3.2751719593444064
2019-12-18,3.279334245833161
2019-12-19,3.3249223605859592
2019-12-20,3.360699516917576
2019-12-23,3.3616757651125524
2019-12-24,3.3771326449359154
2019-12-26,3.373651870182285
2019-12-27,3.3652422012052243
2019-12-30,3.343824764793505
2019-12-31,3.3434868933909
2020-01-02,3.412765465958561
2020-01-03,3.360307255420143
2020-01-06,3.3222438642182768
2020-01-07,3.349397706165053
2020-01-08,3.3608625650864554
2020-01-09,3.38840883876451
2020-01-10,3.3827199062276065
2020-01-13,3.441551017538554
2020-01-14,3.42679999923301
2020-01-15,3.4055578056679825
2020-01-16,3.447914720312184
2020-01-17,3.5002388516488945
2020-01-21,3.504022333413254
2020-01-22,3.524356432032842
2020-01-23,3.546287209250554
2020-01-24,3.4663914343715145
2020-01-27,3.3892442517303487
2020-01-28,3.4565905911751873
2020-01-29,3.4044202140598347
2020-01-30,3.362945801263419
2020-01-31,3.2561453631955937
2020-02-03,3.306371791448978
2020-02-04,3.393128007940461
2020-02-05,3.414804980999705
2020-02-06,3.4097384541310123
2020-02-07,3.371876973431665
2020-02-10,3.4191457614755465
2020-02-11,3.4632480144034687
2020-02-12,3.5120187665550087
2020-02-13,3.5149643242663573
2020-02-14,3.5392811438743363
2020-02-18,3.5275926398782755
2020-02-19,3.64169629580739
2020-02-20,3.576863307041347
2020-02-21,3.428113802119639
2020-02-24,3.2186475257685148
2020-02-25,3.1137182945486765
2020-02-26,3.156679938870474
2020-02-27,3.0045171029604187
2020-02-28,3.0895229263984083
2020-03-02,3.205359939692154
2020-03-03,3.1362486821735223
2020-03-04,3.307510130366925
2020-03-05,3.213406157565468
2020-03-06,3.189376756833336
2020-03-09,2.9675285661193715
2020-03-10,3.0567247202137104
2020-03-11,2.9670488391842706
2020-03-12,2.6709619794555435
2020-03-13,2.907852889986408
2020-03-16,2.5795092916027955
2020-03-17,2.757669664972533
2020-03-18,2.691294028086326
2020-03-19,2.631726764469386
2020-03-20,2.4669654854594336
2020-03-23,2.477513903253039
2020-03-24,2.571114299757834
2020-03-25,2.5034042945172925
2020-03-26,2.640302518501696
2020-03-27,2.6150203134370904
2020-03-30,2.707682520363405
2020-03-31,2.688883063327905
2020-04-01,2.5868118012616623
2020-04-02,2.625224502472059
2020-04-03,2.557392683809395
2020-04-06,2.7113305994553123
2020-04-07,2.6627206874308538
2020-04-08,2.7265974579144023
2020-04-09,2.723356387997057
2020-04-13,2.7776162055567335
2020-04-14,2.8632531459433985
2020-04-15,2.824578150221398
2020-04-16,2.9569164075516134
2020-04-17,2.962263311957993
2020-04-20,2.9633749979340034
2020-04-21,2.8530650525248453
2020-04-22,2.866700039268547
2020-04-23,2.889261599151539
2020-04-24,2.918688318636543
2020-04-27,2.9030891779757386
2020-04-28,2.8418426276405833
2020-04-29,2.8272765559637096
2020-04-30,2.7888385225993493
2020-05-01,2.7542658742503034
2020-05-04,2.8407132716598
2020-05-05,2.8964745586075904
2020-05-06,2.8654988817333535
2020-05-07,2.913603226629051
2020-05-08,2.911517996237847
2020-05-11,2.930316421971903
2020-05-12,2.8402485895165146
2020-05-13,2.8417807161795325
2020-05-14,2.8670569835923367
2020-05-15,2.9158973916930773
2020-05-18,2.9114758260796267
2020-05-19,2.9064662144231144
2020-05-20,2.910781777691665
2020-05-21,2.8434633412738353
2020-05-22,2.8624410446057262
2020-05-26,2.721581273795503
2020-05-27,2.6686921814370197
2020-05-28,2.7144922682184998
2020-05-29,2.8437120189430485
2020-06-01,2.819774152908961
2020-06-02,2.797151515951209
2020-06-03,2.7365859838820303
2020-06-04,2.692605522137389
2020-06-05,2.70849607356009
2020-06-08,2.737261076064306
2020-06-09,2.7585842789500408
2020-06-10,2.7942507271327566
2020-06-11,2.6746366034389437
2020-06-12,2.6922865805746388
2020-06-15,2.764781398784458
2020-06-16,2.7724482763632383
2020-06-17,2.8153740691240214
2020-06-18,2.8247801659639267
2020-06-19,2.8719067337372017
2020-06-22,2.899293915153772
2020-06-23,2.9152922848416383
2020-06-24,2.8397646907056755
2020-06-25,2.894137154313464
2020-06-26,2.826791344039629
2020-06-29,2.8334853425106843
2020-06-30,2.912017450942312
2020-07-01,2.898676168669973
2020-07-02,2.9216117610574033
2020-07-06,2.993259102831916
2020-07-07,3.0035140749463674
2020-07-08,3.0656132284686106
2020-07-09,3.107261665811973
2020-07-10,3.0805640466759447
2020-07-13,2.9324982560888566
2020-07-14,2.9780780299819813
2020-07-15,2.951337028414077
2020-07-16,2.9396082535263677
2020-07-17,2.957195270776429
2020-07-20,3.049641271132608
2020-07-21,2.9860412641432688
2020-07-22,2.98343613070954
2020-07-23,2.943549321456075
2020-07-24,2.9368639867086244
2020-07-27,2.998729769528274
2020-07-28,2.9559493318661914
2020-07-29,3.0030145506791412
2020-07-30,3.018977377063383
2020-07-31,3.0718658470613858
2020-08-03,3.1450311231052175
2020-08-04,3.1495660590495187
2020-08-05,3.1540172688298846
2020-08-06,3.157345992536851
2020-08-07,3.1210601960759377
2020-08-10,3.039025424767823
2020-08-11,2.9597497827449213
2020-08-12,3.048061101343253
2020-08-13,3.0581800805310864
2020-08-14,3.0463366275067885
2020-08-17,3.116512202027656
2020-08-18,3.099918084468858
2020-08-19,3.087898402432186
2020-08-20,3.1048397417707907
2020-08-21,3.1197033119791358
2020-08-24,3.1143066805683373
2020-08-25,3.1388764248226066
2020-08-26,3.151332156977053
2020-08-27,3.1108354613759484
2020-08-28,3.14793149455632
2020-08-31,3.224908182293095
2020-09-01,3.265627239724694
2020-09-02,3.261163221092251
2020-09-03,3.043466359968457
2020-09-04,2.9574579867218507
2020-09-08,2.831812717828445
2020-09-09,2.9234826911876914
2020-09-10,2.851803491358663
2020-09-11,2.880996052105191
2020-09-14,2.9203577574175204
2020-09-15,2.9076019044845856
2020-09-16,2.9813513900878985
2020-09-17,2.950807355514224
2020-09-18,2.9063074446368398
2020-09-21,2.7289225494307137
2020-09-22,2.7870125382539634
2020-09-23,2.6296002051566147
2020-09-24,2.6625573043811492
2020-09-25,2.7027997730608524
2020-09-28,2.7500085451356613
2020-09-29,2.6560587012357186
2020-09-30,2.666571456638871
2020-10-01,2.6835184833265413
2020-10-02,2.6855596992423716
2020-10-05,2.679920134252108
2020-10-06,2.6393429016945182
2020-10-07,2.719920735313341
2020-10-08,2.729238869282556
2020-10-09,2.748910064972533
2020-10-12,2.7562568735354094
2020-10-13,2.692829066590635
2020-10-14,2.7080770430986307
2020-10-15,2.745753071932975
2020-10-16,2.73632991622924
2020-10-19,2.7019998914599737
2020-10-20,2.7526573690993446
2020-10-21,2.702721778721399
2020-10-22,2.7033438064384847
2020-10-23,2.759164971506776
2020-10-26,2.6562285474133036
2020-10-27,2.6701142540693508
2020-10-28,2.56084154744422
2020-10-29,2.617733223347179
2020-10-30,2.5560301340641023
2020-11-02,2.6810824792013555
2020-11-03,2.7570852093801888
2020-11-04,2.7351427766714393
2020-11-05,2.809897462784609
2020-11-06,2.821464385329912
2020-11-09,2.809609372483519
2020-11-10,2.78307399828548
2020-11-11,2.790264859709887
2020-11-12,2.7675011406991845
2020-11-13,2.8263661678407557
2020-11-16,2.917628717236387
2020-11-17,2.965069284739245
2020-11-18,2.915845606338584
2020-11-19,2.915387069384456
2020-11-20,2.897479400437442
2020-11-23,2.9701163414209857
2020-11-24,3.0610371504928744
2020-11-25,3.0459275262848218
2020-11-27,3.0353514082687654
2020-11-30,2.9954888417466656
2020-12-01,3.0358197687715993
2020-12-02,3.0592737714394604
2020-12-03,3.10571348374684
2020-12-04,3.1513576727688823
2020-12-07,3.126502010161989
2020-12-08,3.14259964335185
2020-12-09,3.1312061147946215
2020-12-10,3.130200906435381
2020-12-11,3.106507172846267
2020-12-14,3.0368796949453127
2020-12-15,3.085641803740098
2020-12-16,3.0843687677056892
2020-12-17,3.118770242613902
2020-12-18,3.071014297690152
2020-12-21,3.0621163150967883
2020-12-22,3.0665480388962627
2020-12-23,3.076319383460813
2020-12-24,3.0985954064960737
2020-12-28,3.0851017522106834
2020-12-29,3.0572389619499862
2020-12-30,3.170931839720362
2020-12-31,3.1656011278238285
2021-01-04,3.259699931303624
2021-01-05,3.355167855642994
2021-01-06,3.4995475695602574
2021-01-07,3.6224250971456184
2021-01-08,3.6641889559623366
2021-01-11,3.565987796774929
2021-01-12,3.696652133589347
2021-01-13,3.6437899159184357
2021-01-14,3.7008668208528777
2021-01-15,3.6206754519633475
2021-01-19,3.6850674890520243
2021-01-20,3.6555314146066715
2021-01-21,3.6158868375292377
2021-01-22,3.643088252627845
2021-01-25,3.6051289013106795
2021-01-26,3.495620293242356
2021-01-27,3.4009282243625187
2021-01-28,3.353437654696237
2021-01-29,3.214490484867279
2021-02-01,3.313625117465737
2021-02-02,3.38539876285727
2021-02-03,3.454323091943437
2021-02-04,3.493765182927417
2021-02-05,3.579780427906015
2021-02-08,3.6022882812092516
2021-02-09,3.5930628087631704
2021-02-10,3.570311926763964
2021-02-11,3.5736750889367044
2021-02-12,3.5895786442709516
2021-02-16,3.6405501482022706
2021-02-17,3.6775709081296686
2021-02-18,3.6454414931313557
2021-02-19,3.765279936491586
2021-02-22,3.791702454616803
2021-02-23,3.7117668350622313
2021-02-24,3.7918445484983083
2021-02-25,3.6715777695406797
2021-02-26,3.677704588693395
2021-03-01,3.8223389262441723
2021-03-02,3.8138694989151514
2021-03-03,3.8239890573845936
2021-03-04,3.790962172875872
2021-03-05,3.943774528304407
2021-03-08,3.9900573421077357
2021-03-09,3.8598766812479828
2021-03-10,3.9047239365126925
2021-03-11,4.053728664956729
2021-03-12,4.1160481081247715
2021-03-15,4.1583934347951725
2021-03-16,4.039939505962377
2021-03-17,4.035555105760486
2021-03-18,3.9049501327477025
2021-03-19,3.9386703779069965
2021-03-22,3.912117972406679
2021-03-23,3.7046501166129953
2021-03-24,3.536804840654297
2021-03-25,3.5222691528601233
2021-03-26,3.5827701646629446
2021-03-29,3.4691826121925113
2021-03-30,3.525684182208466
2021-03-31,3.5069867181436014
2021-04-01,3.6689754065092393
2021-04-05,3.5639937663061434
2021-04-06,3.5605798707474814
2021-04-07,3.5610922979098345
2021-04-08,3.534691963995702
2021-04-09,3.5405943643058357
2021-04-12,3.5058950302848895
2021-04-13,3.512493417956285
2021-04-14,3.617674211360697
2021-04-15,3.6211610410574013
2021-04-16,3.5879875215977677
2021-04-19,3.5631294832935394
2021-04-20,3.4042279160541193
2021-04-21,3.47941120920663
2021-04-22,3.433711095694828
2021-04-23,3.505998141168191
2021-04-26,3.546518079128618
2021-04-27,3.5806173883314214
2021-04-28,3.696660140297317
2021-04-29,3.6938660272496646
2021-04-30,3.5943908141503447
2021-05-03,3.6602970386580322
2021-05-04,3.5690225341055473
2021-05-05,3.7618189660127785
2021-05-06,3.769984811779246
2021-05-07,3.876992916864113
2021-05-10,3.8249638469770426
2021-05-11,3.6712487160446363
2021-05-12,3.6814042849739703
2021-05-13,3.5632433384009947
2021-05-14,3.7162299568558876
2021-05-17,3.840271315069138
2021-05-18,3.768260836399105
2021-05-19,3.617777348508066
2021-05-20,3.6040815066615646
2021-05-21,3.610374540164307
2021-05-24,3.6672131376940174
2021-05-25,3.583024622753696
2021-05-26,3.646276483247505
2021-05-27,3.6928330830197593
2021-05-28,3.7065147017325155
2021-06-01,3.9035642582129673
2021-06-02,3.8533298235122637
2021-06-03,3.8536008526668204
2021-06-04,3.8732614777166856
2021-06-07,3.8539699797056515
2021-06-08,3.892989065393517
2021-06-09,3.8225435760886772
2021-06-10,3.791744343259195
2021-06-11,3.811411349073119
2021-06-14,3.767579411750546
2021-06-15,3.827258630260066
2021-06-16,3.7953737190968018
2021-06-17,3.6739947174004977
2021-06-18,3.6206555345337947
2021-06-21,3.7555582289902816
2021-06-22,3.777723600167749
2021-06-23,3.8215339035084077
2021-06-24,3.879144278841471
2021-06-25,3.9332976788877514
2021-06-28,3.771046245127371
2021-06-29,3.7705023380242313
2021-06-30,3.830696084929615
2021-07-01,3.93901210073083
2021-07-02,3.9031283632823044
2021-07-06,3.7533137379144166
2021-07-07,3.724813474328974
2021-07-08,3.666436258143273
2021-07-09,3.7537249259736925
2021-07-12,3.777396152383611
2021-07-13,3.7576942185871713
2021-07-14,3.697707459950835
2021-07-15,3.681990254017902
2021-07-16,3.642098408314777
2021-07-19,3.6171389396283993
2021-07-20,3.667348394463316
2021-07-21,3.687967455668175
2021-07-22,3.718562265522651
2021-07-23,3.811166882007909
2021-07-26,3.7997666077311756
2021-07-27,3.7796339480399426
2021-07-28,3.8187995011708424
2021-07-29,3.8303647839469503
2021-07-30,3.851061246412514
2021-08-02,3.82224682685685
2021-08-03,4.067851190850912
2021-08-04,4.120906983293656
2021-08-05,4.084931975603726
2021-08-06,4.115205447642426
2021-08-09,4.274579790834851
2021-08-10,4.316242796054894
2021-08-11,4.222938907174695
2021-08-12,4.282740521044109
2021-08-13,4.282246299269418
2021-08-16,4.22440250309282
2021-08-17,4.227648781261066
2021-08-18,4.1824970992990576
2021-08-19,4.123524384804877
2021-08-20,4.144961809481246
2021-08-23,4.25104962833658
2021-08-24,4.212875147449678
2021-08-25,4.22875940260966
2021-08-26,4.222130230026853
2021-08-27,4.228450872838241
2021-08-30,4.214147383047188
2021-08-31,4.185452177167977
2021-09-01,4.191945681397905
2021-09-02,4.224593731538667
2021-09-03,4.299579368629648
2021-09-07,4.3183977056406
2021-09-08,4.2591090993983585
2021-09-09,4.318968508597507
2021-09-10,4.3046406051415715
2021-09-13,4.161041955394208
2021-09-14,4.179126055549631
2021-09-15,4.2237959818328275
2021-09-16,4.239983191931656
2021-09-17,4.1679625242833405
2021-09-20,4.108907542214783
2021-09-21,4.135712818943204
2021-09-22,4.206902370487393
2021-09-23,4.31078167775856
2021-09-24,4.257166044715882
2021-09-27,4.114626554507676
2021-09-28,3.9464527101505196
2021-09-29,3.956317526575016
2021-09-30,3.969646345555861
2021-10-01,3.9277074287217806
2021-10-04,3.8768787123153134
2021-10-05,3.981729693224042
2021-10-06,3.865367994321312
2021-10-07,3.901111957565827
2021-10-08,3.8848518824151044
2021-10-11,3.8612965352200677
2021-10-12,3.8619798772139813
2021-10-13,3.9118080986847894
2021-10-14,3.99924202368101
2021-10-15,3.9849833798244125
2021-10-18,4.053526185158619
2021-10-19,4.047152154248992
2021-10-20,4.0884890058605645
2021-10-21,4.082672003165216
2021-10-22,4.090895703142924
2021-10-25,4.149953863560376
2021-10-26,4.149287366463868
2021-10-27,4.066868110675713
2021-10-28,4.15095144813293
2021-10-29,4.192080761801246
2021-11-01,4.181360335331595
2021-11-02,4.336126539099591
2021-11-03,4.339399310792948
2021-11-04,4.324429669423241
2021-11-05,4.176773562515348
2021-11-08,4.23441323682721
2021-11-09,4.121526293110612
2021-11-10,3.9683654133016106
2021-11-11,4.032845884850231
2021-11-12,4.031881930435019
2021-11-15,3.995433753278747
2021-11-16,4.090848233554016
2021-11-17,4.071758025497376
2021-11-18,4.157859572917872
2021-11-19,4.187858059789641
2021-11-22,4.118164679666463
2021-11-23,4.003538310583413
2021-11-24,4.1066018381582525
2021-11-26,3.958255710022001
2021-11-29,4.1002657131393105
2021-11-30,4.002950310959313
2021-12-01,3.7979679514742757
2021-12-02,3.791693388217344
2021-12-03,3.6693855634799273
2021-12-06,3.5688064071765213
2021-12-07,3.75678394632631
2021-12-08,3.753701712370569
2021-12-09,3.5852578784242914
2021-12-10,3.6222391130211387
2021-12-13,3.4340497682361013
2021-12-14,3.4197720928315793
2021-12-15,3.554570132628398
2021-12-16,3.476104702985743
2021-12-17,3.4208405877386854
2021-12-20,3.362052322012741
2021-12-21,3.4594749204614534
2021-12-22,3.5158747345892967
2021-12-23,3.579532371628415
2021-12-27,3.700674456191664
2021-12-28,3.657288866967084
2021-12-29,3.6281381209831074
2021-12-30,3.563213215847124
2021-12-31,3.5625190446356827
2022-01-03,3.6754515070549267
2022-01-04,3.6842718321673193
2022-01-05,3.5374804725990043
2022-01-06,3.561204286788071
2022-01-07,3.5226270640027986
2022-01-10,3.5166821900340457
2022-01-11,3.643767875460471
2022-01-12,3.6927305732460827
2022-01-13,3.6179930487895575
2022-01-14,3.693354848027061
2022-01-18,3.6227917441850117
2022-01-19,3.5287032176473283
2022-01-20,3.442805602064774
2022-01-21,3.3045133404187514
2022-01-24,3.348066982633009
2022-01-25,3.505620210001499
2022-01-26,3.513409364525353
2022-01-27,3.5458151670318476
2022-01-28,3.544581639316595
2022-01-31,3.5244618684834825
2022-02-01,3.6405372768957847
2022-02-02,3.661774086612027
2022-02-03,3.625190383286085
2022-02-04,3.659928588657974
2022-02-07,3.608191720627038
2022-02-08,3.5045774031834216
2022-02-09,3.5782758029244173
2022-02-10,3.576773283870133
2022-02-11,3.6876448121242653
2022-02-14,3.5548865255858964
2022-02-15,3.501071992860734
2022-02-16,3.5678441989109273
2022-02-17,3.577971711437581
2022-02-18,3.5548688138662823
2022-02-22,3.4424350297027497
2022-02-23,3.476528473036194
2022-02-24,3.527561625622961
2022-02-25,3.610068606818427
2022-02-28,3.7942974483234124
2022-03-01,3.839177272524425
2022-03-02,3.8710669818153187
2022-03-03,3.8852924688039634
2022-03-04,4.1120013912050455
2022-03-07,4.142075643096071
2022-03-08,4.0768044146322415
2022-03-09,4.057158828169179
2022-03-10,4.21941472724114
2022-03-11,4.1692274987430284
2022-03-14,3.9582212572520312
2022-03-15,3.933518940729053
2022-03-16,3.8390687480367234
2022-03-17,4.111162344751706
2022-03-18,4.125498925082664
2022-03-21,4.397275133951718
2022-03-22,4.32757016383411
2022-03-23,4.410769913031608
2022-03-24,4.41193467110984
2022-03-25,4.518115910353552
2022-03-28,4.341161786711393
2022-03-29,4.233420415650995
2022-03-30,4.280470250282434
2022-03-31,4.276100210984654
2022-04-01,4.295248161585268
2022-04-04,4.339242506465554
2022-04-05,4.265355201746222
2022-04-06,4.263809286201538
2022-04-07,4.353298326502401
2022-04-08,4.5511560385477585
2022-04-11,4.4173542363231215
2022-04-12,4.517809392329288
2022-04-13,4.565709771931805
2022-04-14,4.580905327736718
2022-04-18,4.652040491616113
2022-04-19,4.615667053672698
2022-04-20,4.596312711189446
2022-04-21,4.367910928185767
2022-04-22,4.176747877071742
2022-04-25,4.08942892170367
2022-04-26,4.098950219873137
2022-04-27,4.1470266958295365
2022-04-28,4.198795077054064
2022-04-29,4.066626751770732
2022-05-02,4.108182321895773
2022-05-03,4.242098702106951
2022-05-04,4.380240484748697
2022-05-05,4.320122813461035
2022-05-06,4.399176348076625
2022-05-09,3.941657472357057
2022-05-10,4.045944725517176
2022-05-11,4.108649118388639
2022-05-12,4.1006570948284145
2022-05-13,4.345505394475551
2022-05-16,4.482922945969439
2022-05-17,4.55620956543279
2022-05-18,4.334189978451587
2022-05-19,4.307058971809753
2022-05-20,4.259621301464955
2022-05-23,4.392513015078334
2022-05-24,4.371419532436991
2022-05-25,4.476132385109931
2022-05-26,4.573026593228916
2022-05-27,4.694310490266991
2022-05-31,4.600713749320429
2022-06-01,4.688120161234157
2022-06-02,4.667739649781186
2022-06-03,4.739315081737277
2022-06-06,4.744061605490853
2022-06-07,4.895996577980107
2022-06-08,4.870639048430181
2022-06-09,4.775652049997466
2022-06-10,4.6430378519290345
2022-06-13,4.335825941778832
2022-06-14,4.405702400276797
2022-06-15,4.278129288551943
2022-06-16,3.9678274329674186
2022-06-17,3.750969822054226
2022-06-21,3.90937482111594
2022-06-22,3.733488711812896
2022-06-23,3.596036361239428
2022-06-24,3.61661999833946
2022-06-27,3.7429059351842144
2022-06-28,3.8672575310297796
2022-06-29,3.699072124325609
2022-06-30,3.6277239765079674
2022-07-01,3.683568483081631
2022-07-05,3.541586876388919
2022-07-06,3.4977542687400796
2022-07-07,3.5868174938351314
2022-07-08,3.606815163967636
2022-07-11,3.5894316151192265
2022-07-12,3.5139677018272204
2022-07-13,3.4835124154197494
2022-07-14,3.439659220761922
2022-07-15,3.493662888504649
2022-07-18,3.461497569250197
2022-07-19,3.5625588310494196
2022-07-20,3.5631960677540357
2022-07-21,3.5059463454502082
2022-07-22,3.5056934016617562
2022-07-25,3.578525943965871
2022-07-26,3.50779279619926
2022-07-27,3.5380323174551944
2022-07-28,3.588908840478797
2022-07-29,3.6348035476579232
2022-08-01,3.6049505397096566
2022-08-02,3.5980064030231196
2022-08-03,3.5115826791040385
2022-08-04,3.4623607342903795
2022-08-05,3.5427576649355212
2022-08-08,3.546137746980617
2022-08-09,3.554476949985241
2022-08-10,3.621308909626798
2022-08-11,3.6777187663143596
2022-08-12,3.733401085766886
2022-08-15,3.710677114782422
2022-08-16,3.714831538965497
2022-08-17,3.6853073127096496
2022-08-18,3.7167815963625106
2022-08-19,3.776807883824245
2022-08-22,3.759681590459323
2022-08-23,3.861379185972307
2022-08-24,3.922525644509379
2022-08-25,4.008583807066456
2022-08-26,3.95645719843983
2022-08-29,3.943882115195579
2022-08-30,3.777757568246396
2022-08-31,3.763007020762293
2022-09-01,3.666203600112576
2022-09-02,3.682566154826056
2022-09-06,3.6924597141308926
2022-09-07,3.768637259304234
2022-09-08,3.831635959043493
2022-09-09,3.858618734415361
2022-09-12,3.842191677562658
2022-09-13,3.7620029365747913
2022-09-14,3.8131200647309615
2022-09-15,3.701963679381894
2022-09-16,3.6564545325347333
2022-09-19,3.6952017416067924
2022-09-20,3.6467898213635257
2022-09-21,3.597613516361388
2022-09-22,3.557575569131338
2022-09-23,3.475391602367575
2022-09-26,3.437511680615649
2022-09-27,3.4544084039914282
2022-09-28,3.542715174631948
2022-09-29,3.452408274398428
2022-09-30,3.4461724961774
2022-10-03,3.5214609238369046
2022-10-04,3.620535220359551
2022-10-05,3.5729630205056906
2022-10-06,3.590457427808998
2022-10-07,3.507893687796541
2022-10-10,3.4915812165292928
2022-10-11,3.4259804347270104
2022-10-12,3.3762720723880126
2022-10-13,3.5042977035493506
2022-10-14,3.3602269680923453
2022-10-17,3.44502807638677
2022-10-18,3.4662213170878298
2022-10-19,3.3830745636085293
2022-10-20,3.3743065750752512
2022-10-21,3.517267204034735
2022-10-24,3.5140816061969433
2022-10-25,3.5600553931078323
2022-10-26,3.6218333563631377
2022-10-27,3.6496307751606807
2022-10-28,3.6723118878987737
2022-10-31,3.658381833999229
2022-11-01,3.6439848830457753
2022-11-02,3.5036223055981672
2022-11-03,3.4895184633163674
2022-11-04,3.472839151892853
2022-11-07,3.489411760334807
2022-11-08,3.4539073035235885
2022-11-09,3.399782177802188
2022-11-10,3.529181411883493
2022-11-11,3.5258263273172608
2022-11-14,3.5280367647597126
2022-11-15,3.511572241385183
2022-11-16,3.4730241191832323
2022-11-17,3.4129637951272933
2022-11-18,3.429602490030979
2022-11-21,3.4494346150695128
2022-11-22,3.5094425913864473
2022-11-23,3.5266136366926593
2022-11-25,3.513524942590105
2022-11-28,3.4391335315812546
2022-11-29,3.426879059002453
2022-11-30,3.5830161748474265
2022-12-01,3.592551793623453
2022-12-02,3.589584494347877
2022-12-05,3.523670320917783
2022-12-06,3.506498044372345
2022-12-07,3.5238108820147698
2022-12-08,3.5847409177214615
2022-12-09,3.5113476927959395
2022-12-12,3.5235948617410724
2022-12-13,3.56150416460484
2022-12-14,3.628707012874281
2022-12-15,3.509830486292618
2022-12-16,3.4472252002571953
2022-12-19,3.412334896094159
2022-12-20,3.4180306680332646
2022-12-21,3.4759419510994802
2022-12-22,3.4326327671751002
2022-12-23,3.4131752715337083
2022-12-27,3.371828702443584
2022-12-28,3.300547744188158
2022-12-29,3.3617198134112884
2022-12-30,3.3686633514944027
2023-01-03,3.306630690193208
2023-01-04,3.3662130956264096
2023-01-05,3.365773788662471
2023-01-06,3.48612446511159
2023-01-09,3.499700930061798
2023-01-10,3.6200558703146086
2023-01-11,3.6239277769343348
2023-01-12,3.7366228893920455
2023-01-13,3.776715770536514
2023-01-17,3.744394000026602
2023-01-18,3.7078044082259716
2023-01-19,3.632284961032898
2023-01-20,3.677811655974236
2023-01-23,3.700917939336284
2023-01-24,3.6556217169069067
2023-01-25,3.6774921611830833
2023-01-26,3.7152713137348474
2023-01-27,3.707300879333502
2023-01-30,3.627914067984481
2023-01-31,3.7259828392313743
2023-02-01,3.780547039112418
2023-02-02,3.7457368318053077
2023-02-03,3.7456168309914726
2023-02-06,3.706666755710446
2023-02-07,3.768533080918619
2023-02-08,3.79140345284803
2023-02-09,3.7871682978109518
2023-02-10,3.762068461485594
2023-02-13,3.826113416104489
2023-02-14,3.8499368557879547
2023-02-15,3.8196545861006603
2023-02-16,3.804704988316378
2023-02-17,3.748028419606376
2023-02-21,3.7080774026917016
2023-02-22,3.7002942132354875
2023-02-23,3.667593120764511
2023-02-24,3.6398084296798268
2023-02-27,3.6725641695681013
2023-02-28,3.717836396608308
2023-03-01,3.777543467408531
2023-03-02,3.8220845156415435
2023-03-03,3.9316361748734776
2023-03-06,3.905734374912526
2023-03-07,3.8740082271486904
2023-03-08,3.904781873334043
2023-03-09,3.77368958975998
2023-03-10,3.6844371823790834
2023-03-13,3.6339733434381465
2023-03-14,3.713042981570482
2023-03-15,3.6312916354484277
2023-03-16,3.732352938398013
2023-03-17,3.691517061190501
2023-03-20,3.715500586465965
2023-03-21,3.781371066941796
2023-03-22,3.7156500593930004
2023-03-23,3.776915796070881
2023-03-24,3.78078671695236
2023-03-27,3.781910338299876
2023-03-28,3.7727337606423275
2023-03-29,3.8401239931424835
2023-03-30,3.868254632106494
2023-03-31,3.924728682079269
2023-04-03,3.9266722814650605
2023-04-04,3.8642920339158855
2023-04-05,3.7817383072915463
2023-04-06,3.793449627366897
2023-04-10,3.8154528958294462
2023-04-11,3.7990241715362076
2023-04-12,3.780060910504103
2023-04-13,3.806185367223195
2023-04-14,3.800477120559491
2023-04-17,3.809869863820826
2023-04-18,3.864232973612695
2023-04-19,3.8691100175114816
2023-04-20,3.862635488963925
2023-04-21,3.8931813357005436
2023-04-24,3.884233457844477
2023-04-25,3.806885246179391
2023-04-26,3.7753179640388774
2023-04-27,3.8336126603341922
2023-04-28,3.899739354666906
2023-05-01,3.9518042100424853
2023-05-02,3.8614299677360164
2023-05-03,3.7879062786899143
2023-05-04,3.748751092933037
2023-05-05,3.7942564464103317
2023-05-08,3.7994094757036456
2023-05-09,3.7649352706447328
2023-05-10,3.7980150542146807
2023-05-11,3.772816182351932
2023-05-12,3.7520648105279255
2023-05-15,3.807520536575641
2023-05-16,3.8057455714083415
2023-05-17,3.848878253389126
2023-05-18,3.918008936122878
2023-05-19,3.892276538302273
2023-05-22,3.881683211129668
2023-05-23,3.8059378778242103
2023-05-24,3.8004341439261946
2023-05-25,4.012661520534809
2023-05-26,4.097582520995476
2023-05-30,4.070207539271243
2023-05-31,3.9811043392463663
2023-06-01,4.062127958451417
2023-06-02,4.056725722916067
2023-06-05,4.037329990785224
2023-06-06,4.106777792533661
2023-06-07,4.014077685107151
2023-06-08,4.053848513113938
2023-06-09,4.072783991096911
2023-06-12,4.144279350810905
2023-06-13,4.146598503976337
2023-06-14,4.205173035377826
2023-06-15,4.253589465617665
2023-06-16,4.201056188151339
2023-06-20,4.2414854516022364
2023-06-21,4.175567052036496
2023-06-22,4.179621088410768
2023-06-23,4.157654806079394
2023-06-26,3.9784290167885348
2023-06-27,4.162525583444412
2023-06-28,4.249587171211778
2023-06-29,4.216927134502603
2023-06-30,4.377495568778442
2023-07-03,4.4374716953115865
2023-07-05,4.481686610854525
2023-07-06,4.42239041301034
2023-07-07,4.430339438631023
2023-07-10,4.441500014447755
2023-07-11,4.424157210639221
2023-07-12,4.404467254961135
2023-07-13,4.458327021385165
2023-07-14,4.430959047203625
2023-07-17,4.540986216461484
2023-07-18,4.596034862292245
2023-07-19,4.579742091115437
2023-07-20,4.381056416143712
2023-07-21,4.342065284801648
2023-07-24,4.3681858701518825
2023-07-25,4.364488453297671
2023-07-26,4.367063270148548
2023-07-27,4.406714421338974
2023-07-28,4.503944218507473
2023-07-31,4.50871071056159
2023-08-01,4.4612921780577475
2023-08-02,4.352195613817156
2023-08-03,4.334437530613803
2023-08-04,4.301272094342523
2023-08-07,4.424862700688915
2023-08-08,4.363888980501953
2023-08-09,4.2537029617713555
2023-08-10,4.229605488995436
2023-08-11,4.184690349817267
2023-08-14,4.298472914022197
2023-08-15,4.305183703813288
2023-08-16,4.240137492840488
2023-08-17,4.148936625896008
2023-08-18,4.155925335015899
2023-08-21,4.278955422872541
2023-08-22,4.2285256752082025
2023-08-23,4.287989004689008
2023-08-24,4.183973237805111
2023-08-25,4.186410444025726
2023-08-28,4.214844665476268
2023-08-29,4.312967534588596
2023-08-30,4.313629643864395
2023-08-31,4.3791492155501865
2023-09-01,4.3277867517898105
2023-09-05,4.293077997801294
2023-09-06,4.257641935166063
2023-09-07,4.269430444085594
2023-09-08,4.271249599587913
2023-09-11,4.309064052474744
2023-09-12,4.2578701530568
2023-09-13,4.270769296553726
2023-09-14,4.312679112460298
2023-09-15,4.1848856513323796
2023-09-18,4.165806586213933
2023-09-19,4.190090638282737
2023-09-20,4.100401379390709
2023-09-21,4.010121336472103
2023-09-22,3.9892075729621963
2023-09-25,4.007332253594605
2023-09-26,3.9588317034510836
2023-09-27,3.9902466261881075
2023-09-28,4.055912048854066
2023-09-29,3.985117489452079
2023-10-02,3.9849162935218567
2023-10-03,3.8669556582528166
2023-10-04,3.917660340039624
2023-10-05,3.94422165073002
2023-10-06,4.060829008758082
2023-10-09,4.054232765332959
2023-10-10,4.10533086313787
2023-10-11,4.2071760957612305
2023-10-12,4.226820372570923
2023-10-13,4.142241375363104
2023-10-16,4.21009648607965
2023-10-17,4.172417723209095
2023-10-18,4.109073630600822
2023-10-19,4.057567833017341
2023-10-20,3.987924681293946
2023-10-23,4.020680969295997
2023-10-24,4.065479812534518
2023-10-25,3.9447703251565676
2023-10-26,3.8577329683593873
2023-10-27,3.8502680135492233
2023-10-30,3.916849756444868
2023-10-31,3.900532650862229
2023-11-01,4.00345610626004
2023-11-02,4.076165901821572
2023-11-03,4.088029306531944
2023-11-06,4.165907310845439
2023-11-07,4.157576850042384
2023-11-08,4.171210210832559
2023-11-09,4.167293303652643
2023-11-10,4.217023429609612
2023-11-13,4.223992692193364
2023-11-14,4.338364359677127
2023-11-15,4.276941121787079
2023-11-16,4.2808321990056
2023-11-17,4.299626194233371
2023-11-20,4.3488588421326275
2023-11-21,4.321195553363584
2023-11-22,4.322804388046433
2023-11-24,4.312074706587409
2023-11-27,4.32855414937221
2023-11-28,4.3261966631780835
2023-11-29,4.292300962513678
2023-11-30,4.286128953234247
2023-12-01,4.335401909357929
2023-12-04,4.279944532517537
2023-12-05,4.253523533166661
2023-12-06,4.182626455677432
2023-12-07,4.198179355143021
2023-12-08,4.242576946313565
2023-12-11,4.277824048728425
2023-12-12,4.302609673346562
2023-12-13,4.326716578458471
2023-12-14,4.323604772656582
2023-12-15,4.308091122344064
2023-12-18,4.279517984256581
2023-12-19,4.308831183989689
2023-12-20,4.243620419318388
2023-12-21,4.287080801533224
2023-12-22,4.306499568309498
2023-12-26,4.325861205967339
2023-12-27,4.32734485779789
2023-12-28,4.31751095253101
2023-12-29,4.283544063292556
2024-01-02,4.196873754727996
2024-01-03,4.132570657089493
2024-01-04,4.136726249254288
2024-01-05,4.154891885617568
2024-01-08,4.2526918628063894
2024-01-09,4.2471449469675235
2024-01-10,4.273171438135204
2024-01-11,4.296642851616378
2024-01-12,4.3225626694961035
2024-01-16,4.322557338509104
2024-01-17,4.299911817230215
2024-01-18,4.342527148012212
2024-01-19,4.390979274502866
2024-01-22,4.39933718259965
2024-01-23,4.390418121552507
2024-01-24,4.444953934460509
2024-01-25,4.522516647603843
2024-01-26,4.40830312779623
2024-01-29,4.447779089206159
2024-01-30,4.403448426723876
2024-01-31,4.312004289743245
2024-02-01,4.407292587996617
2024-02-02,4.46480841543671
2024-02-05,4.4418642728814435
2024-02-06,4.413661652247042
2024-02-07,4.5311988014292215
2024-02-08,4.563945305443917
2024-02-09,4.622876973274042
2024-02-12,4.586042167718573
2024-02-13,4.522915597539658
2024-02-14,4.7399637686979545
2024-02-15,4.757757815543414
2024-02-16,4.683696647560779
2024-02-20,4.573235894217105
2024-02-21,4.257487288388226
2024-02-22,4.503968587511685
2024-02-23,4.458292286436447
2024-02-26,4.4489344853463955
2024-02-27,4.448306641372452
2024-02-28,4.417924234131353
2024-02-29,4.556347684228368
2024-03-01,4.676828106357336
2024-03-04,4.708676743328756
2024-03-05,4.679834175531128
2024-03-06,4.7580852365980135
2024-03-07,4.843784784481743
2024-03-08,4.704088215116297
2024-03-11,4.596426840119279
2024-03-12,4.733326412453827
2024-03-13,4.664337680743773
2024-03-14,4.596987006066241
2024-03-15,4.596123296541403
2024-03-18,4.621111627411832
2024-03-19,4.621801902983518
2024-03-20,4.621423035621864
2024-03-21,4.740901736182996
2024-03-22,4.747494391877253
2024-03-25,4.8417186685843205
2024-03-26,4.7721559281358275
2024-03-27,4.762160865341737
2024-03-28,4.778815339995206
2024-04-01,4.843194334558503
2024-04-02,4.737227237929256
2024-04-03,4.821589013627659
2024-04-04,4.640523050989433
2024-04-05,4.728212589928697
2024-04-08,4.703001280482985
2024-04-09,4.626226650592614
2024-04-10,4.591595996994451
2024-04-11,4.718956777261346
2024-04-12,4.592412105254785
2024-04-15,4.524935081910368
2024-04-16,4.646855285605475
2024-04-17,4.556078971515171
2024-04-18,4.472394808048651
2024-04-19,4.117964445619785
2024-04-22,4.188549874330527
2024-04-23,4.36226026582739
2024-04-24,4.31435797041729
2024-04-25,4.392907665077486
2024-04-26,4.544990398473845
2024-04-29,4.608158331211845
2024-04-30,4.553311903858366
2024-05-01,4.377254372165654
2024-05-02,4.476568744223603
2024-05-03,4.508287601022223
2024-05-06,4.644104767538395
2024-05-07,4.572894380342647
2024-05-08,4.613105742906445
2024-05-09,4.601594593680987
2024-05-10,4.60298840965588
2024-05-13,4.523659570755109
2024-05-14,4.5909720802034695
2024-05-15,4.854498503957212
2024-05-16,4.716424740366474
2024-05-17,4.684651442296821
2024-05-20,4.693689672550085
2024-05-21,4.779507018433539
2024-05-22,4.867192077658124
2024-05-23,4.9535355670234935
2024-05-24,5.161622984354247
2024-05-28,5.152376399045396
2024-05-29,5.0261048343529175
2024-05-30,5.034398000930588
2024-05-31,4.810561259939391
2024-06-03,4.783347512274909
2024-06-04,4.708685073315548
2024-06-05,4.911468539854169
2024-06-06,4.77982863664989
2024-06-07,4.738565290544881
2024-06-10,4.8271530321721
2024-06-11,4.908984666081305
2024-06-12,4.965486764062514
2024-06-13,5.07790416173006
2024-06-14,4.96726365293179
2024-06-17,4.9130594879556515
2024-06-18,5.054461338780181
2024-06-20,4.97212316677116
2024-06-21,4.864952541241681
2024-06-24,4.717641073640097
2024-06-25,4.852881843772045
2024-06-26,4.732530894850433
2024-06-27,4.744756007696282
2024-06-28,4.629699961255854
2024-07-01,4.6722648724299
2024-07-02,4.690294864434944
2024-07-03,4.814476515465132
2024-07-05,4.739445693445672
2024-07-08,4.8867061322120735
2024-07-09,4.880278600107941
2024-07-10,4.95083679518307
2024-07-11,4.810701550747497
2024-07-12,4.849915675806697
2024-07-15,4.753195456918475
2024-07-16,4.680378835227841
2024-07-17,4.320789935072559
2024-07-18,4.355818748560465
2024-07-19,4.338138460002316
2024-07-22,4.4124027637629455
2024-07-23,4.398012009309791
2024-07-24,4.092408506888509
2024-07-25,4.049706456253423
2024-07-26,4.105765215675995
2024-07-29,4.096050514343944
2024-07-30,4.0183389131745715
2024-07-31,4.273549590106983
2024-08-01,4.165580680553388
2024-08-02,4.021655771453889
2024-08-05,3.8935058146129675
2024-08-06,4.008733297989426
2024-08-07,3.9981893501188015
2024-08-08,4.13923872905294
2024-08-09,4.1409592575737415
2024-08-12,4.139408298612739
2024-08-13,4.176590275694038
2024-08-14,4.168139984083271
2024-08-15,4.246004901223033
2024-08-16,4.232710026086517
2024-08-19,4.288901418458312
2024-08-20,4.257571089325831
2024-08-21,4.3330207680234665
2024-08-22,4.303565245310469
2024-08-23,4.380120163281214
2024-08-26,4.373495313268107
2024-08-27,4.381153668354676
2024-08-28,4.3025847041979866
2024-08-29,4.2800394215758155
2024-08-30,4.35184495604126
2024-09-03,4.174269879051946
2024-09-04,4.162827547742385
2024-09-05,4.140888012690602
2024-09-06,4.078068563368855
2024-09-09,4.106802781672912
2024-09-10,4.14281273594541
2024-09-11,4.159970118494231
2024-09-12,4.201036509815777
2024-09-13,4.199693900341039
2024-09-16,4.2225564958357475
2024-09-17,4.232442468010487
2024-09-18,4.240214500322196
2024-09-19,4.230729792471346
2024-09-20,4.253727140944309
2024-09-23,4.312798753593183
2024-09-24,4.3101585928397546
2024-09-25,4.333881205622885
2024-09-26,4.357064383577074
2024-09-27,4.3517772215688035
2024-09-30,4.388419162701682
2024-10-01,4.384898390337356
2024-10-02,4.409026535599266
2024-10-03,4.487527533943016
2024-10-04,4.590092546078611
2024-10-07,4.511619403528019
2024-10-08,4.567697342778284
2024-10-09,4.607203856233614
2024-10-10,4.579128456392799
2024-10-11,4.620364818530494
2024-10-14,4.704598671357009
2024-10-15,4.657199859417156
2024-10-16,4.727679658094287
2024-10-17,4.6400443195530245
2024-10-18,4.676843169585679
2024-10-21,4.71983410367919
2024-10-22,4.69866392247041
2024-10-23,4.6721284511296695
2024-10-24,4.752479360140039
2024-10-25,4.7681788861291965
2024-10-28,4.787194241935398
2024-10-29,4.8164501342635395
2024-10-30,4.759467140443216
2024-10-31,4.654245846325562
2024-11-01,4.637365364281456
2024-11-04,4.626556093752988
2024-11-05,4.965042607080406
2024-11-06,5.125876717259926
2024-11-07,5.123799171677886
2024-11-08,5.300506366168307
2024-11-11,5.481780927905362
2024-11-12,5.286082278346708
2024-11-13,5.327207146089608
2024-11-14,5.1983913799886485
2024-11-15,5.337116752636124
2024-11-18,5.3133070559291635
2024-11-19,5.456394464406417
2024-11-20,5.453592020702572
2024-11-21,5.459865365174147
2024-11-22,5.582838778571593
2024-11-25,5.452789731047364
2024-11-26,5.521338647696744
2024-11-27,5.546209158104532
2024-11-29,5.572439701089051
2024-12-02,5.505268093880783
2024-12-03,5.6525321617948165
2024-12-04,5.591502740621949
2024-12-05,5.645182525521676
2024-12-06,5.761195045976047
2024-12-09,5.588850534860465
2024-12-10,5.534376754652339
2024-12-11,5.728482370056993
2024-12-12,5.630027312916811
2024-12-13,5.735546514506091
2024-12-16,5.831952047957449
2024-12-17,5.79218302333957
2024-12-18,5.521336744418518
2024-12-19,5.667967890306656
2024-12-20,5.812608659218106
2024-12-23,5.858486316735253
2024-12-24,6.010324183382799
2024-12-26,5.954037865212862
2024-12-27,5.779990069150964
2024-12-30,5.672380885223691
2024-12-31,5.576574423126523
2025-01-02,5.520789222657136
2025-01-03,5.666273824500153
2025-01-06,5.642840061027235
2025-01-07,5.554877268286418
2025-01-08,5.561977677064404
2025-01-10,5.615253853498429
2025-01-13,5.516615014378418
2025-01-14,5.689492583657572
2025-01-15,5.703823798683637
2025-01-16,5.79062153020677
2025-01-17,5.8716168345675
2025-01-21,6.091712663701425
2025-01-22,6.176571038259161
2025-01-23,6.228674015605092
2025-01-24,6.192445749248409
2025-01-27,5.429464187994257
2025-01-28,5.752441448980348
2025-01-29,5.808026931949098
2025-01-30,6.119436531889226
2025-01-31,6.00687102927824
2025-02-03,5.995743353304687
2025-02-04,6.314982310870911
2025-02-05,6.372206421566287
2025-02-06,6.517153027876152
2025-02-07,6.50128127161881
2025-02-10,6.567265693836069
2025-02-11,6.478277889733722
2025-02-12,6.586192181530462
2025-02-13,6.568269136531859
2025-02-14,6.647676399214962
2025-02-18,6.748535363170301
2025-02-19,6.6664146667371424
2025-02-20,6.416324874504573
2025-02-21,6.033021697589691
2025-02-24,5.8184087714827015
2025-02-25,5.732248429792322
2025-02-26,5.946004790418218
2025-02-27,5.614220297803153
2025-02-28,5.672636673477249
2025-03-03,5.486624111082635
2025-03-04,5.3358585813596475
2025-03-05,5.516076491886393
2025-03-06,5.158685642336079
2025-03-07,5.176932063903124
2025-03-10,4.8298952644476625
2025-03-11,4.829591474842689
2025-03-12,4.87295957093437
2025-03-13,4.712046538635565
2025-03-14,4.937031916857646
2025-03-17,5.008267732561857
2025-03-18,4.971232466234682
2025-03-19,5.126049253925249
2025-03-20,5.10443239184438
2025-03-21,5.064572102061648
2025-03-24,5.2668811759757785
2025-03-25,5.233344264442665
2025-03-26,5.115132833775075
2025-03-27,4.993360937180078
2025-03-28,4.888015970675801
2025-03-31,4.886015595432833
2025-04-01,4.949021886548658
2025-04-02,5.0771128991292
2025-04-03,4.687624171613515
2025-04-04,4.317827839688378
2025-04-07,4.337214464194796
2025-04-08,4.2661772488799645
2025-04-09,4.661949454555192
2025-04-10,4.539367464619235
2025-04-11,4.600668116087546
2025-04-14,4.664485127706546
2025-04-15,4.745554405348929
2025-04-16,4.662871208503981
2025-04-17,4.710705171774351
2025-04-21,4.616277482780608
2025-04-22,4.754651583836676
2025-04-23,4.8777659989073525
2025-04-24,5.068557229275708
2025-04-25,5.141775998761267
2025-04-28,5.1773371643922435
2025-04-29,5.236424240337976
2025-04-30,5.292702178156402
2025-05-01,5.27380867556791
2025-05-02,5.354627236766929
2025-05-05,5.340575599334205
2025-05-06,5.218365304268306
2025-05-07,5.295186843211673
2025-05-08,5.396739602611021
2025-05-09,5.381197003979458
2025-05-12,5.4594109762868435
2025-05-13,5.644388661966598
2025-05-14,5.616157554949312
2025-05-15,5.594551593046597
2025-05-16,5.6921980597145065
2025-05-19,5.639572315334568
2025-05-20,5.566783577529787
2025-05-21,5.431826629836424
2025-05-22,5.437736177388593
2025-05-23,5.437619532676583
2025-05-27,5.462393829418127
2025-05-28,5.461603703577686
2025-05-29,5.452951364880466
2025-05-30,5.560994567910187
2025-06-02,5.642489421702088
2025-06-03,5.707737602314186
2025-06-04,5.645762995626257
2025-06-05,5.564933550228138
2025-06-06,5.588685245998245
2025-06-09,5.575323463589527
2025-06-10,5.4802079874682414
2025-06-11,5.55026677194729
2025-06-12,5.569878577465871
2025-06-13,5.587072097327701
2025-06-16,5.652001166545944
2025-06-17,5.616298063707953
2025-06-18,5.655651359615831
2025-06-20,5.657096544432561
2025-06-23,5.740986614633441
2025-06-24,5.784468776953656
2025-06-25,5.739177246974597
2025-06-26,5.861112507663327
2025-06-27,5.791204599985293
2025-06-30,5.860589584909398
2025-07-01,5.731355654433368
2025-07-02,5.744182937655905
2025-07-03,5.772472630413224
2025-07-07,5.808464832848104
2025-07-08,5.673650765212044
2025-07-09,5.71909600230741
2025-07-10,5.754701931043215
2025-07-11,5.781765922033436
2025-07-14,5.899897383629675
2025-07-15,5.8298998063332865
2025-07-16,5.840718619912938
2025-07-17,5.844630984279347
2025-07-18,5.825402799437774
2025-07-21,5.794662141671373
2025-07-22,5.76268723658908
2025-07-23,5.890593328620586
2025-07-24,5.887222208816741
2025-07-25,5.991159107939683
2025-07-28,6.058247217508947
2025-07-29,5.990014955934177
2025-07-30,6.119620852476698
2025-07-31,6.081403802995627
2025-08-01,5.969866501942891
2025-08-04,6.110941255355503
2025-08-05,6.123471019924997
2025-08-06,5.7701462365312945
2025-08-07,5.786708857668355
2025-08-08,5.839507995800371
2025-08-11,5.818804166614827
2025-08-12,5.909622195524492
2025-08-13,5.931644172758379
2025-08-14,5.852706810584364
2025-08-15,5.778765311206641
2025-08-18,5.786678834165585
2025-08-19,5.706261663125373
2025-08-20,5.721766786670079
2025-08-21,5.672757219569338
2025-08-22,5.7282743243983685
2025-08-25,5.759859781826231
2025-08-26,5.8731267512933325
2025-08-27,5.852798249350368
2025-08-28,5.948728190586789
2025-08-29,5.855251768152516
2025-09-02,5.868062782135551
2025-09-03,5.913972155187851
2025-09-04,6.072598994236035
2025-09-05,6.053515089684774
2025-09-08,6.154182315721355
2025-09-09,6.215901651942117
2025-09-10,6.405135051704466
2025-09-11,6.316506385318526
2025-09-12,6.302994721612035
2025-09-15,6.508208837403942
2025-09-16,6.506031766838104
2025-09-17,6.443050645793321
2025-09-18,6.5414184518294824
2025-09-19,6.708639459988055
2025-09-22,6.888142292323525
2025-09-23,6.848200442592052
2025-09-24,6.778699560113422
2025-09-25,6.551192911789558
2025-09-26,6.525860716109585
2025-09-29,6.940101857526197
2025-09-30,7.134747537946987
2025-10-01,7.333951733805473
2025-10-02,7.375903075015847
2025-10-03,7.281449511802116
2025-10-06,6.923240001482456
2025-10-07,6.8403150285107746
2025-10-08,6.979424324261335
2025-10-09,6.877969329735227
2025-10-10,6.479223609472697
2025-10-13,6.655277407819647
2025-10-14,6.495357178038118
2025-10-15,6.67925698863772
2025-10-16,6.837684778330554
2025-10-17,6.8118216255559165
2025-10-20,6.829418769099465
2025-10-21,6.745299255109604
2025-10-22,6.620553460030585
2025-10-23,6.904713775609122
2025-10-24,7.162972714981502
2025-10-27,7.18155708899217
2025-10-28,7.122186597571023
2025-10-29,7.623393607481295
2025-10-30,7.458453091092919
2025-10-31,7.620938439959623
2025-11-03,7.838553004821534
2025-11-04,7.489455487452805
2025-11-05,7.921803673206961
2025-11-06,7.780904574489188
2025-11-07,7.7673243888552435
2025-11-10,8.131988094524342
2025-11-11,7.938187789195262
2025-11-12,7.890962078996235
2025-11-13,7.5679021136850615
2025-11-14,7.67086384513054
2025-11-17,7.645808845794137
2025-11-18,7.423102765825054
2025-11-19,7.435717496219606
2025-11-20,6.921385420911325
2025-11-21,6.9561060512036095
2025-11-24,7.27639783463647
2025-11-25,7.393243369703523
2025-11-26,7.620467420397283
2025-11-28,7.784113255318298
2025-12-01,7.734230819121903
2025-12-02,7.690750843995397
2025-12-03,7.517747031738765
2025-12-04,7.695471689573917
2025-12-05,8.063240416259072
2025-12-08,8.207054876779203
2025-12-09,8.251808840438494
2025-12-10,8.688741786774314
2025-12-11,8.853462299365708
2025-12-12,8.305039131631785
2025-12-15,8.21209722570314
2025-12-16,8.245514164064803
2025-12-17,7.991438982270231
2025-12-18,8.303391184448852
2025-12-19,8.579722301970344
2025-12-22,8.541433235054308
2025-12-23,8.616858531544075
2025-12-24,8.693413919451112
2025-12-26,8.674272190704146
2025-12-29,8.613064786356516
2025-12-30,8.518392206582524
2025-12-31,8.405907051271926
2026-01-02,9.006005833166517
2026-01-05,9.081731607948361
2026-01-06,10.126799473242396
2026-01-07,9.890570219403676
2026-01-08,9.519975062581087
2026-01-09,10.041357103903911
2026-01-12,10.212781676514053
2026-01-13,10.31056938351137
2026-01-14,10.32097704389861
2026-01-15,10.455399163846337
2026-01-16,10.508922354792496
2026-01-20,10.65781742184466
2026-01-21,11.336451274923585
2026-01-22,11.347238783996485
2026-01-23,11.155577203865656
2026-01-26,11.206685145122892
2026-01-27,11.640110618473752
2026-01-28,12.374399776858004
2026-01-29,12.410339114370151
2026-01-30,12.037436679841964
2026-02-02,12.79870349508834
2026-02-03,13.14221947533172
2026-02-04,11.997467747319833
2026-02-05,11.848589478594583
2026-02-06,12.610082182777449
2026-02-09,12.563514523235323
2026-02-10,12.137427901688985
2026-02-11,12.851925856213208
2026-02-12,12.985246016281238
2026-02-13,13.065843340707625
2026-02-17,12.802937236984862
2026-02-18,13.245650083243635
2026-02-19,13.280461974943842
2026-02-20,13.696344588585488
2026-02-23,13.69944193659108
2026-02-24,13.540905107983011
2026-02-25,13.982525893708909
2026-02-26,13.714974284455453
2026-02-27,13.554184160402231
2026-03-02,13.484489167627178
2026-03-03,12.503813013990834
2026-03-04,12.984134271149252
2026-03-05,12.458087749333044
2026-03-06,11.678054838912932
2026-03-09,12.34396810971205
2026-03-10,12.790923981727511
2026-03-11,13.09374227714809
2026-03-12,12.63238484873869
2026-03-13,13.045386031098257
2026-03-16,13.755610233605841
2026-03-17,14.261361125023802
2026-03-18,14.433081509355663
2026-03-19,14.729712032877172
2026-03-20,13.813597812716194
2026-03-23,13.97295851109771
2026-03-24,14.57949788441716
2026-03-25,14.445206668817113
2026-03-26,12.965086463607953
2026-03-27,13.183153097274117
2026-03-30,12.093207629727797
2026-03-31,13.074583977078872
2026-04-01,14.136616619697332
2026-04-02,14.647175761745764
2026-04-06,14.490981729359328
2026-04-07,14.780604898095023
2026-04-08,16.228640979326237
2026-04-09,16.486717425020018
2026-04-10,16.716804895249723
2026-04-13,16.958460028643085
2026-04-14,17.004419637638193
2026-04-15,16.66191087432127
2026-04-16,17.355914622667704
2026-04-17,17.743047277004077
2026-04-20,17.72924970470336
2026-04-21,17.531985288673088
2026-04-22,18.05168267117875
2026-04-23,17.878923120120653
2026-04-24,18.363879250663057
2026-04-27,18.290607411930093
2026-04-28,17.24480020585583
2026-04-29,17.283039705467473
2026-04-30,18.456724527289754
2026-05-01,19.28745155795428
2026-05-04,19.802301856089443
2026-05-05,20.7831225227639
2026-05-06,21.073290424596586
2026-05-07,20.081851922658682
2026-05-08,21.516026442668807
2026-05-11,22.78136072613358
2026-05-12,21.520964749123294
2026-05-13,21.911450461135907
2026-05-14,21.24271557492312
2026-05-15,20.576250506465307
2026-05-18,19.52119197736954
2026-05-19,19.864979150383302
2026-05-20,20.283325551915528
2026-05-21,21.500346614393898
2026-05-22,21.293712735573095
2026-05-26,22.54516121668531
2026-05-27,22.738243372053937
2026-05-28,22.60762578343255
2026-05-29,22.636351803473215
2026-06-01,23.680273168852477
2026-06-02,23.54898167747947
2026-06-03,24.117277251732535
2026-06-04,23.334209302716136
2026-06-05,20.966074976660835
2026-06-08,21.92868159571815
2026-06-09,21.445274774549322
2026-06-10,20.72249486350104
2026-06-11,22.5082883779943
2026-06-12,23.57037915527854
2026-06-15,25.703034330286478
2026-06-16,24.941886707192147
2026-06-17,25.64955747859527
2026-06-18,26.849897048489073
2026-06-22,27.612665251252132
