Date,momentum_3m_quarterly_n5,momentum_6m_quarterly_n5,momentum_12m_quarterly_n5,momentum_12m_skip_1m_quarterly_n5,risk_adjusted_momentum_quarterly_n5,low_vol_momentum_quarterly_n5,breakout_52w_quarterly_n5,drawdown_filtered_momentum_quarterly_n5,low_volatility_quarterly_n5,mean_reversion_rsi_quarterly_n5,high_liquidity_quarterly_n5,min_drawdown_quarterly_n5,spy_buy_and_hold
2020-01-02,1.0,1.0,1.0,1.0,1.0,1.0,1.0,1.0,1.0,1.0,1.0,1.0,1.0
2020-01-03,1.0,1.0,1.0,1.0,1.0,1.0,1.0,1.0,1.0,1.0,1.0,1.0,0.9924281429498346
2020-01-06,1.0,1.0,1.0,1.0,1.0,1.0,1.0,1.0,1.0,1.0,1.0,1.0,0.9962143291157189
2020-01-07,1.0,1.0,1.0,1.0,1.0,1.0,1.0,1.0,1.0,1.0,1.0,1.0,0.9934128460940417
2020-01-08,1.0,1.0,1.0,1.0,1.0,1.0,1.0,1.0,1.0,1.0,1.0,1.0,0.9987071584569251
2020-01-09,1.0,1.0,1.0,1.0,1.0,1.0,1.0,1.0,1.0,1.0,1.0,1.0,1.0054794015148452
2020-01-10,1.0,1.0,1.0,1.0,1.0,1.0,1.0,1.0,1.0,1.0,1.0,1.0,1.002585683086149
2020-01-13,1.0,1.0,1.0,1.0,1.0,1.0,1.0,1.0,1.0,1.0,1.0,1.0,1.009481181503616
2020-01-14,1.0,1.0,1.0,1.0,1.0,1.0,1.0,1.0,1.0,1.0,1.0,1.0,1.007941932297768
2020-01-15,1.0,1.0,1.0,1.0,1.0,1.0,1.0,1.0,1.0,1.0,1.0,1.0,1.0102196830976913
2020-01-16,1.0,1.0,1.0,1.0,1.0,1.0,1.0,1.0,1.0,1.0,1.0,1.0,1.0186229985431956
2020-01-17,1.0,1.0,1.0,1.0,1.0,1.0,1.0,1.0,1.0,1.0,1.0,1.0,1.021793526249269
2020-01-21,1.0,1.0,1.0,1.0,1.0,1.0,1.0,1.0,1.0,1.0,1.0,1.0,1.0197924816704025
2020-01-22,1.0,1.0,1.0,1.0,1.0,1.0,1.0,1.0,1.0,1.0,1.0,1.0,1.019915943142591
2020-01-23,1.0,1.0,1.0,1.0,1.0,1.0,1.0,1.0,1.0,1.0,1.0,1.0,1.0210856323824395
2020-01-24,1.0,1.0,1.0,1.0,1.0,1.0,1.0,1.0,1.0,1.0,1.0,1.0,1.0120049277410301
2020-01-27,1.0,1.0,1.0,1.0,1.0,1.0,1.0,1.0,1.0,1.0,1.0,1.0,0.9957832445262665
2020-01-28,1.0,1.0,1.0,1.0,1.0,1.0,1.0,1.0,1.0,1.0,1.0,1.0,1.006218109221562
2020-01-29,1.0,1.0,1.0,1.0,1.0,1.0,1.0,1.0,1.0,1.0,1.0,1.0,1.0053869599951852
2020-01-30,1.0,1.0,1.0,1.0,1.0,1.0,1.0,1.0,1.0,1.0,1.0,1.0,1.0086500322772396
2020-01-31,1.0,1.0,1.0,1.0,1.0,1.0,1.0,1.0,1.0,1.0,1.0,1.0,0.9903347599076285
2020-02-03,1.0,1.0,1.0,1.0,1.0,1.0,1.0,1.0,1.0,1.0,1.0,1.0,0.9976914353601901
2020-02-04,1.0,1.0,1.0,1.0,1.0,1.0,1.0,1.0,1.0,1.0,1.0,1.0,1.0128977046471805
2020-02-05,1.0,1.0,1.0,1.0,1.0,1.0,1.0,1.0,1.0,1.0,1.0,1.0,1.0245947001019846
2020-02-06,1.0,1.0,1.0,1.0,1.0,1.0,1.0,1.0,1.0,1.0,1.0,1.0,1.028042140141756
2020-02-07,1.0,1.0,1.0,1.0,1.0,1.0,1.0,1.0,1.0,1.0,1.0,1.0,1.0225629447395521
2020-02-10,1.0,1.0,1.0,1.0,1.0,1.0,1.0,1.0,1.0,1.0,1.0,1.0,1.030196738638453
2020-02-11,1.0,1.0,1.0,1.0,1.0,1.0,1.0,1.0,1.0,1.0,1.0,1.0,1.031982189394433
2020-02-12,1.0,1.0,1.0,1.0,1.0,1.0,1.0,1.0,1.0,1.0,1.0,1.0,1.038630867923844
2020-02-13,1.0,1.0,1.0,1.0,1.0,1.0,1.0,1.0,1.0,1.0,1.0,1.0,1.0375228063637694
2020-02-14,1.0,1.0,1.0,1.0,1.0,1.0,1.0,1.0,1.0,1.0,1.0,1.0,1.0391851048165228
2020-02-18,1.0,1.0,1.0,1.0,1.0,1.0,1.0,1.0,1.0,1.0,1.0,1.0,1.0365071863233546
2020-02-19,1.0,1.0,1.0,1.0,1.0,1.0,1.0,1.0,1.0,1.0,1.0,1.0,1.0414629586727666
2020-02-20,1.0,1.0,1.0,1.0,1.0,1.0,1.0,1.0,1.0,1.0,1.0,1.0,1.0371842663502977
2020-02-21,1.0,1.0,1.0,1.0,1.0,1.0,1.0,1.0,1.0,1.0,1.0,1.0,1.026503303161191
2020-02-24,1.0,1.0,1.0,1.0,1.0,1.0,1.0,1.0,1.0,1.0,1.0,1.0,0.9924587506770802
2020-02-25,1.0,1.0,1.0,1.0,1.0,1.0,1.0,1.0,1.0,1.0,1.0,1.0,0.9623849582292122
2020-02-26,1.0,1.0,1.0,1.0,1.0,1.0,1.0,1.0,1.0,1.0,1.0,1.0,0.9588453858387426
2020-02-27,1.0,1.0,1.0,1.0,1.0,1.0,1.0,1.0,1.0,1.0,1.0,1.0,0.9157816533366753
2020-02-28,1.0,1.0,1.0,1.0,1.0,1.0,1.0,1.0,1.0,1.0,1.0,1.0,0.9119343547726209
2020-03-02,1.0,1.0,1.0,1.0,1.0,1.0,1.0,1.0,1.0,1.0349020752427756,1.0271136682876223,1.0,0.9514267735374455
2020-03-03,1.0,1.0,1.0,1.0,1.0,1.0,1.0,1.0,1.0,0.9963251596448599,0.9872759760268801,1.0,0.9241853810074623
2020-03-04,1.0,1.0,1.0,1.0,1.0,1.0,1.0,1.0,1.0,1.0277898019311607,1.0307520461448305,1.0,0.9630314305289099
2020-03-05,1.0,1.0,1.0,1.0,1.0,1.0,1.0,1.0,1.0,0.9828321603772818,0.9983154611953371,1.0,0.9310186334072318
2020-03-06,1.0,1.0,1.0,1.0,1.0,1.0,1.0,1.0,1.0,0.9554544896123588,0.9779735778220766,1.0,0.9156278933062036
2020-03-09,1.0,1.0,1.0,1.0,1.0,1.0,1.0,1.0,1.0,0.8302348883626639,0.9111685565360659,1.0,0.8441226774197007
2020-03-10,1.0,1.0,1.0,1.0,1.0,1.0,1.0,1.0,1.0,0.8828983781812368,0.9670649270423525,1.0,0.8878012439310135
2020-03-11,1.0,1.0,1.0,1.0,1.0,1.0,1.0,1.0,1.0,0.8321067446706473,0.924983456457483,1.0,0.8445227420566251
2020-03-12,1.0,1.0,1.0,1.0,1.0,1.0,1.0,1.0,1.0,0.723934323715943,0.8348538613685242,1.0,0.763721021593185
2020-03-13,1.0,1.0,1.0,1.0,1.0,1.0,1.0,1.0,1.0,0.8063202985284506,0.9252702932723633,1.0,0.8290085404834087
2020-03-16,1.0,1.0,1.0,1.0,1.0,1.0,1.0,1.0,1.0,0.7053327484605489,0.8043266298659912,1.0,0.7382953783774651
2020-03-17,1.0,1.0,1.0,1.0,1.0,1.0,1.0,1.0,1.0,0.7208513870713888,0.8568337406524292,1.0,0.7781575116927705
2020-03-18,1.0,1.0,1.0,1.0,1.0,1.0,1.0,1.0,1.0,0.6413733274457633,0.8340750188239685,1.0,0.7387571222223233
2020-03-19,1.0,1.0,1.0,1.0,1.0,1.0,1.0,1.0,1.0,0.6694740706441581,0.8545858215697877,1.0,0.7403271337398977
2020-03-20,1.0,1.0,1.0,1.0,1.0,1.0,1.0,1.0,1.0,0.6559775721547783,0.8247218218215577,1.0,0.7084232156210301
2020-03-23,1.0,1.0,1.0,1.0,1.0,1.0,1.0,1.0,1.0,0.607377320003289,0.8291102962859741,1.0,0.6903101397526157
2020-03-24,1.0,1.0,1.0,1.0,1.0,1.0,1.0,1.0,1.0,0.7002801805970849,0.9038276042350403,1.0,0.7528544539705131
2020-03-25,1.0,1.0,1.0,1.0,1.0,1.0,1.0,1.0,1.0,0.7669017018554392,0.8880611552604308,1.0,0.7641247447294941
2020-03-26,1.0,1.0,1.0,1.0,1.0,1.0,1.0,1.0,1.0,0.7954653383968058,0.9314243010886779,1.0,0.8087420512659856
2020-03-27,1.0,1.0,1.0,1.0,1.0,1.0,1.0,1.0,1.0,0.7831761540172282,0.9003833275207154,1.0,0.7846528939451531
2020-03-30,1.0,1.0,1.0,1.0,1.0,1.0,1.0,1.0,1.0,0.7771193229434672,0.9436246185668579,1.0,0.8101353727217344
2020-03-31,1.0,1.0,1.0,1.0,1.0,1.0,1.0,1.0,1.0,0.7423610873696986,0.9380288559325806,1.0,0.7980597483447098
2020-04-01,1.0,1.0,1.0,1.0,1.0,1.0,1.0,1.0,1.0,0.6876070038078014,0.8949946125396362,1.0,0.7621432808515589
2020-04-02,1.0,1.0,1.0,1.0,1.0,1.0,1.0,1.0,1.0,0.6980991167781536,0.9106526058562865,1.0,0.7797299965620416
2020-04-03,1.0,1.0,1.0,1.0,1.0,1.0,1.0,1.0,1.0,0.6878727309224789,0.8925973845847716,1.0,0.7684594996904193
2020-04-06,1.0,1.0,1.0,1.0,1.0,1.0,1.0,1.0,1.0,0.7552306066749279,0.9604161009200681,1.0,0.82007396970474
2020-04-07,1.0,1.0,1.0,1.0,1.0,1.0,1.0,1.0,1.0,0.773499771952409,0.9538717399009337,1.0,0.8209102202189911
2020-04-08,1.0,1.0,1.0,1.0,1.0,1.0,1.0,1.0,1.0,0.814723545050401,0.9751110296615232,1.0,0.8484667589776489
2020-04-09,1.0,1.0,1.0,1.0,1.0,1.0,1.0,1.0,1.0,0.8489102164504713,0.9743794796355832,1.0,0.8613780670591606
2020-04-13,1.0,1.0,1.0,1.0,1.0,1.0,1.0,1.0,1.0,0.8343833633897488,0.996477264440881,1.0,0.8535137876990332
2020-04-14,1.0,1.0,1.0,1.0,1.0,1.0,1.0,1.0,1.0,0.8363210438726132,1.0420492268928156,1.0,0.8786864276474556
2020-04-15,1.0,1.0,1.0,1.0,1.0,1.0,1.0,1.0,1.0,0.7972107124087994,1.0370353070624934,1.0,0.8600158686122606
2020-04-16,1.0,1.0,1.0,1.0,1.0,1.0,1.0,1.0,1.0,0.775010618185777,1.0650890109428035,1.0,0.8641647099706584
2020-04-17,1.0,1.0,1.0,1.0,1.0,1.0,1.0,1.0,1.0,0.8139247630832379,1.0620028204330074,1.0,0.8875108312193053
2020-04-20,1.0,1.0,1.0,1.0,1.0,1.0,1.0,1.0,1.0,0.7951973612783139,1.0505879310973751,1.0,0.8718747140187108
2020-04-21,1.0,1.0,1.0,1.0,1.0,1.0,1.0,1.0,1.0,0.7697712491033261,1.0084212275870907,1.0,0.8454016578876429
2020-04-22,1.0,1.0,1.0,1.0,1.0,1.0,1.0,1.0,1.0,0.7848070427892392,1.0482843294509518,1.0,0.8641647099706584
2020-04-23,1.0,1.0,1.0,1.0,1.0,1.0,1.0,1.0,1.0,0.791336945771951,1.049962326372491,1.0,0.8641028246500831
2020-04-24,1.0,1.0,1.0,1.0,1.0,1.0,1.0,1.0,1.0,0.8010832391736692,1.0695416876205075,1.0,0.8761473260182588
2020-04-27,1.0,1.0,1.0,1.0,1.0,1.0,1.0,1.0,1.0,0.8237661546228117,1.0684766628631224,1.0,0.8887799698086208
2020-04-28,1.0,1.0,1.0,1.0,1.0,1.0,1.0,1.0,1.0,0.849264396762628,1.0447472636588682,1.0,0.8846930652989586
2020-04-29,1.0,1.0,1.0,1.0,1.0,1.0,1.0,1.0,1.0,0.8693238432882018,1.0831430395492185,1.0,0.9078530153042763
2020-04-30,1.0,1.0,1.0,1.0,1.0,1.0,1.0,1.0,1.0,0.8301915776965804,1.1060689526923764,1.0,0.8994000267121989
2020-05-01,1.0,1.0,1.0,1.0,1.0,1.0,1.0,1.0,1.0,0.8072649034497923,1.0678438983329404,1.0,0.8755902035486007
2020-05-04,1.0,1.0,1.0,1.0,1.0,1.0,1.0,1.0,1.0,0.8030574132678694,1.0883853428252803,1.0,0.8780053284240056
2020-05-05,1.0,1.0,1.0,1.0,1.0,1.0,1.0,1.0,1.0,0.8013031435725875,1.0976316842445004,1.0,0.8861175097635564
2020-05-06,1.0,1.0,1.0,1.0,1.0,1.0,1.0,1.0,1.0,0.7778662553785033,1.109877319658624,1.0,0.8801107690557326
2020-05-07,1.0,1.0,1.0,1.0,1.0,1.0,1.0,1.0,1.0,0.7995532270429321,1.1230909862884153,1.0,0.890731032071952
2020-05-08,1.0,1.0,1.0,1.0,1.0,1.0,1.0,1.0,1.0,0.8307861769197173,1.1374790409453976,1.0,0.9054690134377203
2020-05-11,1.0,1.0,1.0,1.0,1.0,1.0,1.0,1.0,1.0,0.808138746237535,1.1548529332526791,1.0,0.9056546178712858
2020-05-12,1.0,1.0,1.0,1.0,1.0,1.0,1.0,1.0,1.0,0.7890409186361023,1.1307975957282652,1.0,0.8876035819079277
2020-05-13,1.0,1.0,1.0,1.0,1.0,1.0,1.0,1.0,1.0,0.7469190244434065,1.120285500467645,1.0,0.8719056309149181
2020-05-14,1.0,1.0,1.0,1.0,1.0,1.0,1.0,1.0,1.0,0.7710992207048125,1.1338931077369323,1.0,0.8823398772722894
2020-05-15,1.0,1.0,1.0,1.0,1.0,1.0,1.0,1.0,1.0,0.7662605825898833,1.1557275733359924,1.0,0.8863958648857442
2020-05-18,1.0,1.0,1.0,1.0,1.0,1.0,1.0,1.0,1.0,0.8256245873210617,1.1746872573264708,1.0,0.9133952811747439
2020-05-19,1.0,1.0,1.0,1.0,1.0,1.0,1.0,1.0,1.0,0.8064596394775101,1.1795508950599303,1.0,0.9040136520769154
2020-05-20,1.0,1.0,1.0,1.0,1.0,1.0,1.0,1.0,1.0,0.8359872587201782,1.2099216845878233,1.0,0.9193710019300396
2020-05-21,1.0,1.0,1.0,1.0,1.0,1.0,1.0,1.0,1.0,0.8332904565332122,1.1957530330070127,1.0,0.9130239692512926
2020-05-22,1.0,1.0,1.0,1.0,1.0,1.0,1.0,1.0,1.0,0.8336597938058563,1.207179921854364,1.0,0.9147577887906061
2020-05-26,1.0,1.0,1.0,1.0,1.0,1.0,1.0,1.0,1.0,0.8754138466832825,1.1898562608131042,1.0,0.9260280280214268
2020-05-27,1.0,1.0,1.0,1.0,1.0,1.0,1.0,1.0,1.0,0.901710676622171,1.181176497019159,1.0,0.9398063489289161
2020-05-28,1.0,1.0,1.0,1.0,1.0,1.0,1.0,1.0,1.0,0.8895015275953002,1.175010464418756,1.0,0.9380726324459232
2020-05-29,1.0,1.0,1.0,1.0,1.0,1.0,1.0,1.0,1.0,0.8818530785081573,1.1925641024955382,1.0,0.9422524937568492
2020-06-01,0.9977790464469717,1.0,1.0,1.0,1.0,1.0,1.0,1.0,0.9908523089340256,0.9171699895029244,1.2031332950397173,1.0,0.9460608370316822
2020-06-02,1.0096102270194816,1.0,1.0,1.0,1.0,1.0,1.0,1.0,0.9957078885009814,0.9405315317278085,1.2085106159015337,1.0,0.9538945601927247
2020-06-03,1.002555261046581,1.0,1.0,1.0,1.0,1.0,1.0,1.0,0.9987810107162524,0.9608709448938547,1.2066708637042682,1.0,0.9665890377755016
2020-06-04,0.9895660570213126,1.0,1.0,1.0,1.0,1.0,1.0,1.0,1.016007135479741,0.9625851584558666,1.1955068576617878,1.0,0.9640497300336635
2020-06-05,0.9911078203269768,1.0,1.0,1.0,1.0,1.0,1.0,1.0,1.0184515641143848,1.0742263616686047,1.2190375453754108,1.0,0.988758307370012
2020-06-08,0.9970126035758781,1.0,1.0,1.0,1.0,1.0,1.0,1.0,1.0328826647689868,1.154255467045802,1.2234785220904987,1.0,1.000709542767962
2020-06-09,0.9992957117149162,1.0,1.0,1.0,1.0,1.0,1.0,1.0,1.023506831448369,1.1151272565965833,1.2547896259112994,1.0,0.9932478529246158
2020-06-10,1.008541738707714,1.0,1.0,1.0,1.0,1.0,1.0,1.0,1.019553520863347,1.0625809122209728,1.2815791003986041,1.0,0.9877053809415072
2020-06-11,0.9735667593070793,1.0,1.0,1.0,1.0,1.0,1.0,1.0,0.9752076567581224,0.9597264984255015,1.217852532558028,1.0,0.9307652179146523
2020-06-12,0.9721390008994865,1.0,1.0,1.0,1.0,1.0,1.0,1.0,0.9686623303344774,0.9905948482637583,1.2288993999286335,1.0,0.9419119956732845
2020-06-15,0.9924445371696281,1.0,1.0,1.0,1.0,1.0,1.0,1.0,0.969378040783696,1.00759245358755,1.2469726550861042,1.0,0.950705070123644
2020-06-16,1.0055671976157952,1.0,1.0,1.0,1.0,1.0,1.0,1.0,0.9802125657012986,1.0390910055284681,1.2643661212726276,1.0,0.9690041626509067
2020-06-17,1.0166675901481437,1.0,1.0,1.0,1.0,1.0,1.0,1.0,0.9806543137481736,1.0043313701753795,1.2717483768268267,1.0,0.9649787827646974
2020-06-18,1.024655512435131,1.0,1.0,1.0,1.0,1.0,1.0,1.0,0.974838131611638,1.016382817662257,1.2758126865192096,1.0,0.9653506099697523
2020-06-19,1.0370645895072745,1.0,1.0,1.0,1.0,1.0,1.0,1.0,0.9794995654037522,1.0205001218919931,1.2790725787921589,1.0,0.959833386785213
2020-06-22,1.0510323549339102,1.0,1.0,1.0,1.0,1.0,1.0,1.0,0.9827164214065598,1.0283151691560923,1.3042736758990925,1.0,0.9659913111154913
2020-06-23,1.052889347655468,1.0,1.0,1.0,1.0,1.0,1.0,1.0,0.9843725598266647,1.0268071794634044,1.317640333919112,1.0,0.9704382944096496
2020-06-24,1.0365503961631584,1.0,1.0,1.0,1.0,1.0,1.0,1.0,0.9707905835083054,0.9706018776064097,1.2899043506427448,1.0,0.9456836508979518
2020-06-25,1.0541253347465325,1.0,1.0,1.0,1.0,1.0,1.0,1.0,0.971218022625737,0.9892557634477794,1.3073198444171588,1.0,0.9558216103333352
2020-06-26,1.0497363412925529,1.0,1.0,1.0,1.0,1.0,1.0,1.0,0.9662844847610519,0.9681997694139659,1.2575386752887407,1.0,0.9331196426171705
2020-06-29,1.047248832900219,1.0,1.0,1.0,1.0,1.0,1.0,1.0,0.979900009243779,0.981074292195338,1.2712688541217485,1.0,0.9468344808311138
2020-06-30,1.070115660292797,1.0,1.0,1.0,1.0,1.0,1.0,1.0,0.9966191319397019,1.0037808735017957,1.302733281306807,1.0,0.958962663931691
2020-07-01,1.071740625197582,1.0,1.0,1.0,1.0,1.0,1.0,1.0,0.9988869896820115,0.9832439806108655,1.327505122737471,1.0,0.9656799779706825
2020-07-02,1.0813356096336173,1.0,1.0,1.0,1.0,1.0,1.0,1.0,1.008298275082402,0.9907676786546887,1.3284064990802444,1.0,0.9709978902310045
2020-07-06,1.0900422609397695,1.0,1.0,1.0,1.0,1.0,1.0,1.0,1.0232069704940843,1.0033788635378065,1.3708539890094436,1.0,0.9859875351319015
2020-07-07,1.09310132847517,1.0,1.0,1.0,1.0,1.0,1.0,1.0,1.0252696225097702,0.9700623823290052,1.362856488399092,1.0,0.9758184526876694
2020-07-08,1.1041012334892082,1.0,1.0,1.0,1.0,1.0,1.0,1.0,1.0330179863861129,0.9740754759912673,1.3952347141070995,1.0,0.9832822036574295
2020-07-09,1.1177038862296869,1.0,1.0,1.0,1.0,1.0,1.0,1.0,1.0299591950347946,0.9406365581636611,1.4169887347980175,1.0,0.9776841843174681
2020-07-10,1.1019451730796626,1.0,1.0,1.0,1.0,1.0,1.0,1.0,1.0351665636947678,0.9553546423082533,1.4180765048785837,1.0,0.9876668378775693
2020-07-13,1.0775378263541986,1.0,1.0,1.0,1.0,1.0,1.0,1.0,1.030272094815068,0.939156913960475,1.3807089862628612,1.0,0.9791149152176278
2020-07-14,1.099020038039379,1.0,1.0,1.0,1.0,1.0,1.0,1.0,1.0421198210647629,0.9695153255586806,1.394690138606611,1.0,0.9918031063648426
2020-07-15,1.1033980310508535,1.0,1.0,1.0,1.0,1.0,1.0,1.0,1.0459191899231004,0.9867289862756911,1.385624498347822,1.0,1.0009150370714215
2020-07-16,1.1035662885734367,1.0,1.0,1.0,1.0,1.0,1.0,1.0,1.051683714955144,0.9821313574915114,1.3740014072223339,1.0,0.9976187806541044
2020-07-17,1.1199320909568595,1.0,1.0,1.0,1.0,1.0,1.0,1.0,1.0570880614212084,0.9697493911867323,1.3714543399615917,1.0,1.0005105410127073
2020-07-20,1.1495867723533437,1.0,1.0,1.0,1.0,1.0,1.0,1.0,1.052465443318181,0.9634739811067762,1.4233365512653025,1.0,1.0085962368778405
2020-07-21,1.1392542131492422,1.0,1.0,1.0,1.0,1.0,1.0,1.0,1.0416950684478807,1.0041970985536757,1.4011025028033885,1.0,1.0107421786435993
2020-07-22,1.1484723638603018,1.0,1.0,1.0,1.0,1.0,1.0,1.0,1.0462571471145676,0.9998690829401197,1.4031750034137402,1.0,1.0164956069151634
2020-07-23,1.1455150598594472,1.0,1.0,1.0,1.0,1.0,1.0,1.0,1.0453207547119188,0.9950530341272534,1.3509962375445996,1.0,1.0043671146456241
2020-07-24,1.1382035764762686,1.0,1.0,1.0,1.0,1.0,1.0,1.0,1.0375096535614061,0.9858898436670483,1.3504944553180371,1.0,0.9978986816211025
2020-07-27,1.1578516569206045,1.0,1.0,1.0,1.0,1.0,1.0,1.0,1.0553792321136521,0.991917506135005,1.3738501834674512,1.0,1.00517579759409
2020-07-28,1.1486458658286856,1.0,1.0,1.0,1.0,1.0,1.0,1.0,1.0547950941970872,0.9752096594934644,1.352414448909346,1.0,0.9988004244271528
2020-07-29,1.173259887129955,1.0,1.0,1.0,1.0,1.0,1.0,1.0,1.0718302849700974,0.9944303254251662,1.3737003314777052,1.0,1.011084531740936
2020-07-30,1.1828242387840078,1.0,1.0,1.0,1.0,1.0,1.0,1.0,1.066373944943242,0.9633941729669753,1.3839110965533887,1.0,1.0074768391224893
2020-07-31,1.1898654058524893,1.0,1.0,1.0,1.0,1.0,1.0,1.0,1.0719840392044113,0.9793147867326918,1.4462780811114941,1.0,1.0154379398959066
2020-08-03,1.2181894735404777,1.0,1.0,1.0,1.0,1.0,1.0,1.0,1.082313337796025,0.9749163774614515,1.4732266437335644,1.0,1.0224979162011973
2020-08-04,1.210944515044384,1.0,1.0,1.0,1.0,1.0,1.0,1.0,1.0910113037994429,0.9984638176088514,1.4771402652545604,1.0,1.026447034410095
2020-08-05,1.2106496160575677,1.0,1.0,1.0,1.0,1.0,1.0,1.0,1.0902268076828048,1.0188893766527356,1.484941443233076,1.0,1.0328226136896737
2020-08-06,1.2138987989494134,1.0,1.0,1.0,1.0,1.0,1.0,1.0,1.0913906733444259,1.0154467571382702,1.5214714298053418,1.0,1.0397265627254375
2020-08-07,1.2017830286094475,1.0,1.0,1.0,1.0,1.0,1.0,1.0,1.10565537881165,1.0189927620058237,1.5030968417926465,1.0,1.0404727935435647
2020-08-10,1.1797477624961663,1.0,1.0,1.0,1.0,1.0,1.0,1.0,1.1053062949111985,1.0473573432092842,1.493467992000166,1.0,1.0435827241330715
2020-08-11,1.161731494719677,1.0,1.0,1.0,1.0,1.0,1.0,1.0,1.0988000338485764,1.0088976637964424,1.4548007816119823,1.0,1.0349682462864704
2020-08-12,1.1878464441367915,1.0,1.0,1.0,1.0,1.0,1.0,1.0,1.1082742539337205,1.0127194707040963,1.5009395648761423,1.0,1.049398192309692
2020-08-13,1.1947544839927484,1.0,1.0,1.0,1.0,1.0,1.0,1.0,1.1126489695480393,0.9984943260317025,1.5076033893390328,1.0,1.047501131558403
2020-08-14,1.188889230544262,1.0,1.0,1.0,1.0,1.0,1.0,1.0,1.1128332240036056,1.0003810580377754,1.5095467914386422,1.0,1.0475322545672519
2020-08-17,1.2118421484062003,1.0,1.0,1.0,1.0,1.0,1.0,1.0,1.1184057795455977,0.9958474565630135,1.5346187106891305,1.0,1.0508596339934178
2020-08-18,1.2075373666831777,1.0,1.0,1.0,1.0,1.0,1.0,1.0,1.1160654282501266,0.9894111352091012,1.5505877673907906,1.0,1.0531301708508924
2020-08-19,1.207859871871166,1.0,1.0,1.0,1.0,1.0,1.0,1.0,1.1185291924408005,0.9773283575182137,1.541324106196943,1.0,1.0487450213491492
2020-08-20,1.2153099546500965,1.0,1.0,1.0,1.0,1.0,1.0,1.0,1.1174641396453904,0.9660029791002449,1.5658776202960638,1.0,1.052010360870259
2020-08-21,1.206979221541576,1.0,1.0,1.0,1.0,1.0,1.0,1.0,1.1203386139801073,0.9544663915758308,1.5928380176349308,1.0,1.055742236355139
2020-08-24,1.2066708921500964,1.0,1.0,1.0,1.0,1.0,1.0,1.0,1.1346438246658372,0.9710954445963081,1.6059914371295596,1.0,1.0664403068934805
2020-08-25,1.2193350851127427,1.0,1.0,1.0,1.0,1.0,1.0,1.0,1.1311386490753221,0.9703615576868233,1.6214913135333684,1.0,1.07017207932204
2020-08-26,1.2270531854697984,1.0,1.0,1.0,1.0,1.0,1.0,1.0,1.1404096976211595,0.9578763515596566,1.6675334140582707,1.0,1.080901066756589
2020-08-27,1.2154181680747789,1.0,1.0,1.0,1.0,1.0,1.0,1.0,1.1333431376388599,0.9624111533289131,1.6508238788409857,1.0,1.0832647665279689
2020-08-28,1.205914061934642,1.0,1.0,1.0,1.0,1.0,1.0,1.0,1.1235153355529834,0.9884298339014229,1.6680584857745795,1.0,1.0902620845902793
2020-08-31,1.2262048128196517,1.0,1.0,1.0,1.0,1.0,1.0,1.0,1.1200646426132252,0.976789131367701,1.686173939876142,1.0,1.0863120388744956
2020-09-01,1.243316692414308,1.0050626945220031,1.0,1.0,1.0,1.012923232257526,1.0,1.0,1.1164781449217795,0.9621567623811721,1.7218823439494444,1.0089925379085671,1.0965438826180287
2020-09-02,1.2420020821237805,1.018869266863922,1.0,1.0,1.0,1.0298887489201234,1.0,1.0,1.1373628819365502,0.9759714838701248,1.7464129973307918,1.0223899814891946,1.112404250372448
2020-09-03,1.172679393067384,0.9531846247397461,1.0,1.0,1.0,0.9730359542729066,1.0,1.0,1.1175300366301537,0.9665089504915236,1.635014655961163,0.9839268293666971,1.0741220219815033
2020-09-04,1.1887314125681163,0.9341561856947938,1.0,1.0,1.0,0.9452240997196839,1.0,1.0,1.1141222268004418,0.9561951745706557,1.6035980223552058,0.9678168304729593,1.0653517229780167
2020-09-08,1.1480727417612315,0.9046683046065369,1.0,1.0,1.0,0.917841497790973,1.0,1.0,1.094780993356228,0.9252611247735976,1.5197988203898738,0.9298586832332743,1.0362434651987074
2020-09-09,1.1817517609262707,0.9429716924391784,1.0,1.0,1.0,0.9551859901310609,1.0,1.0,1.112563848962307,0.926641393442726,1.579074696244366,0.9608572260189188,1.0567063282352083
2020-09-10,1.1569201126718762,0.9259067478858032,1.0,1.0,1.0,0.9395015472294496,1.0,1.0,1.0958049507994652,0.9113655829149245,1.5345325011149715,0.9385198808956278,1.0383582839556174
2020-09-11,1.1662766930246593,0.911321270342926,1.0,1.0,1.0,0.924272471606891,1.0,1.0,1.1003501767058372,0.9268103127199172,1.5176234618083309,0.9375383642482888,1.0388867567681233
2020-09-14,1.183941799225831,0.9333919390402831,1.0,1.0,1.0,0.9363537017704652,1.0,1.0,1.1067024022002219,0.9328284819322584,1.544435322465069,0.9494561447429788,1.0525700597479348
2020-09-15,1.190187795319581,0.9426197086058653,1.0,1.0,1.0,0.9461794715763734,1.0,1.0,1.1048776242156026,0.9308638781267163,1.5655623671428036,0.9574625383663308,1.0578882811772188
2020-09-16,1.1971216477060556,0.9214959231101073,1.0,1.0,1.0,0.9257251258732484,1.0,1.0,1.1041251233000753,0.9525975826936719,1.5211305586711241,0.9479662933635843,1.0536898697285684
2020-09-17,1.1900588280344249,0.9109219936095275,1.0,1.0,1.0,0.9055461006046938,1.0,1.0,1.0993451775450704,0.9580245758729933,1.4951147932902649,0.9435022568035257,1.0444222209214247
2020-09-18,1.177285535492921,0.9055267616950072,1.0,1.0,1.0,0.8991205581547426,1.0,1.0,1.09291836480093,0.9544303312021254,1.4676187529460267,0.9262366781520975,1.0323981247047458
2020-09-21,1.1673571030283214,0.9249352868758238,1.0,1.0,1.0,0.9094932861210512,1.0,1.0,1.0894344441313744,0.9487924465852736,1.4827460646525699,0.919270094137205,1.0209079632855695
2020-09-22,1.1770538559580088,0.9319292057715451,1.0,1.0,1.0,0.929519477832477,1.0,1.0,1.0994525841612817,0.9353046903329848,1.5214803069011051,0.9257579813289775,1.0313052124238127
2020-09-23,1.1436215332651378,0.9054937421523129,1.0,1.0,1.0,0.9045910331608461,1.0,1.0,1.0877314656157493,0.9095699871736524,1.4670552061930973,0.9058763258266581,1.0073882106866954
2020-09-24,1.1595770554208997,0.9070395984374081,1.0,1.0,1.0,0.9035367721440004,1.0,1.0,1.0954485176939963,0.9063871721940991,1.482009036149152,0.9081609638500346,1.0100737553475947
2020-09-25,1.187038112702394,0.9357740071974789,1.0,1.0,1.0,0.9270167533756898,1.0,1.0,1.0949562115569114,0.9131788685518261,1.5261575209513982,0.9296447031307353,1.0264034415864431
2020-09-28,1.2141521896982435,0.9513521894179379,1.0,1.0,1.0,0.943378686511676,1.0,1.0,1.1035031472105978,0.9196132241922375,1.5493725783244452,0.9470265777874127,1.0434512242678697
2020-09-29,1.2077400597238783,0.9618171338759456,1.0,1.0,1.0,0.94772470473067,1.0,1.0,1.100579770745754,0.9125120081621166,1.551858239640363,0.9409381508159772,1.0377686987449413
2020-09-30,1.2114077988291028,0.9678245313368831,1.0,1.0,1.0,0.9531984573246641,1.0,1.0,1.1107123436827657,0.9196203218179699,1.5691407851115544,0.9501447948742048,1.0456369457734154
2020-10-01,1.2237555168771985,0.9769023950301203,1.0,1.0,1.0,0.9581187805058166,1.0,1.0,1.1129003518004414,0.9088595248895642,1.589517224015363,0.9526923996257917,1.0523498283906172
2020-10-02,1.2152255379343275,0.955092395564178,1.0,1.0,1.0,0.9406918907047912,1.0,1.0,1.108713681115627,0.9220168965059278,1.5392718031779606,0.9406055092144148,1.0423584150432572
2020-10-05,1.246823381867433,0.9900068024359737,1.0,1.0,1.0,0.9676930724980041,1.0,1.0,1.1205683827300068,0.9414900443750379,1.5818777449504215,0.9615311207103864,1.0608423906098403
2020-10-06,1.2272886070871596,0.9848429318152462,1.0,1.0,1.0,0.9608845214726134,1.0,1.0,1.1182516022582052,0.9397628597932813,1.5524830611125309,0.9494629596996442,1.045761953090414
2020-10-07,1.2735541474008802,1.0045024270735774,1.0,1.0,1.0,0.9775443336369201,1.0,1.0,1.1264877766509056,0.9406136117654798,1.5775518858805972,0.9721242555904523,1.0639651001831127
2020-10-08,1.2737156937265637,0.9987505702696834,1.0,1.0,1.0,0.973295707690875,1.0,1.0,1.1310914795775413,0.959706086989021,1.5814459975138981,0.9722879307079451,1.0733943413011007
2020-10-09,1.276548429169679,1.0000807691298519,1.0,1.0,1.0,0.9864839706303281,1.0,1.0,1.14255601815176,0.9572366075235365,1.6024760115519843,0.9884827936458722,1.0829799188575777
2020-10-12,1.2917798622751477,1.0183089395247493,1.0,1.0,1.0,1.0081605285526916,1.0,1.0,1.154189694299221,0.9623948628145216,1.669832166947492,1.005958031301512,1.1004024143210385
2020-10-13,1.2857447373056654,1.0238725420676265,1.0,1.0,1.0,1.0202445320011777,1.0,1.0,1.155873988046169,0.956414658613777,1.6648331084147774,0.99459298117639,1.0932212437826145
2020-10-14,1.2876490982675795,1.006243369933227,1.0,1.0,1.0,1.0010278495670957,1.0,1.0,1.147146032037258,0.9596090336519238,1.6453800810710273,0.9982011123943466,1.0863521277832444
2020-10-15,1.2944812309885267,1.003455781336883,1.0,1.0,1.0,1.002844960010211,1.0,1.0,1.146659273995876,0.9595833374696728,1.630700039567121,0.9918856474208969,1.0850096130935964
2020-10-16,1.293168328919435,1.0034648701392206,1.0,1.0,1.0,0.9980515113712949,1.0,1.0,1.1505889077086449,0.958263761206245,1.6151937956706366,0.9969795824337144,1.0843538657250364
2020-10-19,1.2786776856088882,0.9849257854186091,1.0,1.0,1.0,0.9805875862003964,1.0,1.0,1.1330933583159446,0.9538481005388255,1.5796255827800116,0.9796420969295639,1.0678677399913785
2020-10-20,1.298146869721437,0.9922003045760188,1.0,1.0,1.0,0.9878387924076719,1.0,1.0,1.1340197380919457,0.963486460562324,1.5961644225016913,0.9849325115490097,1.0721454017506407
2020-10-21,1.283412914338136,0.9920038722716364,1.0,1.0,1.0,0.9962610275150938,1.0,1.0,1.1338994290251732,0.9585525397020335,1.6019418440715156,0.9767694567012924,1.070116016683584
2020-10-22,1.2848283394479993,0.9778450482092891,1.0,1.0,1.0,0.9707071647526426,1.0,1.0,1.1168740620512962,0.9840391886430735,1.59354370716966,0.9679326782512802,1.0759857955412089
2020-10-23,1.2974796669626476,0.9860686002455744,1.0,1.0,1.0,0.9824688987614317,1.0,1.0,1.1184550351042746,0.9856654146867746,1.610233630265363,0.9748992403316634,1.0796390390534014
2020-10-26,1.2698520096445325,0.968055152102569,1.0,1.0,1.0,0.9646738433720274,1.0,1.0,1.1100501149077413,0.9685678048807138,1.5805535490886053,0.9544084148693222,1.0596874384238508
2020-10-27,1.2701422859812024,0.9756680913649591,1.0,1.0,1.0,0.979917444598834,1.0,1.0,1.1105588047881125,0.9682672833162301,1.6106918120280587,0.9492177381801742,1.0560344010243
2020-10-28,1.2012810593271497,0.9280716985426936,1.0,1.0,1.0,0.9407956748844786,1.0,1.0,1.0855812817473411,0.935671969481086,1.5310211012736643,0.915649563245787,1.0199400583216356
2020-10-29,1.2390977364206555,0.9436154171668085,1.0,1.0,1.0,0.9470746589543029,1.0,1.0,1.0867644940276147,0.9352619636255257,1.574877012528547,0.9269056368160384,1.0303061844510297
2020-10-30,1.2028168114328626,0.9142668958388361,1.0,1.0,1.0,0.9127474578739806,1.0,1.0,1.0880930123229027,0.9387927713113777,1.5049747221843086,0.9117177452373642,1.019565448595922
2020-11-02,1.2275448982858899,0.917936916228393,1.0,1.0,1.0,0.9109001380802794,1.0,1.0,1.1035835244078636,0.9614949890810005,1.5006358015910468,0.9231124069500106,1.0309934670537213
2020-11-03,1.2583568276071788,0.9293272494040523,1.0,1.0,1.0,0.9191520286442442,1.0,1.0,1.122878334130764,0.9822899388032905,1.5311413237468086,0.9406933595943587,1.0491964080337788
2020-11-04,1.259441322388673,0.9728670516692195,1.0,1.0,1.0,0.9749453918339415,1.0,1.0,1.124387550057888,0.9705664926248543,1.6220236021891914,0.9640522415447372,1.0726452249059948
2020-11-05,1.2971033386850597,0.996777490206817,1.0,1.0,1.0,1.0037251006962462,1.0,1.0,1.133083387078762,0.9847676771837227,1.668518220414289,1.004214200620665,1.0935647304994796
2020-11-06,1.31598753210547,1.012682838317016,1.0,1.0,1.0,1.0103574890019102,1.0,1.0,1.1389619046111106,0.9744292171197884,1.67655903920091,1.008270499258055,1.093315025034444
2020-11-09,1.2898525490427257,0.9633452885352168,1.0,1.0,1.0,0.9556121932865782,1.0,1.0,1.1133758053679466,1.0122300368982307,1.6053690871135078,1.0204952644634382,1.1070532570331844
2020-11-10,1.2825183457041027,0.9354343036376033,1.0,1.0,1.0,0.9250107124210997,1.0,1.0,1.1330115345854759,1.0311755850511541,1.5534240706340157,1.0059804701137678,1.1054295016443694
2020-11-11,1.2965042839670422,0.9671560710631403,1.0,1.0,1.0,0.9625045898319884,1.0,1.0,1.1458987809081078,1.022010716791724,1.601822289933332,1.0183693430233136,1.1136412353897083
2020-11-12,1.2927554466867688,0.9656333768569025,1.0,1.0,1.0,0.954719357288043,1.0,1.0,1.1469730271239282,1.0009302553850163,1.596169641007551,1.0067783264446393,1.1028379443479408
2020-11-13,1.3078317375803235,0.9635860642157588,1.0,1.0,1.0,0.9526058097721739,1.0,1.0,1.1585071446318627,1.0234305062967288,1.5978400343791328,1.0210501550960673,1.1181059443710255
2020-11-16,1.3455240418100598,0.9816849419318231,1.0,1.0,1.0,0.9614464286686584,1.0,1.0,1.1595533142943382,1.0400963258462892,1.6097327208415353,1.0364874296474589,1.132063171051235
2020-11-17,1.3500635719919445,0.9768375364981684,1.0,1.0,1.0,0.9582329398991272,1.0,1.0,1.1603750462431908,1.0469387111383426,1.596566972245344,1.0374161190319193,1.12597429445582
2020-11-18,1.3368116707468272,0.9687115311347041,1.0,1.0,1.0,0.9548957496525452,1.0,1.0,1.149242911233425,1.0284490160661686,1.5825131422892893,1.0292474872875346,1.1124232127354554
2020-11-19,1.3459719536447765,0.973420281287292,1.0,1.0,1.0,0.9586285224796937,1.0,1.0,1.1525357994933128,1.0323395989137638,1.5886476759806956,1.0344099840450418,1.1171068133419213
2020-11-20,1.3356814629221203,0.9670443598471674,1.0,1.0,1.0,0.9537827262760804,1.0,1.0,1.146463737191677,1.0352598922449099,1.5677474821940744,1.0268159792232645,1.109457457938596
2020-11-23,1.3567671845102551,0.9746727765761407,1.0,1.0,1.0,0.954620306384723,1.0,1.0,1.1441491505522727,1.0815440895753847,1.5582280836955393,1.0253248400020731,1.1161077853691381
2020-11-24,1.3926692886972667,0.978759766265014,1.0,1.0,1.0,0.9497873481632874,1.0,1.0,1.147029292382717,1.1119834056573856,1.5746169035807933,1.0381745703029763,1.134092453061971
2020-11-25,1.3980484741831065,0.9929643469534906,1.0,1.0,1.0,0.9691876373173401,1.0,1.0,1.1513241627593038,1.100711945887183,1.5886492308513012,1.0306112190532815,1.1323439995251192
2020-11-27,1.3965719048166514,0.9953358828269037,1.0,1.0,1.0,0.9763620429875062,1.0,1.0,1.153659543313503,1.0953977637964238,1.596434619034895,1.037210848264707,1.1354976259945995
2020-11-30,1.4156066521311046,1.0124295769415887,1.0,1.0,1.0,0.9764894195439027,1.0,1.0,1.1547114369292257,1.0774237789827337,1.6008585188762037,1.043093789320005,1.1304705386712688
2020-12-01,1.4229222603464367,1.0084948229514155,1.0,1.0,1.0,0.9842102996708558,1.0,1.0,1.1646057118315694,1.0817887937265387,1.6294474638835277,1.052832339506162,1.1428350299151917
2020-12-02,1.4486410255550426,1.0211344697181908,1.0,1.0,1.0,0.9879980768544963,1.0,1.0,1.1562837769417391,1.0730288097197471,1.6456932813202112,1.0526407500178496,1.1452392308206032
2020-12-03,1.4798213230251354,1.0393674273674218,1.0,1.0,1.0,1.005877958713322,1.0,1.0,1.1534647919563876,1.084228597813314,1.658345816758749,1.0578281180293243,1.1449270732252288
2020-12-04,1.4960605470775645,1.061723893279287,1.0,1.0,1.0,1.0269190235479166,1.0,1.0,1.1510762719063388,1.099819404202169,1.6516090869461268,1.0844161116511506,1.1547933761992695
2020-12-07,1.5010333253978771,1.0607699208442893,1.0,1.0,1.0,1.0298781656606486,1.0,1.0,1.1482945034889804,1.1092601177031456,1.664376804307577,1.0848936644465608,1.1524204013590273
2020-12-08,1.497973010265736,1.0636377082054342,1.0,1.0,1.0,1.0341132652623943,1.0,1.0,1.150155947962247,1.1086024118239342,1.6617946441208096,1.0899812601954622,1.1557925072283735
2020-12-09,1.506107968342213,1.0483456845466819,1.0,1.0,1.0,1.0258234258992962,1.0,1.0,1.1449339875130282,1.1085808311278282,1.624025752595541,1.0795935450465364,1.1454264841553
2020-12-10,1.4899422983287853,1.04595780364916,1.0,1.0,1.0,1.0233608154638103,1.0,1.0,1.1376865456490146,1.1012381656462609,1.6302168298279018,1.086024909868924,1.1450518744295863
2020-12-11,1.4815036483882946,1.0307530358497825,1.0,1.0,1.0,1.0069822351796915,1.0,1.0,1.1385971611885655,1.1051654609496058,1.6285912263427944,1.0676417590052767,1.1437093597399384
2020-12-14,1.4518864860652967,1.0135636874382223,1.0,1.0,1.0,0.981046658359318,1.0,1.0,1.1375483979134189,1.113200678234762,1.6372231372390957,1.0683253683955354,1.1385885942210991
2020-12-15,1.4822187290309947,1.0317968995277609,1.0,1.0,1.0,0.9960526899678996,1.0,1.0,1.1457342190651523,1.1225969238097133,1.6565426122223113,1.0908440836817903,1.1539816015611826
2020-12-16,1.4723923799633067,1.0348389855568134,1.0,1.0,1.0,0.9965557703359417,1.0,1.0,1.1436918534187899,1.1240239385420743,1.6634314471756193,1.0965692328364536,1.1557925072283732
2020-12-17,1.4823713535427137,1.0441754420463762,1.0,1.0,1.0,1.0028320797307781,1.0,1.0,1.148851327219449,1.136953223400778,1.6610062018905851,1.0977240828425572,1.162256199662143
2020-12-18,1.4647883010982556,1.0303962659065447,1.0,1.0,1.0,0.9864819799764446,1.0,1.0,1.1532701519875153,1.1444483819777433,1.6469832635437225,1.0914501841456576,1.157615058259802
2020-12-21,1.4701399583934829,1.0290810004417619,1.0,1.0,1.0,0.9856622509343914,1.0,1.0,1.1416294903664215,1.13359540823049,1.6585091477905487,1.0892168249995395,1.15347600725187
2020-12-22,1.4669110376476333,1.0209546853248797,1.0,1.0,1.0,0.9771718359334759,1.0,1.0,1.1333595681099518,1.1402339080626431,1.6680425572906707,1.0840014189631626,1.1515320558746664
2020-12-23,1.4924574802516983,1.0278204764549455,1.0,1.0,1.0,0.9930320972783855,1.0,1.0,1.1316046048073394,1.1287170444304409,1.6537079946075652,1.0825744929225132,1.1525665352217676
2020-12-24,1.486590999424367,1.0305318883125505,1.0,1.0,1.0,0.9947202631337931,1.0,1.0,1.134747834864102,1.134926412182516,1.6535479058777067,1.0879246172816441,1.1570507218476953
2020-12-28,1.476074520695119,1.0158948008720599,1.0,1.0,1.0,0.9826036262853435,1.0,1.0,1.1434581540016753,1.1328576837355555,1.6765110204254363,1.0851748732478306,1.1669907100910302
2020-12-29,1.4617269249080704,1.0145099942390643,1.0,1.0,1.0,0.9810774923665813,1.0,1.0,1.1384942685036283,1.1329285644347131,1.6756193378006194,1.0750722617060824,1.164764384395132
2020-12-30,1.4896920688747453,1.0366704587166033,1.0,1.0,1.0,1.002309306178837,1.0,1.0,1.1326298027901274,1.13107202566213,1.6708841691528533,1.0854903277308625,1.1664263736789238
2020-12-31,1.4937528452037858,1.0405475836937153,1.0,1.0,1.0,1.0047834278447918,1.0,1.0,1.142638391581021,1.142196042233175,1.6602464940582486,1.1011778822810334,1.1723526274002873
2021-01-04,1.4811935539363907,1.0315106330101216,1.0,1.0,1.0,0.988159484897404,1.0,1.0,1.1363454914955717,1.1259457843596399,1.6218286078964446,1.0832320998103302,1.1563921919584765
2021-01-05,1.5132295425533342,1.0609022095863545,1.0,1.0,1.0,1.0134971281392864,1.0,1.0,1.1375500679878812,1.1304493238264979,1.6501520396743985,1.0924674143702668,1.1643567966467971
2021-01-06,1.5732405819057511,1.0852825389091694,1.0,1.0,1.0,1.0533484516485028,1.0,1.0,1.1374659508614162,1.1259725568587244,1.6013570855652066,1.1076326022059604,1.171317838884224
2021-01-07,1.5861815855144548,1.1017281432335102,1.0,1.0,1.0,1.0664230079992107,1.0,1.0,1.1347254147438626,1.1315319591338098,1.644984427217123,1.1319628462702915,1.1887207536467534
2021-01-08,1.5915741655468032,1.1109988227073873,1.0,1.0,1.0,1.0694691891057782,1.0,1.0,1.1377472493080716,1.1403349426085412,1.64614624114382,1.135563822069852,1.1954939242115599
2021-01-11,1.6095582424282118,1.1014565154258933,1.0,1.0,1.0,1.0636614338262371,1.0,1.0,1.1334830277351957,1.142512993984884,1.631906790498373,1.1418472025782749,1.187435126046127
2021-01-12,1.655242047703175,1.113550973052236,1.0,1.0,1.0,1.0798429161413008,1.0,1.0,1.1312638550667387,1.1445120586211144,1.6272087131057948,1.1469544127375766,1.187685655961728
2021-01-13,1.639514649784474,1.1146938084785665,1.0,1.0,1.0,1.0773158590658003,1.0,1.0,1.1297131340889555,1.1517554195219935,1.6387231450592248,1.1484952822596715,1.1908840088743882
2021-01-14,1.676068345463185,1.1452386817161762,1.0,1.0,1.0,1.1134572479589278,1.0,1.0,1.1209345890907865,1.1452336173827111,1.6204080644165246,1.157015558901517,1.186713628744966
2021-01-15,1.6530021095394178,1.1249710564796649,1.0,1.0,1.0,1.0851052606923872,1.0,1.0,1.118447032633267,1.1548618909651696,1.5960074578796595,1.1426079462916536,1.1780594742148986
2021-01-19,1.684794398891835,1.1434153428261005,1.0,1.0,1.0,1.112302263103276,1.0,1.0,1.109700068369351,1.159715659504598,1.6189735915695396,1.1617773409754917,1.1873096034475248
2021-01-20,1.7209447633861588,1.1588099200432025,1.0,1.0,1.0,1.12762352565363,1.0,1.0,1.1144436962990385,1.1728315072829183,1.6659172324691978,1.160142086687772,1.203740490993292
2021-01-21,1.684894651615529,1.135790517920705,1.0,1.0,1.0,1.1091805609090621,1.0,1.0,1.1107258976845367,1.1668841386610922,1.6903719777618613,1.1614752123744176,1.204837731639694
2021-01-22,1.6906226804851578,1.1334362790291035,1.0,1.0,1.0,1.1103043249471483,1.0,1.0,1.110157285013638,1.1672706432158408,1.689950986055013,1.1397853674800085,1.2005736733147634
2021-01-25,1.671882230961232,1.1257959834282123,1.0,1.0,1.0,1.095298087726384,1.0,1.0,1.1183331684975248,1.1812402543837486,1.7005048160110676,1.1486715510279821,1.2053080806873302
2021-01-26,1.6574893812297868,1.1006289668266498,1.0,1.0,1.0,1.0702811054570969,1.0,1.0,1.1174668808846098,1.1909885230833945,1.701249189332601,1.1526518015772984,1.2034267875531073
2021-01-27,1.6038661604045916,1.06080620586321,1.0,1.0,1.0,1.0328289446218308,1.0,1.0,1.0871210431007963,1.1670542545134484,1.664948878244039,1.1390890993983434,1.174014513627758
2021-01-28,1.6518413715480849,1.1007871218864642,1.0,1.0,1.0,1.0634102566106614,1.0,1.0,1.0939413300423246,1.1595424745375573,1.6697489751373493,1.1167302763850377,1.1841111474785442
2021-01-29,1.6073701336025283,1.073282902068349,1.0,1.0,1.0,1.0349729870183761,1.0,1.0,1.081195764627896,1.1526157123381555,1.6364102372680867,1.093665701571195,1.1604059264804478
2021-02-01,1.6402323917507216,1.1118426192466937,1.0,1.0,1.0,1.0721675690038497,1.0,1.0,1.0803123909859282,1.1677781579787194,1.6761825570617879,1.1201096732051061,1.1797213604423697
2021-02-02,1.6867544273494766,1.1235098519508564,1.0,1.0,1.0,1.0861465853078658,1.0,1.0,1.0860935032753571,1.1763736385161339,1.6975221435104573,1.145321156206815,1.1964030870727003
2021-02-03,1.7097589923976944,1.129154247016164,1.0,1.0,1.0,1.0912272138936812,1.0,1.0,1.0869836449532135,1.1740945524031579,1.7023762012039385,1.1422272437007115,1.1973435790553306
2021-02-04,1.7663803676723526,1.1454128728096211,1.0,1.0,1.0,1.084379227290898,1.0,1.0,1.0932484402565583,1.1725550769621789,1.7199662843261918,1.1367295248896763,1.210952166202641
2021-02-05,1.7869358415721939,1.1679388962928976,1.0,1.0,1.0,1.1060408129079635,1.0,1.0,1.1018721455483063,1.169814419727987,1.7153661113296708,1.1407095068843052,1.2157183149219808
2021-02-08,1.8144702581523942,1.1718371985618796,1.0,1.0,1.0,1.1185688118322188,1.0,1.0,1.099611449518643,1.16315620534963,1.7403905259643753,1.1566433920771761,1.2244985073322538
2021-02-09,1.82019188824883,1.180086668128225,1.0,1.0,1.0,1.1235149969442184,1.0,1.0,1.1021990342049224,1.1835778173262537,1.7386038600479323,1.1554940039546175,1.2236830226666222
2021-02-10,1.8130293062328386,1.1682974532310693,1.0,1.0,1.0,1.1130130600316819,1.0,1.0,1.0979922245888336,1.1735380044753017,1.741355705026265,1.150215822497098,1.2231498092633644
2021-02-11,1.799520573627858,1.1598786874000757,1.0,1.0,1.0,1.1097055574758348,1.0,1.0,1.09464677781149,1.160186070233053,1.7510037299667558,1.1649189818293733,1.2251256050436616
2021-02-12,1.809085873615651,1.1781914708320824,1.0,1.0,1.0,1.1258772108419235,1.0,1.0,1.0922709324745759,1.1559264085585534,1.747227938417073,1.184401913347928,1.2311774844199481
2021-02-16,1.8283556593059587,1.19468700286791,1.0,1.0,1.0,1.1391696224553878,1.0,1.0,1.0950485680489168,1.1511247861678062,1.757140702203389,1.1950219878108186,1.2301109545571118
2021-02-17,1.805096498691945,1.1912034545128074,1.0,1.0,1.0,1.139148994479924,1.0,1.0,1.107851582804166,1.1502716378981528,1.7435055549179275,1.1826256728083773,1.2303933288758067
2021-02-18,1.7715131433605242,1.1769219783012594,1.0,1.0,1.0,1.1242640430791673,1.0,1.0,1.0981015091805089,1.1658691118056235,1.7293902213607986,1.1816900618464632,1.2251567280525104
2021-02-19,1.81400823842278,1.216025434226247,1.0,1.0,1.0,1.1640637590749559,1.0,1.0,1.0854493336586581,1.1548338346297202,1.7335701610122878,1.2005578429133577,1.222993266712234
2021-02-22,1.8344748853801776,1.2087006051246845,1.0,1.0,1.0,1.1667029390676316,1.0,1.0,1.0835428818611728,1.1534917678648886,1.6854933358703812,1.172987435045926,1.2135860796468743
2021-02-23,1.8195510179637957,1.1968030022804461,1.0,1.0,1.0,1.1607012689931686,1.0,1.0,1.0836539212135898,1.1429441039854942,1.678139549783345,1.1638649458796662,1.2150598880890833
2021-02-24,1.8727336736797382,1.2169663495247087,1.0,1.0,1.0,1.1864871366842085,1.0,1.0,1.0807730900673496,1.1510393501097618,1.7099825896774488,1.1929845087916535,1.2284492744422828
2021-02-25,1.8302128484844256,1.1683157540504656,1.0,1.0,1.0,1.1562975328786664,1.0,1.0,1.0721988743691073,1.1389778333479819,1.6307696622406203,1.157827614870755,1.19884871661903
2021-02-26,1.8320209844707538,1.1589991402809343,1.0,1.0,1.0,1.1409850969655804,1.0,1.0,1.0515130349068271,1.1242244563872275,1.6437235644851882,1.1547809306056183,1.1926712115878204
2021-03-01,1.8904344747661639,1.2051809758369645,1.0,1.0,1.0,1.1918737127645307,1.0,1.0,1.0586982186226475,1.1309050393874105,1.6949255643402297,1.1848242522151153,1.2215821165130056
2021-03-02,1.8604958658188975,1.202728988334185,0.9890753789620976,0.9843396003068546,0.9803738658008977,1.1882852060870526,0.9968814432398256,0.9979770405601365,1.0582642207588426,1.121030545650058,1.6523181254957744,1.156318275508868,1.2120499221306469
2021-03-03,1.8980675418824349,1.197176537009722,0.9625016183572392,0.9613396334947208,0.9422779971180364,1.1826459511355756,0.9951303047434267,0.9806797875236374,1.0577348071541064,1.104105838618808,1.5952079793547222,1.1539855442619196,1.1959952932117242
2021-03-04,1.9007717510193978,1.1647258564677299,0.9279458015161137,0.9247904858888248,0.9089561127720281,1.1504217686251996,0.9894429231897768,0.961084051592241,1.0513718203987354,1.0870287065845063,1.5603667080496382,1.1239957687950006,1.1811951688845788
2021-03-05,1.993001862141529,1.2118298104014458,0.945724951334534,0.9470647822679141,0.9264867072163031,1.1969663040713665,1.032956787134784,0.9862517395805221,1.0800231593574756,1.1025310961108736,1.564562336025102,1.1643890896415583,1.2029250063276609
2021-03-08,1.9991031030625495,1.2467938011851372,0.936856654902039,0.9333946341813663,0.8876333468494818,1.2309518620089888,1.0558261944071228,0.9937045758079391,1.0918894053901904,1.1074927896838718,1.5019657845114303,1.1580124641990535,1.1969360943633167
2021-03-09,1.974918911549488,1.2398089775767387,0.9735399261193852,0.9657290883363345,0.9270818646488592,1.2243910935000777,1.0469631952539857,0.9893665661643845,1.0839392222847215,1.1306450292926364,1.6101906628225873,1.181502174816119,1.2140252026293408
2021-03-10,1.9829743993729743,1.2504483902659476,0.9836985719400028,0.9762468196214297,0.9269670104084418,1.2346673958377243,1.0528238044992861,0.9977341622184616,1.0991677226509324,1.1414117384295994,1.6008103313063213,1.1889326710319392,1.2215821165130059
2021-03-11,2.065181901547352,1.301074006339556,1.0391027307229619,1.0306123202622988,0.9730261839924262,1.2846063028888108,1.0842373373285707,1.0400043454002244,1.0900329570259324,1.1428920410495336,1.6464891569708415,1.2048097660636776,1.2339681465279533
2021-03-12,2.0891150304764903,1.3358976929392876,1.0579563115792852,1.0501779486955263,0.9636541255054878,1.31857097364229,1.1124898277536805,1.056698698503862,1.09422126955645,1.1514690956454807,1.6333196265791483,1.2209618683433408,1.2356298266427828
2021-03-15,2.092870986554066,1.3533151398387016,1.070084208078919,1.0684206042588809,0.9794891371784615,1.3357341419772508,1.1327174381510194,1.0765315880607467,1.0930468524421921,1.16617151034885,1.654096184120042,1.228752748546588,1.2429984566285444
2021-03-16,2.0830326206177867,1.3297761780467094,1.0438852269845587,1.0439877936662294,0.9503650652943062,1.3125805122928025,1.114830602671283,1.052845824510942,1.091922201105522,1.1634064369540744,1.6516013493155068,1.2378025692558166,1.2414307638781856
2021-03-17,2.0821481681794323,1.336001255485064,1.0473214711862189,1.049906664210663,0.9619796450672555,1.3190000174121261,1.1152331846491272,1.0486205326866012,1.0897667315925825,1.1718092254977757,1.6659028962706157,1.2436319836234924,1.2456639053069092
2021-03-18,2.0125557476014295,1.3325503761973443,1.0236283616738897,1.0293657435716248,0.9240933348713327,1.3152300930575729,1.1042762447611267,1.0425536881278854,1.0932893779243698,1.1582921070437961,1.5960576131437847,1.245764872035968,1.2275400085248223
2021-03-19,2.048602756115834,1.3327284252848686,1.03022293450409,1.0379295600236513,0.92617574644665,1.3154292212085128,1.109993739153522,1.0425965771507126,1.0824052447761763,1.1677061657290988,1.6028178035353253,1.245691974697101,1.225268647216782
2021-03-22,2.0666899854630634,1.3363311505045952,1.0463904309945686,1.0545794005693057,0.9347974391041206,1.3188839743213057,1.1096587969080387,1.0472856064628464,1.094479867121147,1.1792050205569797,1.6393926936720442,1.2333603500938295,1.2350524020779488
2021-03-23,1.953211859509389,1.2400157284464899,0.9975869529443366,0.9977424741090396,0.9102442586002755,1.223975183351457,1.0405026573435245,0.9965229698966843,1.1066962420906294,1.1763499733310276,1.6356555850599837,1.1975896271324038,1.2253314085160831
2021-03-24,1.859244472309987,1.1466798802104061,0.9117070586877447,0.9133238271058658,0.8889427918491768,1.1326338638858198,0.971777646853107,0.938214393312822,1.1090077937568892,1.1659507650714451,1.59523141990648,1.1824991242027163,1.2191023753245278
2021-03-25,1.8280743083924456,1.1464324581828182,0.9044638625817877,0.9053520222962955,0.8907599446354317,1.132601659257829,0.9744810264841495,0.9350220539878707,1.1115582072700727,1.1690600906711155,1.5898987332914898,1.209173573741901,1.2259606704102255
2021-03-26,1.7970454887360734,1.1110342560496396,0.8642128965097051,0.868764520198212,0.9088454085407661,1.098569677980363,0.9381995535150942,0.9122220360587936,1.129538989588188,1.1903661926608615,1.5955037324522565,1.2226274765586733,1.245716876255745
2021-03-29,1.7414461360901994,1.072483919211871,0.8397665551858526,0.8420738330186466,0.8935854067860054,1.0606196129397747,0.9032745220438417,0.8796599354575972,1.1423626048530806,1.1977744102817112,1.5959214400862287,1.2018649422263978,1.2450876143616028
2021-03-30,1.7599981239289446,1.0959122074809138,0.8582113540368658,0.8609389088929751,0.9078963147221015,1.0836809256152506,0.9206265537516054,0.9004240395377974,1.1324824435676801,1.1781232359271578,1.5943180574034284,1.2162122101402164,1.241784247058158
2021-03-31,1.7650545440644427,1.101152296515948,0.8750829498010259,0.8776511998475649,0.9326700982151436,1.0889816279010172,0.9222504505411563,0.9105681149314742,1.1288144084419478,1.1782510771136812,1.6369558669661115,1.2089696671104313,1.246817929986013
2021-04-01,1.8617491884202169,1.1200186192240777,0.8813889547067265,0.8887749228776552,0.9385637057362006,1.1077844034747475,0.9481051485315738,0.9171430081199508,1.126024359461235,1.1866209024768404,1.6642712099646162,1.236485161647785,1.2602823413406758
2021-04-05,1.8019853561371968,1.139539479896075,0.8978291120248417,0.9075690383256533,0.9593201384601996,1.1271495153979652,0.9457853876367984,0.9296425949882368,1.1396192592109908,1.193835086856418,1.7067242810820173,1.2608689114189031,1.2783715081426898
2021-04-06,1.8038713079423117,1.1417193287577692,0.9037263208108525,0.9098721347154237,0.9591027918873236,1.12922708249849,0.9524377498880802,0.9332359413932662,1.1423578669990768,1.1910445955615572,1.702690835056169,1.2578732643699528,1.2776164144809834
2021-04-07,1.8006269876450705,1.1366576435771052,0.8918659135537724,0.8956952433885195,0.9431834918079779,1.1242720913485877,0.9518044361368594,0.9249835762809614,1.1404977939094771,1.1840492096286348,1.7133633712385723,1.2519282467460515,1.2790950665702647
2021-04-08,1.7825872055024312,1.1378636742320125,0.9072859079080206,0.9064514575303653,0.967115286928217,1.125564072091996,0.9490037983194766,0.941754179460893,1.1416706317390668,1.1847660728793672,1.7372249968145916,1.261544084224689,1.285166526647483
2021-04-09,1.7748831703156636,1.147494269248492,0.9090257226663213,0.9056165210069278,0.9714841246662541,1.1350891600207678,0.9560852419153627,0.9549827908347943,1.1405699977363812,1.1966257162433198,1.7546853833769391,1.2629046604728578,1.2945100249066557
2021-04-12,1.7333304344147846,1.1452917397227351,0.9126220670419316,0.9044429580033878,0.9790808047352239,1.1330241493777624,0.9549107025400576,0.9526813610862592,1.1453108851875533,1.1950758533816865,1.7822880021666119,1.2709717339134097,1.2949822289680641
2021-04-13,1.7396965244263813,1.1290673374857967,0.9365944766717533,0.922968098574982,0.9977187542972965,1.116835384805619,0.9393057966486391,0.9501432526420454,1.1392092067207564,1.1956369186740448,1.8365866296385358,1.24824754262923,1.2988199432942942
2021-04-14,1.770290209195058,1.1468288384165828,0.9351717740731815,0.925703662043915,1.0029206275043887,1.1343243219928139,0.9458955988184389,0.9601485730003216,1.1370522105659713,1.1930320310931732,1.7948999282454083,1.2531053906059146,1.2943843992517328
2021-04-15,1.7499933927506612,1.1645874047007625,0.9517639623361209,0.9435318518937684,1.0259001784382267,1.1518965639666907,0.9507593649164613,0.9762302048515179,1.1523930812324752,1.2036699579577972,1.83634446388231,1.2613413036918522,1.3082889641520692
2021-04-16,1.734710149380605,1.1673247208323543,0.950854093332825,0.9442380603135683,1.0329313597736758,1.1545898022250525,0.9468674293772157,0.982766054232011,1.1563622683967818,1.2119049795489838,1.8342387426947186,1.2633959965324284,1.3126618499516503
2021-04-19,1.7203121564835713,1.1439905369486874,0.9335911100106814,0.9238386977494814,1.0164142024097842,1.1315391748980872,0.9334909158960755,0.9672648403953411,1.1522302028145064,1.210123259196811,1.8050487950895857,1.2613487656211735,1.3062128945717393
2021-04-20,1.6727550302476093,1.1131893295970028,0.9202267961221317,0.9096606929124452,1.0039695323048037,1.1011214514331213,0.9068467790857727,0.9430335667442181,1.1633492358650435,1.2121453281741668,1.7930738030050826,1.2512948505973698,1.296649474124211
2021-04-21,1.7393963342637226,1.1427015370097224,0.9427440969186405,0.9391732566178895,1.017004286104242,1.1302042175845495,0.9329837322489197,0.9582129715751507,1.164779321619438,1.217970425639682,1.8167226902578901,1.2823675758933903,1.3089180199335702
2021-04-22,1.7069913845032856,1.116985921164996,0.9261501489358523,0.9221204455674745,1.003683119874994,1.104640403993546,0.9165723970667298,0.9514537339042524,1.1569548121895064,1.2181640627246428,1.7780542474363874,1.2565713379478336,1.2969637959023201
2021-04-23,1.7435898113221333,1.1513233540263241,0.9465943013864139,0.9447412970841982,1.0277987601337832,1.138551877267777,0.9386415100351746,0.9750072693656782,1.139844555994438,1.2207530207019377,1.8083425501440595,1.261523135814655,1.311026140029635
2021-04-26,1.7795314121216939,1.1716453915324279,0.9674983003335574,0.9663756861985779,1.0446773726520937,1.1586616377429357,0.9450643602625306,0.9839362843345502,1.126921598383354,1.217897384105258,1.8265018662069867,1.2628564747428777,1.3137628006255975
2021-04-27,1.8009838829011127,1.1842205685343812,0.9573499158578493,0.9571335555375672,1.0358739985523624,1.1710665655688635,0.959952998186725,0.9950155079673627,1.1250504085029829,1.2156983011584808,1.8091077077482771,1.2530289024925114,1.3134798079689787
2021-04-28,1.8165869461030169,1.1834012814250061,0.9532669778543092,0.9471537982286072,1.0326499121723576,1.1702340979174963,0.9722448980585512,0.9896017472099164,1.125907461878227,1.2192864961963228,1.7931612966154646,1.2328834698295474,1.3131022096099652
2021-04-29,1.8199840366334126,1.188542902442462,0.9375648858743287,0.930733798533783,1.0174788516102238,1.1753900293902748,0.9823645220056947,0.9850535256217817,1.1473749995674358,1.2197194658618502,1.7843508616064618,1.2588808468437076,1.3214701767374721
2021-04-30,1.784847254177968,1.170459542914874,0.9349161779122925,0.9255795844377137,1.0142872286854192,1.157469429071366,0.9650725033060487,0.9726687699149946,1.1502551852668987,1.223993229899936,1.7853451050375533,1.2464337696647525,1.3127877847755354
2021-05-03,1.7970673725098774,1.1779072495188778,0.9280213899331665,0.9155756343186952,1.0119637446461125,1.1648494200305337,0.9675727590815003,0.9732347428153852,1.1635170825447307,1.244447857699924,1.7636274201963973,1.2547035816764711,1.3156190510738925
2021-05-04,1.7428445817917986,1.1790534062113827,0.9160703672128295,0.9018993056596375,0.9941874468861027,1.1659583738879555,0.9640863683954651,0.9631161495994429,1.1639830089058147,1.240433745036655,1.7199470365141463,1.2412931332206605,1.307502747481514
2021-05-05,1.7862431674927874,1.1977571018900937,0.9198913827615356,0.9104149691880798,1.0096230029163762,1.184473381860673,0.9822417820230896,0.9762689114402632,1.1685129954780802,1.2249676435809664,1.7157906966780256,1.2598279816245912,1.3079113657930557
2021-05-06,1.7808825239152117,1.1931584484782285,0.926227569361267,0.910700076228485,1.0124069571552679,1.1800062748507854,0.9758308429972108,0.9662545239280561,1.1816885653938518,1.2386617597919038,1.7268373712156844,1.2629613941764712,1.3183559177824964
2021-05-07,1.8224781789750262,1.2284919254984923,0.9484582807260131,0.9375828643144225,1.0416778197346137,1.2148386463717815,1.002649824549335,1.0033741226981978,1.1812053134407268,1.2507309902530246,1.7423306731794905,1.2976928856468082,1.3279508734641563
2021-05-10,1.7620894897431536,1.1944752094950744,0.9072355836587525,0.8931809031785582,1.000090871721308,1.1811310181216594,0.9795231224314149,0.9714149727653364,1.1948316310371623,1.263538644443088,1.6812896196936202,1.2799023377036929,1.314800886943923
2021-05-11,1.713140464016835,1.196597916480548,0.9234970918374634,0.9054793681443785,1.0147867129383488,1.1831653791980143,0.9671031339899476,0.9827148674796917,1.1787455142463907,1.2489618126254611,1.6763401355360579,1.2785604584312318,1.30306679121367
2021-05-12,1.6723627237290544,1.152024236365802,0.8902273481088256,0.8712893447221373,0.9749135829029484,1.1390476978854533,0.9404121700540956,0.945993487245927,1.1688913112129435,1.2537984722476536,1.6236048937414718,1.2237184235191223,1.2753831840115994
2021-05-13,1.6592156103104752,1.1564446564402648,0.8809228700357056,0.8617757808030698,0.972156825548212,1.1434778948382731,0.9410864908472475,0.9502287583183147,1.186459962793754,1.2643377540927465,1.6256099233244492,1.2383254299735902,1.2907035366455955
2021-05-14,1.7375267465562028,1.1834197582926818,0.8983057382302856,0.8802191394151303,0.9942420165119572,1.1701879770831463,0.9762126524225648,0.9735988972495891,1.1912136332954628,1.272537130961948,1.668823518524034,1.261295954570758,1.310522503790416
2021-05-17,1.7806916200608414,1.1976305626597472,0.8993531575875855,0.881054669886932,0.9949448557911319,1.184234344537675,0.9844166725412782,0.9775898739646771,1.1904452884163124,1.2804545713763766,1.658391937312944,1.2646470562553285,1.307187807365481
2021-05-18,1.759197932049672,1.1851531727519102,0.9037127473550416,0.8848228328050228,0.9935905165729922,1.1717882189349529,0.968727234865802,0.9744095139335491,1.1846619357551795,1.2753630569797092,1.6442988288496567,1.2475412930106995,1.2959255034713537
2021-05-19,1.734152697560231,1.1515937630381652,0.8831711721139527,0.8690163977922055,0.9768654643116397,1.138729500635087,0.9491377670542175,0.9570788464378216,1.1828740619148475,1.2652209453921848,1.6391811970327927,1.2425290970420717,1.2925281488034384
2021-05-20,1.7616627347916765,1.1574525753703186,0.9087492780404663,0.8957829528153989,0.999145434480707,1.1444791245059367,0.9510692051187927,0.9691000580619672,1.1906223582710487,1.268618856654697,1.6771740570639206,1.2730548355674625,1.3064329198164162
2021-05-21,1.757982900044362,1.1544710999217103,0.9073020456033325,0.89090280335556,0.9968230597553652,1.1415185288028118,0.9514330932871276,0.9669184479545453,1.1923367289985878,1.2618551531177098,1.6720537988279893,1.2590503521537662,1.3053635043766005
2021-05-24,1.7909572990388078,1.1667694847788879,0.9261291547494506,0.9069152907670591,1.018761063676874,1.153750893075883,0.9630510700479917,0.9792084378074506,1.1946480044807657,1.2604888590198093,1.7162800460432603,1.2757724857902406,1.3186705487295678
2021-05-25,1.7714760568589372,1.149161225577838,0.91699496209198,0.8972240058244322,1.0123554129658143,1.1363256805972453,0.9521452373758726,0.9707902108024458,1.1945415996040567,1.2502985546451144,1.7186267728422717,1.2632172016715881,1.3157449858977779
2021-05-26,1.8116364723176164,1.1725431515421936,0.9321955175119019,0.9146171424211119,1.0212318877277773,1.1593808781222696,0.9732997833506041,0.9825320427726607,1.191339414545463,1.251292437778049,1.7268253136252,1.268461108074176,1.3183559177824966
2021-05-27,1.8402392143220112,1.2064732140269347,0.944371386499939,0.9303130751908872,1.0303802485523623,1.1929506199435587,0.9963136760965757,0.992372098238359,1.1875504970039592,1.2490712307315401,1.715973987731798,1.2815143734550352,1.3190480440322605
2021-05-28,1.8361589319199727,1.2047936775889465,0.9388464612680054,0.9247526061357114,1.0279898718891542,1.1913352884845132,0.99339128592171,0.9866731343101364,1.1834979060615765,1.247294615588718,1.7299282060240344,1.2823968208885068,1.321407518494492
2021-06-01,1.874169980953159,1.227280496596683,0.9506009118098989,0.9371328973596544,1.037100301763025,1.2001711208245236,1.0081485283081493,0.9968830845815257,1.174866068706721,1.2502169464212385,1.7235650772008917,1.272410604738216,1.3202436004086024
2021-06-02,1.8546625339011569,1.2153012989038119,0.9398996388454214,0.9265025041406603,1.021996753713098,1.205774561681457,1.0243616054718456,0.9936913666707592,1.1810060143091379,1.253716931925389,1.716550195303919,1.270876281236629,1.3223198761015738
2021-06-03,1.8473678668479343,1.2144732021325717,0.9293619759578481,0.9159811448877305,1.0217644596304565,1.218617505254455,1.0342989887421092,0.9939635842305736,1.185692306194514,1.277103695116612,1.6836492629919073,1.2837344322910114,1.3174122310539247
2021-06-04,1.8679108821372408,1.2285841709130894,0.9301957638759389,0.9168175161188097,1.01980558206698,1.2294405700585322,1.0417341083710154,0.9914723731023387,1.1899838097192943,1.2809957286935774,1.7184576187047977,1.2910690640201374,1.3294609577312486
2021-06-07,1.8575549022178073,1.2145364879602085,0.9298675187129751,0.9165257818048449,1.0155913406576782,1.2221032680413204,1.0365324951355417,0.9906246291143016,1.1860678646661937,1.2773704757791486,1.731919110098841,1.2957108870258136,1.328171104821474
2021-06-08,1.8584719832877534,1.2235978702539099,0.9329396786708609,0.9195053529565784,1.0257463066305788,1.2372700576683955,1.0427151855652292,1.005037574861677,1.176805933437556,1.28582901154575,1.7354512039098762,1.2966287041415974,1.328454303590734
2021-06-09,1.8515152884940522,1.2015191169732702,0.918783944799401,0.9055352948968861,1.0089400154318482,1.224938576879211,1.0358292312805613,0.9874489054662304,1.1766895180322827,1.2822688741785015,1.7332095504674934,1.30285145423315,1.326472427487516
2021-06-10,1.8589004580954926,1.1919888050073277,0.9149802388210074,0.9018275491540882,0.9969001365866333,1.2206997360131222,1.0300391601746042,0.9806942090016919,1.1863545574762524,1.2813713937860454,1.751358007803919,1.3181094080676836,1.332638493267129
2021-06-11,1.8586338359336274,1.2013472206109652,0.9287330883998648,0.9152959874933215,1.0124545055594116,1.2277290466210324,1.0376133114044626,0.9981964148503858,1.1848360455133617,1.295741464052769,1.7538807693395637,1.3181505228748127,1.3348406007276645
2021-06-14,1.8346589450339692,1.18211043929993,0.9096064679164664,0.8964735612695667,0.9927843292441041,1.2159154876610716,1.0322226875488718,0.9780538208943921,1.1842797321893872,1.2817386159997903,1.7794281021032354,1.3185362753619954,1.337829440140359
2021-06-15,1.8276678630332368,1.1786069400781283,0.8982551117915885,0.8852358899896594,0.9890662883963258,1.2197343006035766,1.0359309034531077,0.978154715250166,1.181357606182307,1.2878263227563822,1.7645933151159308,1.3176723225345417,1.335375256919412
2021-06-16,1.808091075847568,1.1668616149896274,0.8922125229854362,0.879316145879552,0.9800501835074098,1.2098559516808471,1.0310735315506419,0.9735456999761181,1.1684392124750316,1.2763668138605082,1.764980633536341,1.3152035742511556,1.3279193382300245
2021-06-17,1.764652326915683,1.1277293327325473,0.8608607583064811,0.8484751703088733,0.9417412376608523,1.182115653218933,1.0116310487930735,0.9393038830739574,1.171549828777522,1.2850007616144143,1.7945231887731572,1.310293699335079,1.3274791846843512
2021-06-18,1.7342563720206636,1.105708782195438,0.8487260022182243,0.836607581502721,0.9261428737845094,1.152758722295471,0.9842362062637766,0.9259801197988109,1.1512117951013745,1.266107467089268,1.7850053939733526,1.2912705654849814,1.3095706756125094
2021-06-21,1.7736176410178561,1.1440963474267611,0.8649270630855339,0.8525398763483021,0.949489955922571,1.1825716934105832,1.0086610023682077,0.9462944014531687,1.1627302200891674,1.2837836336236919,1.7923304504308721,1.3133646799793053,1.3283186814727042
2021-06-22,1.7726163627128024,1.1513837436669956,0.8683522812862176,0.855941561681554,0.9547646187033328,1.1746759437462766,1.0022520645325144,0.9514674532872751,1.1630499443628488,1.2854429048639262,1.8151720260534305,1.3061553366412926,1.335420086418913
2021-06-23,1.7669379397849458,1.1607492916101108,0.8828489987392204,0.8703280767267201,0.9653777187552128,1.175107819356628,1.0038692714874704,0.9604952513677194,1.1525264240839181,1.2801993459802592,1.8342370513830202,1.3073669583072471,1.333810346689712
2021-06-24,1.7803867469291108,1.1741084575647007,0.8979465687770622,0.8852719362085315,0.9793120887961063,1.1847406627556758,1.012532270068403,0.9631473771077705,1.1573072720148263,1.2839529451471294,1.8456049468908329,1.3054469485034752,1.341700956939776
2021-06-25,1.7745882834891693,1.1757196605676303,0.8975680218715446,0.8848443826501818,0.9819510887350712,1.1887116287133175,1.01805456773686,0.96784217424217,1.1633778843500315,1.2993172624689067,1.8310636291418094,1.31654492614172,1.3464667964901536
2021-06-28,1.7672471896628754,1.1575186897271763,0.8908560078639762,0.878302425176427,0.9708783004965458,1.1811001357933957,1.0147318090622384,0.9613812369329049,1.1650714794733226,1.322241925631138,1.8701567855749146,1.3101702547778893,1.349181093864526
2021-06-29,1.7752995254020114,1.1501715297692907,0.8865927094478385,0.8741279409234973,0.9655328766073856,1.165321724309631,1.0035724014465768,0.9583016486150339,1.1591847481348216,1.3159840246301613,1.8698343414220826,1.3087162369479943,1.349907331756439
2021-06-30,1.7834741679648778,1.1575067249292028,0.8981961380977409,0.8855963540857288,0.9745056472983036,1.1653885929009395,1.0048208982651192,0.9747954792958811,1.164224782619685,1.319634911165806,1.8648854446325318,1.3049325508823206,1.3510432185231005
2021-07-01,1.7875629077414892,1.173632293700565,0.8944012948055046,0.8818547208612415,0.972794674321619,1.178642779149719,1.0122064249222238,0.970564412210615,1.1664787651636304,1.3263115388971292,1.8721925170812623,1.31376444327734,1.3585236646168124
2021-07-02,1.7936897590140721,1.173971693801273,0.8901951790828483,0.8777131994073841,0.966214468022791,1.1811545806786496,1.0140943243210276,0.965544029901655,1.1738301800348463,1.3339961267572364,1.8967475006017702,1.3238055474033166,1.3689075164333655
2021-07-06,1.7918194957236668,1.1473438209527622,0.8667026173610466,0.8544769040887806,0.9482550152029667,1.1673802852532347,1.0076881317322215,0.9536384783727244,1.170271077404231,1.3290518797021826,1.90664141844845,1.329894090341549,1.366414068754235
2021-07-07,1.8132475074271581,1.154857452391971,0.8618864628810661,0.8496961049859975,0.9475845779623662,1.1788084270379027,1.010331854457136,0.9548305914861278,1.1769588276483718,1.3419211706262548,1.9078816207799927,1.3365048989047816,1.371242978772876
2021-07-08,1.7812816974143406,1.1396079242700228,0.8498813321132438,0.8380323804681752,0.9244005321707403,1.1610990032097777,0.9944547031586131,0.9364357653600291,1.1708845127680008,1.336187883577915,1.9038830017004027,1.3262909998645593,1.3600702308214294
2021-07-09,1.81622582506937,1.1811336585992462,0.8787689198512809,0.8664296422784779,0.95769675180575,1.2011459586998898,1.0284196567718944,0.9715375021916942,1.176136166820735,1.3440556963067967,1.915965336600305,1.3474547190418054,1.3745884961114834
2021-07-12,1.8067994990806004,1.188264169692386,0.893132420064904,0.880673474294469,0.9681727520193729,1.215147845830627,1.0436522672836743,0.9843873131734446,1.1764552982904615,1.328699380312534,1.932663891592981,1.3449588787784386,1.3795121148888396
2021-07-13,1.7917866656760593,1.1788410064691193,0.8755455067653435,0.863292672139928,0.9537986034598026,1.203980813207336,1.036500632685896,0.9696289654714182,1.174811779079646,1.3099065931421239,1.9254770965490358,1.3336339083423423,1.3748096549756872
2021-07-14,1.7924958480338475,1.150850260543216,0.8616174080867546,0.8495468076532336,0.9398253952231083,1.1928821014306026,1.0268203869049513,0.9559057093602731,1.185757883892268,1.318648449907871,1.9241122451696413,1.3380956648578453,1.3768611971516926
2021-07-15,1.7832307239035985,1.1481418464654574,0.8526321133632438,0.8406773473566027,0.9331620193686161,1.1937418521782832,1.0262482103531325,0.9446337447148874,1.1881780106165112,1.3135353998285253,1.9099628478918094,1.34320437056921,1.3721583250132576
2021-07-16,1.768274213741245,1.1245737308496127,0.8286097203273552,0.8170335935419055,0.9111318302359256,1.1732845992943721,1.0107935257141556,0.9189750948888376,1.1915812439539137,1.318964591417881,1.8906237792882936,1.3382541859378625,1.3613956381618426
2021-07-19,1.7466974666098973,1.1006873279565461,0.8112625798244256,0.7999909173791858,0.8862991043295535,1.1514987853905636,0.9908415359680618,0.9007564274770333,1.185080494365901,1.3033130296808204,1.868863861075403,1.3151822088947105,1.341290483614462
2021-07-20,1.7653981746177099,1.124695824241031,0.8351713454265375,0.8235700521295518,0.9162859403814945,1.1821824951073605,1.019318647975203,0.9244482672673776,1.1818480091669263,1.3087708719354592,1.8977716400060671,1.3351181063403892,1.3605118271555925
2021-07-21,1.7655385043601413,1.1543067451470979,0.8543715691585322,0.84240331361942,0.9403844291891726,1.1989506286522824,1.0353709493820633,0.9516138386708811,1.180830273876399,1.3066376123529397,1.9018113815221802,1.3358640520801353,1.3715272081053431
2021-07-22,1.7600231624106784,1.1583784782403597,0.8443552594203729,0.832536085683629,0.9312582538809452,1.1987142017266232,1.0330077177231278,0.9399864731771067,1.177975708828181,1.305023263750645,1.919539572134973,1.3392740536441612,1.3743989755377322
2021-07-23,1.7731627677420991,1.1619120944970736,0.8413060128230828,0.8294856122796983,0.9345405536856327,1.1995774112603146,1.0335977163498369,0.940008681009443,1.1892315617181957,1.313746912966343,1.9479898788366332,1.355046852182369,1.3885389210745278
2021-07-26,1.7865593844870942,1.186275514220584,0.8612034741420526,0.8491041028802843,0.945964668675867,1.2101121921441036,1.036934334582564,0.9533664828282906,1.1904631207086742,1.3196911131006204,1.963845169058801,1.3529746979465291,1.3919479211066816
2021-07-27,1.7861997455100436,1.179067828750003,0.847282164861657,0.8353622133081406,0.9358898880209598,1.2051717914483029,1.030906616801497,0.9384201889974191,1.1948283379175366,1.3159560659509622,1.9343571212682737,1.3555500134219929,1.3856037740049139
2021-07-28,1.787348149059238,1.1865567996972686,0.84906574030111,0.8371826570337265,0.9372647430624638,1.2025539138695676,1.0264757372086015,0.9351643067342356,1.18487699399969,1.319509862337681,1.9366655959997192,1.3584012531986043,1.3850357275652623
2021-07-29,1.8053130061606786,1.2136700477594025,0.8740646512050408,0.861910703069493,0.9583508243765506,1.2198684188744504,1.0351752697174517,0.94491093129936,1.1870642193414869,1.3236181840997658,1.936548182669641,1.3651447062244222,1.3907797777116435
2021-07-30,1.8143558822135353,1.2009365669244416,0.8804097802181023,0.8681942361658065,0.9615201358999881,1.2178120338341671,1.0310497707550492,0.9493731991750314,1.1748176697351636,1.3216105627160988,1.9097966247472775,1.356897350191097,1.384025672566165
2021-08-02,1.7919250545005225,1.1963485713952668,0.8743043766994256,0.8622181863611189,0.9479900356497439,1.224874513234802,1.0426026102249588,0.9272919537526682,1.1740651161768139,1.3225028474908789,1.9171458129796994,1.353046264909725,1.3811218546180413
2021-08-03,1.812530083034458,1.2293151535028108,0.8868186627406853,0.8746210214441267,0.9637297062124881,1.2527602599999388,1.0587280000870194,0.9427064518910958,1.175918467006892,1.3049859018426855,1.9281733062658324,1.3641366646518516,1.3923579822067131
2021-08-04,1.7895506858329198,1.2183958187097201,0.8728723752040642,0.8609056871240583,0.944688558217493,1.2478322788140257,1.0565391216461626,0.9263727860433174,1.1644720032312572,1.2944813150506933,1.9340683074865357,1.357423837541561,1.3855090652461985
2021-08-05,1.7665447917441746,1.2215293010705601,0.880598112203576,0.868496033651158,0.9608815559591922,1.2466155044457397,1.065266442507979,0.9357377789479804,1.1683824799158273,1.3029506677728613,1.9471645126256958,1.3678107201328087,1.39428307427723
2021-08-06,1.7665689727286717,1.2465823219293246,0.8899883393306511,0.8776673566644637,0.9729772518362675,1.270929149236389,1.0876917226974931,0.9564881319982123,1.167593060741633,1.3302783659082373,1.9336987335119262,1.3679963948001672,1.396587310551571
2021-08-09,1.7676394439200778,1.2469148796075473,0.8948459488887567,0.8826320585077254,0.968168378468958,1.278316970052429,1.0884413276855913,0.9591942294103216,1.1679756340601144,1.3388020498376807,1.937957151785852,1.368516135858517,1.395450908503306
2021-08-10,1.8122031512717622,1.2948887554162631,0.9102054951686639,0.8977592515771834,0.9887068252768194,1.3112652377984009,1.1009640197937456,0.9760073487264227,1.1727786656000312,1.3486018015008887,1.9291935516271606,1.3691985352268032,1.397186892225354
2021-08-11,1.870215188548984,1.3152141666406283,0.9206600533504266,0.9080194623773543,1.009645335790125,1.3362631290337523,1.1164697920029132,0.9879611964208196,1.1772675671198065,1.3587741598230323,1.9250841125402465,1.3717113775958827,1.40065885966945
2021-08-12,1.8665375064353364,1.3341976150506625,0.9221470650691767,0.9095482663934676,1.0100951942648564,1.3485565410515747,1.1225805278961627,0.9877432200414251,1.17967593275091,1.3582530828577002,1.9495153518590942,1.3766492247333337,1.404856343611214
2021-08-13,1.880899488017978,1.3360165161126742,0.9137840703029413,0.9012960687463729,1.0017246879782353,1.3509988475701293,1.1205880645935504,0.9754450512868474,1.1883242226221258,1.3520502584558447,1.9508722427282348,1.3781331303348352,1.4074129648149285
2021-08-16,1.8743264445762056,1.3095481468194614,0.8940951005000849,0.8817039499109237,0.9949554062094366,1.3404458392998657,1.113947833461043,0.9639921765309881,1.194931355724543,1.3557764413934668,1.9453910217199342,1.384181989740353,1.4107270499757252
2021-08-17,1.8562091762046236,1.2746119850152622,0.8608110814113398,0.8488660913293807,0.9643912067618047,1.313732486333557,1.0985253080551594,0.9255264019948553,1.199097562465876,1.3490986517053565,1.9143813781652468,1.3860646795978357,1.4014792910384748
2021-08-18,1.827891446636142,1.2580878881448398,0.8565151064891595,0.8447858560388534,0.9533798330511724,1.3014882491967161,1.0825687715713948,0.9132887608510565,1.1802682228662666,1.3457192010980568,1.9071457336339968,1.3735323204746057,1.3861402852104336
2021-08-19,1.8238744285087005,1.233072529410709,0.8283820570964593,0.8170151826684922,0.9271635050024662,1.2884366248986203,1.0751774095718831,0.8887533081990789,1.18866973882696,1.3474482683282814,1.9056370666418092,1.3755871441592982,1.3882864330888338
2021-08-20,1.8221868712882414,1.2383705417626987,0.8436952195186396,0.8321638723199813,0.9319781410422001,1.293050693502136,1.0822877033417195,0.9083439772588323,1.189290823803156,1.3658807943445168,1.9296900421056762,1.385961191438656,1.399333040103754
2021-08-23,1.8484593951682464,1.2791743099206576,0.8711589447994013,0.8592615220849961,0.9596115162100467,1.3182480018517453,1.1002208942596885,0.9365476174336981,1.1835065651514227,1.371578965197178,1.960252758780481,1.38437006537817,1.4116426023287483
2021-08-24,1.8624483642081633,1.2961300544732701,0.8891200375575801,0.8769604135339706,0.9790386718954716,1.3223643169304808,1.1010155513946982,0.9573093998891424,1.1725163864710029,1.3770006704431494,1.9650608215246215,1.3829316004504968,1.4138833559095432
2021-08-25,1.8640095733146087,1.3063187416070592,0.8915843277950067,0.8793901887720077,0.9918572338308964,1.3311110851189574,1.1169381622498007,0.9632987610799384,1.16989997030279,1.394616835985752,1.96477877806759,1.3810600077380943,1.4168499351569683
2021-08-26,1.8491654006461518,1.2985441642755162,0.8749581677455682,0.862994368154332,0.9807482071127568,1.324248534002014,1.1144235225861043,0.9489892258626532,1.1622301399805244,1.3558096315484962,1.9503108657751096,1.3699645617236902,1.4084860902822889
2021-08-27,1.8755353072623626,1.3371480957025181,0.900162997915246,0.8878200147455184,1.0033572906698858,1.3502301036736448,1.1368431104843588,0.9766928477269722,1.1640584995844063,1.3470822378259621,1.972680749503137,1.380701192926388,1.4210791604455053
2021-08-30,1.8798733581046476,1.3234021827691684,0.8946618451137324,0.8825265691583603,0.9937654522146856,1.3377133956810912,1.1212512779419395,0.9659290190679145,1.168613514003962,1.3585158517938576,2.017316073599817,1.3794018934955408,1.4273285987885573
2021-08-31,1.8717183955649748,1.3085629169458042,0.8918801468868036,0.8798189847772567,0.9853314029898321,1.3340333392998656,1.125705557460067,0.9589258112889839,1.1725162521936592,1.3678254293542824,2.0179861205968876,1.3754288773288539,1.4252140892006093
2021-09-01,1.8716108208158335,1.2997742540634523,0.8854503972994975,0.8698691976144165,0.9903336016299128,1.3317716215474327,1.1279834531685948,0.9487819521254264,1.1741297629309075,1.3640306117856915,2.023096689269343,1.3824722396253497,1.4259714501013712
2021-09-02,1.8913576836088022,1.3089055097854982,0.8977934654223613,0.8794730731561035,1.0035620669009089,1.3424947542531214,1.144710519208634,0.9620825008696281,1.1821546935034173,1.3675823543394026,2.0290165073845774,1.3978392913221271,1.430358763785849
2021-09-03,1.9245127602079233,1.331192723873938,0.9039230052935772,0.8819985745980591,1.0169093615176081,1.3669448196751794,1.164929845227921,0.9644959869688713,1.1823918196630852,1.3653570529783186,2.0566121433709053,1.3976495978711994,1.430011360928798
2021-09-07,1.9401581673124153,1.338144643429602,0.9129912134158307,0.8901281493737548,1.0244646608950494,1.3735012024266442,1.1665750097176673,0.9567852476423943,1.1670572302770987,1.35831518438701,2.095711236998835,1.388935205018416,1.4248984276903316
2021-09-08,1.917823776290687,1.3157603874481567,0.8914601579653912,0.868133497960791,1.0186003695132135,1.3542318119389734,1.160086255826676,0.9463054724043571,1.1718920556021108,1.3702500140989242,2.0683503635857488,1.3975434195875078,1.4231625470246043
2021-09-09,1.9490121124723276,1.3417166586197264,0.9176703725802594,0.8900363046243042,1.0302961397768855,1.3732703543050013,1.1799867303750158,0.9544844644850456,1.1620222483587637,1.3553527698362289,2.097633139464655,1.3743344115613847,1.4170708879085308
2021-09-10,1.9442879433133922,1.338022863415564,0.9128697444903546,0.8860997335030883,1.0245911440493465,1.370089948688241,1.1706293203255773,0.9511263786619866,1.15733476743225,1.3356629241788802,2.061935855529108,1.366217283570662,1.4058979338444428
2021-09-13,1.8807077103116832,1.2920150394714722,0.8897766839968854,0.876605273778662,0.9892326265932918,1.3172350006444178,1.1328549241921544,0.9287443258589471,1.1609100342703238,1.3464450847471177,2.0316103092644595,1.355186724030867,1.4094961452813861
2021-09-14,1.9031044952848277,1.2960005276001345,0.8847959077822857,0.8697482141091674,0.9987693850161433,1.3261402923924648,1.1459654764077307,0.926236806327697,1.1576043717337028,1.3320536140287338,2.0399482426140687,1.353794081818953,1.401889764363789
2021-09-15,1.9156561546781383,1.3154170618332277,0.9080140424716168,0.8943938396050779,1.0069430788637994,1.3407543386800014,1.1547010038277747,0.9491668329542841,1.162433206267394,1.335039147933763,2.058317633483209,1.3523809508680253,1.4135990235207556
2021-09-16,1.931111395309242,1.3202417827881228,0.9131433242785626,0.8957690532281248,1.0035064226748347,1.34761527103016,1.1612080407998207,0.9489804653471673,1.1595711564016713,1.3382523422086654,2.068776501891412,1.343229581391707,1.4113583729962813
2021-09-17,1.9125200104215467,1.2895534828461062,0.8926048803317242,0.888799079473242,0.9961368197085261,1.3177808475835049,1.1400596979043127,0.9285522463148798,1.1534651362371815,1.3464354945981916,2.0398723286126037,1.3383863097547442,1.3976100414781132
2021-09-20,1.8902184990384903,1.2568434576309573,0.8486807113635235,0.8367657352044433,0.9824935625674127,1.281353135143014,1.1288162214181068,0.9013078136748041,1.1477139470053088,1.3269290843809063,1.987950513121881,1.3354435447095783,1.3743064309617514
2021-09-21,1.9091917107084122,1.2630757746017827,0.85748635959503,0.8420851338937133,0.9892744509341119,1.2931427648884974,1.1323992170235757,0.9011443327254022,1.1453244063330066,1.3125660247648174,2.0091156681511784,1.340138708436385,1.3730079213210387
2021-09-22,1.9419393570401993,1.287052885083045,0.8811135354983503,0.8647544034554808,1.0007875750185846,1.3106869194371424,1.1475426454445963,0.9252866903609003,1.1464353646231067,1.3217475402677472,2.0393450764153385,1.3510931311963947,1.3864011207581037
2021-09-23,1.9682202354886857,1.3216064972198858,0.9159257656085188,0.8984581929757444,1.018187794745147,1.342945820651742,1.1726041715523843,0.9569886375731195,1.1548627798986806,1.3392997005308087,2.0686091328118232,1.3425898879407794,1.4032462947130508
2021-09-24,1.9330018967130511,1.3045820705688849,0.9021183557498151,0.8895749435021726,1.0010612566592094,1.3266365639073572,1.160451065244401,0.9601336202925408,1.1561277152014149,1.3354541835630354,2.0528417164299873,1.3339517638563068,1.405557847986161
2021-09-27,1.8724294212797015,1.2744081732071295,0.9079726636874371,0.9048487592294063,0.9649871676089163,1.2946196649892054,1.1227501752755287,0.954096837074157,1.152010551161803,1.3415617877805646,2.040605215880671,1.3077945777295976,1.4015364872964586
2021-09-28,1.8028932678678362,1.2240708057678595,0.8886560718524151,0.8872999641015377,0.9225052477480765,1.2445103454930506,1.0789778901955724,0.9302861320799554,1.1415013945532215,1.3289551189268047,1.962796849486628,1.289899626099959,1.3732929751040714
2021-09-29,1.80155968251017,1.2161345638550178,0.8835612861621075,0.8788515821053828,0.9201520571352836,1.2362516888005457,1.0818083211800695,0.9351618763273919,1.1486303235006703,1.3793372146451885,1.955462082335749,1.2943940352796464,1.37560432226454
2021-09-30,1.809938400314125,1.2192151386536019,0.8753679870593243,0.8665690284325923,0.9093084566714165,1.2379487488133631,1.0782506502053382,0.9315733608549799,1.1328782101583852,1.3540909110868389,1.9627339970086006,1.28207282479991,1.3587911988253278
2021-10-01,1.7723063484647599,1.1937487947739023,0.8644703350054912,0.8636078290536251,0.8876908999087211,1.2079005087239465,1.0579167653939368,0.9432696655577386,1.1359613526296988,1.3756776481473858,1.9156547657463936,1.2830472243665605,1.3749391967707971
2021-10-04,1.7063484711149064,1.1608053930557627,0.8647865207659893,0.8645611207558956,0.8600235247256156,1.1695569624287805,1.0342085374734045,0.9409112945860589,1.1331010926199332,1.3591406986082013,1.8746473179314522,1.2724762587903886,1.3572082537395067
2021-10-05,1.7415076691129534,1.190994281987037,0.8858146896350078,0.8893277381493891,0.867734373724639,1.1971869661671837,1.0553885644814611,0.9675199047392571,1.142671281142272,1.3553610950315411,1.8951177357170967,1.2834679259656816,1.3713298552512192
2021-10-06,1.7123104408719867,1.1639844787872689,0.8545194753634623,0.8606199445321406,0.8515923754336234,1.1759878113133628,1.0334106962105871,0.9537498850172722,1.1539225766134633,1.357476312621873,1.8772608433220772,1.293262848603621,1.377029282010741
2021-10-07,1.7291587494352192,1.1872038179672615,0.863351102446287,0.8690651328637445,0.8641219149233695,1.2011833597523887,1.0480363946816564,0.9636210216826165,1.171512798781432,1.3730813731992657,1.9088512196038157,1.2947385413526447,1.3889346573459833
2021-10-08,1.7107579933622212,1.176033602360572,0.8600964866625956,0.8687444108559931,0.8525560305239555,1.1846062147481162,1.036997064771378,0.9616222141569818,1.169630051894225,1.3775148319089825,1.8920054157708077,1.2872991927503499,1.386401120758104
2021-10-11,1.7013603218534323,1.173608105686988,0.8584283372866801,0.865988614423498,0.8481520098330375,1.1821267851216515,1.0323268995186925,0.9575576574629511,1.1554331238699331,1.3572457095945294,1.8891825336907297,1.279416201722518,1.3763643626296396
2021-10-12,1.715360308120522,1.1792201526916877,0.8677614919650248,0.8688709430291499,0.8471426470400688,1.1878463718754968,1.0335963598153235,0.9592370462721551,1.1434542195272817,1.3516467952573712,1.9011527164910227,1.2840381011365805,1.3729762830305865
2021-10-13,1.739832159469399,1.1984716238296882,0.8771475116717509,0.8743438067986812,0.8572169664980767,1.2023867857320032,1.0449526338479163,0.9705859955137932,1.1467150067282095,1.3430417838895734,1.9329182911370186,1.2881852279066,1.3779157724813293
2021-10-14,1.7728729637601706,1.2234705284393683,0.8970504114138773,0.8932378028466548,0.8727831850649711,1.2275621200902185,1.0643733587166908,0.9868220823591911,1.1585223854971305,1.361212068923753,1.9676892216179753,1.3110845626233967,1.401093139004844
2021-10-15,1.7617325691678853,1.2226973108566657,0.8944411632525614,0.8924743293359125,0.8691857424380179,1.2245132025105676,1.062708650006974,0.9894101654356682,1.1639214858007803,1.3759711101377423,1.9882988895867255,1.3049265944837483,1.4117634873929195
2021-10-18,1.7924478950956197,1.249138949612464,0.9061960828768901,0.8953398513390864,0.8862367449404592,1.2499084877354822,1.08655034083339,1.0106961290663443,1.1577674838018788,1.3727963138425763,2.0387955479119206,1.3034105613111409,1.4159432456475247
2021-10-19,1.8119879875638814,1.2584985039032355,0.9038929830538921,0.8956909404351557,0.8892287829043264,1.2613533691746912,1.1005143834969644,1.0176562723463736,1.170654714102782,1.3796598819578108,2.039495038268366,1.3148912970899493,1.4268670095281806
2021-10-20,1.822865551040444,1.2572717636383428,0.9108609991061383,0.9062605451180782,0.8973831957461232,1.2621960052830896,1.0932742978951577,1.0199213762587271,1.1800795981359853,1.402247727569383,2.0378395908806706,1.3294515128492268,1.432471624472666
2021-10-21,1.8532979332425925,1.2664035858429326,0.9017065584170514,0.894043500097021,0.9032534243227834,1.2722483124119959,1.092489512433732,1.0135185392683705,1.1781125460577382,1.399721712096971,2.0735537449334047,1.3369252494214923,1.4362074160977323
2021-10-22,1.8407965507963036,1.2627905241287603,0.8978045869815046,0.8941049760415402,0.9007798510195607,1.264300732646676,1.0992127424142009,1.0202210584944447,1.1817794611883534,1.4061938533628402,2.0558271198723697,1.344359091889754,1.4347193858832679
2021-10-25,1.8708927849271628,1.296155316761817,0.9316412019717389,0.9177942430093136,0.9165659105898732,1.2965135614735803,1.1135174329659587,1.0326788038557728,1.1800278269720448,1.4042398013914046,2.1498451206658267,1.3265553611158283,1.442413570786094
2021-10-26,1.8544880241849755,1.3113483816421878,0.9336059045779401,0.9281896157815303,0.9148239458681936,1.310946886668893,1.1051020414254313,1.03260062697589,1.1805798933935534,1.4156870639646468,2.152463501403131,1.3274491996168047,1.4437118743141653
2021-10-27,1.8441106605985498,1.2914778845108401,0.906882182692259,0.9002478648736323,0.9077233782412405,1.296031248698922,1.0942582982918865,1.0099162453001698,1.1655478367758165,1.3919050006711897,2.1557897007439513,1.3273033431409746,1.4373156837704484
2021-10-28,1.8870077202298976,1.3151990860260376,0.9314396799075298,0.9185177520348871,0.9180431414248342,1.315093098483773,1.1144038373849041,1.0356305448836047,1.1779965868902575,1.4042468105161603,2.1964220386956113,1.340239806306258,1.451184385071184
2021-10-29,1.9058211052396634,1.3371856239593873,0.9338227279650859,0.9177565463616693,0.9264962252261038,1.3385124710423668,1.1285592199227459,1.0507935360258778,1.186197113509215,1.4042031993711408,2.1939778492424864,1.3276861358045489,1.4541290133223017
2021-11-01,1.8919282280423977,1.3163692596710572,0.9430154623019389,0.9322782491280877,0.9182496416689749,1.3184507362706384,1.111270900525773,1.0476276369398791,1.183152537817992,1.4204661479795393,2.2451210026238337,1.3326311126111894,1.456630499394446
2021-11-02,1.919315494582925,1.3393071314133058,0.9493670606600932,0.9330384017541251,0.9178486849429007,1.3392474027974328,1.1320174505135658,1.060012966377135,1.1897981207800281,1.4081514453733381,2.2490407230828184,1.3320628997205644,1.4625195497840402
2021-11-03,1.9136496498563624,1.336483361843909,0.963656078909605,0.9475996686532341,0.8970905672671194,1.3478553337437829,1.1244965764901282,1.0554117975538928,1.1848555624914539,1.4461818050229964,2.290882477233209,1.3535356467603592,1.4714484524650708
2021-11-04,1.8587461372831202,1.345637171391333,0.945286653708189,0.9245463769509636,0.8644197680117484,1.3506995115620812,1.1002257223031164,1.0774008898085314,1.1761780362081897,1.4347993175352034,2.26574243664483,1.337792152345076,1.478382700059118
2021-11-05,1.8249424644925927,1.3159175087250123,0.9321553853976421,0.916668559797033,0.8335349001528617,1.3030698807103356,1.0600050359627844,1.0866049310988146,1.176967463774718,1.4572430049741683,2.2119170841668025,1.3263525367139724,1.483512534534178
2021-11-08,1.8508093544462059,1.3529273941315065,0.9489683797824077,0.930769832189306,0.8483748095156546,1.3442008369786462,1.0800084539315344,1.1087526117628772,1.174250870604552,1.4549518489683089,2.2329130604241265,1.3302751525281813,1.4847786844901936
2021-11-09,1.8424882713773583,1.341995455769385,0.9376789148318462,0.9210903466775262,0.8466384798647757,1.3294096712453087,1.0794155927559974,1.1042303945845326,1.1706296191168202,1.4534342616880356,2.156478334471978,1.3319543937086011,1.479871142498865
2021-11-10,1.789535915420327,1.2945767566955935,0.9135543607699564,0.9012379857613886,0.8419339556338187,1.286537440143319,1.0448104963204505,1.065540801460143,1.177884325118102,1.4668008060300766,2.120466875121392,1.3200706740735915,1.4679655610509814
2021-11-11,1.8080133446195457,1.3132447962082276,0.9392503641116313,0.9249429849221551,0.8426497011782523,1.3098123014790735,1.0477809331795813,1.0789891096419058,1.1737039786291492,1.4721046909177717,2.13551857952813,1.3146447265027907,1.468440650689369
2021-11-12,1.8333685280301901,1.320781870488013,0.9391183023440531,0.9240583484246575,0.8502143023135063,1.3168684507710655,1.06144848536464,1.085633173210021,1.1810813431692493,1.4818423869932111,2.14379638409356,1.3302849997877029,1.479522709078607
2021-11-15,1.8362077629545066,1.3095917469299685,0.9349554243075541,0.9225745456292473,0.844138542425811,1.3060953884465416,1.063566070356095,1.0776408487623892,1.1781713353109728,1.5291820987546858,2.134729120299615,1.3547657843946366,1.4800294370074472
2021-11-16,1.8616715874173972,1.3190318336761844,0.9426755380618266,0.9266164243295036,0.8586547091128226,1.328240542636605,1.0839856222054602,1.0859365469282827,1.1782596293402088,1.5495778247678695,2.1794309147332087,1.3693861869214918,1.485887158275551
2021-11-17,1.8577553886869287,1.3098288860596072,0.9344137903201274,0.9115086587502801,0.8610736269595024,1.318377105365487,1.091292687024796,1.0795912748640737,1.1791514658880604,1.5449724368894515,2.209989781615533,1.3676892104505447,1.482277610643332
2021-11-18,1.8662239342191553,1.3525242969787967,0.9531195070254496,0.9256843696191156,0.8636235445620415,1.3643112202031333,1.0994569539925694,1.0908425001448354,1.170272679991759,1.5447229129636704,2.2657398930046933,1.367942672669783,1.4873118088527901
2021-11-19,1.8762621010282374,1.3780257267273317,0.9496247220980815,0.9134801374032342,0.8733090990664361,1.389962325702401,1.1050510236642002,1.0824946237868032,1.1611905974340808,1.5254767947996077,2.3072797123406303,1.3749817443250563,1.4846521313283845
2021-11-22,1.851716700027261,1.3745350588119873,0.9756827604281595,0.9373374761178338,0.8744055254580376,1.3898237013203818,1.0873039029976963,1.0766679529494008,1.165306593222655,1.5034849361265121,2.3175226398918998,1.3698059218763259,1.4804726822427414
2021-11-23,1.809060857436929,1.3659921778000246,0.9795004465090922,0.9486765691354119,0.8618007479311821,1.3752927969319542,1.0811450101754307,1.0807793936079702,1.1689473738623033,1.5621724849546372,2.2775954655144584,1.37107006219615,1.4824356990392729
2021-11-24,1.8247628471830226,1.373287078121985,0.9734757883059673,0.9431743772103631,0.866640870917022,1.38299613040516,1.0867999425789951,1.0896027471846303,1.16710277032379,1.5670687541807116,2.307833430907525,1.3662635062574293,1.4863937831480705
2021-11-26,1.8512908699491362,1.3860079464233765,0.9690355791079692,0.9288264298989618,0.8809861864687799,1.4023374378545006,1.110605553998673,1.0618575132673942,1.155663220877684,1.5244158344114245,2.3184934849236383,1.353862429749861,1.4532424197953926
2021-11-29,1.9237167671659332,1.447237467221106,0.9986195108401469,0.9494314454629267,0.9104056460024713,1.4662734688145835,1.157406384076798,1.0868239897078238,1.1621879067373642,1.5204172885740221,2.431802212950982,1.369050165498152,1.4710687929796433
2021-11-30,1.8777914528348785,1.395306624630774,0.9566264253604105,0.9086148637368525,0.8855064852358698,1.4213812492711264,1.1239685117623448,1.0443253423994743,1.1300389496755965,1.4697612514341294,2.4126030659172906,1.349878185975447,1.4424454151891872
2021-12-01,1.7942546158292632,1.321253645924414,0.9158992197024516,0.8737906152322139,0.8589131502749323,1.3468227064473348,1.0715489519021153,1.0057753362959587,1.1217058642340072,1.4471712497556626,2.2980421802971738,1.3211055167554762,1.4264234551239237
2021-12-02,1.8069986204371626,1.3226411845731245,0.9361554280268275,0.8951166241119868,0.8792438507857105,1.3475899567306837,1.0688773650385786,1.028551985651874,1.1349251188811902,1.5040699160947069,2.297953592161684,1.3282562660327635,1.4482712920541974
2021-12-03,1.763437060855406,1.282869965891789,0.9248761517511928,0.8835058483551509,0.8669797024550221,1.2917166397751172,1.0382209365107464,0.9996736683911317,1.1410176228103284,1.4896254205121262,2.216703278212099,1.3310280296436032,1.4356693590474012
2021-12-06,1.7628574377284223,1.2136490933942303,0.8964620446192348,0.8593994724701411,0.8674813240828296,1.2560134644211132,1.0003802657343792,0.9926961697644228,1.1579670616683606,1.5600447490109666,2.204366596083193,1.3183325843921383,1.4526725183419684
2021-12-07,1.8425164266810592,1.282820435671757,0.9613415223108853,0.9218536949585444,0.9140731190504809,1.3225710495651561,1.04535484611768,1.0618046555584901,1.1642373772201184,1.5689349791897995,2.3037587130112933,1.3561647981754026,1.4827207528223048
2021-12-08,1.837757226394194,1.2834627746152385,0.9571420929895963,0.9174619495819576,0.9146064701857347,1.3274332352341016,1.0432726149775433,1.0605710698193545,1.1625167156753187,1.6233022700680955,2.314144358305483,1.3607068864932736,1.4866468894716882
2021-12-09,1.7816535269007856,1.2234240516232953,0.925083907030734,0.8867848328064449,0.894510214311101,1.2689075562179883,1.0058550292231487,1.02209843378725,1.1642861549911145,1.60452226232426,2.2396629633469867,1.3515734989276609,1.4766099252305824
2021-12-10,1.8355518029437237,1.2052872470426068,0.9306355519281948,0.8934382282684811,0.9182670410933276,1.2699700714767774,1.004803121874516,1.042553354365253,1.1730710739669445,1.6081295197858079,2.2506747835679337,1.3716724180331907,1.4905101617654497
2021-12-13,1.7542884227023294,1.1702821498441205,0.908092363833102,0.8696136913727291,0.8965092396559496,1.2058354706466994,0.9754983062006878,1.0010121579236027,1.1763005077895763,1.5643428454770312,2.1683967089219376,1.3581854940524778,1.4773063798458155
2021-12-14,1.735907592891233,1.1766341979550825,0.8948432572352016,0.8562218697021969,0.8734837765517016,1.2026070145309766,0.9787305693842816,0.9796727074688908,1.1821771427688244,1.546276499499248,2.1680954981370255,1.3582446626773557,1.4671422441049764
2021-12-15,1.7673916018710305,1.2287554954099165,0.9211355954157436,0.8815117519806394,0.8945244507612964,1.2467502548874219,1.0313985717036176,1.010612814814472,1.1866758028564097,1.5210979075803026,2.265255195097475,1.403341068469592,1.4900665043048726
2021-12-16,1.7296567233309914,1.1780606864499557,0.9046238308893765,0.8653724270294675,0.8876334809126636,1.1869650467575392,1.0008413771845746,0.9829607579297064,1.2083237303313854,1.494673600710796,2.159147056059389,1.3953199792972286,1.4769262050787844
2021-12-17,1.698367367766874,1.1880183078336226,0.9049374825464809,0.8642837841461668,0.8768531224074145,1.184064479130586,0.991883605883305,0.978386178309345,1.1970819111404063,1.5164929255856736,2.1500397326035787,1.379924879466601,1.4612076428216365
2021-12-20,1.672692355845945,1.157157085375737,0.8811432009684169,0.8424735973785886,0.857161421090581,1.1573526703537307,0.9871127166010785,0.9591002884930608,1.1929370310363414,1.5179599955929979,2.1178744349046044,1.3785613329044062,1.4456701505199436
2021-12-21,1.7317798015818764,1.1884474195050705,0.9137362500177943,0.8754693375061521,0.8899679539503833,1.2035700104416212,1.0105497359492228,1.006247312266254,1.1969437162932994,1.593370150507854,2.197439095167666,1.3913566961398798,1.4713436441869265
2021-12-22,1.7755771235690285,1.1954308835553635,0.9168356293665492,0.8799891823242674,0.9072506813826343,1.2268388428390822,1.029346998522465,1.0333717286175725,1.2024294825133923,1.6118200580014452,2.23834539552167,1.4068342210879998,1.486055140078277
2021-12-23,1.7969564476237465,1.2149887479352464,0.9172592965113245,0.8805520775269041,0.9078834366621753,1.2507041626633009,1.0417881194331098,1.0445916131085393,1.2046550703582408,1.634176436938213,2.2739957785172753,1.4100300272098258,1.495301353170717
2021-12-27,1.8578491474375896,1.2509847703504076,0.9552896859156214,0.9183132263611326,0.9461561028303883,1.2961192047775587,1.075963801500981,1.0942335328167914,1.2150317526397352,1.6185151336087453,2.336951893476992,1.4374896385303215,1.5164631441741476
2021-12-28,1.8494075421557596,1.2311963697003832,0.9451522576319299,0.908762104077197,0.9417086029829762,1.2806074677170118,1.0588665465571332,1.085743637949848,1.219732365470851,1.6191048320187793,2.3216741598649313,1.4231147764316276,1.5152239949741533
2021-12-29,1.8412522148356607,1.225543278269719,0.9436132122980676,0.906588543743945,0.9428197972121022,1.2682926361740432,1.0471787612177779,1.0798526146954535,1.2225053446349745,1.6083241578473315,2.2972445700211814,1.4261127273669916,1.517162175197398
2021-12-30,1.827758051513212,1.213383415369939,0.9343072594629847,0.8970926964233884,0.9315029702009938,1.2542423706711134,1.0378477721430708,1.0638190125531195,1.221085963302577,1.60946604761021,2.270375506453066,1.4225226543536857,1.5129682982268582
2021-12-31,1.828665459464567,1.2096380507993214,0.9372197075831019,0.8997439838837155,0.9360561489882252,1.24757449042209,1.0358270903803755,1.0629649792737006,1.2219854425964003,1.5836552913083302,2.25153918710187,1.4248881095996573,1.5091550082486318
2022-01-03,1.9140566868052655,1.2434963021802417,0.9283857590662562,0.8932055839966305,0.9250603852095387,1.3023319687546095,1.0650221694209028,1.0842729661053656,1.220925336891139,1.660654865588115,2.3612708632035546,1.4255369251361563,1.5178930506237418
2022-01-04,1.9537632013545208,1.2113191567944994,0.9386748917566858,0.9037441246460446,0.9435367249312183,1.2772613876999221,1.0318861586787151,1.0854147812909125,1.2327315599975235,1.6775493668927417,2.296726525740176,1.4120496704211905,1.5173844676811292
2022-01-05,1.8936980690226726,1.1377370542096605,0.900234235857638,0.8675444698761472,0.9114395748915455,1.2111778229416215,0.9897636412836956,1.0424777821606634,1.234737993293727,1.6493684565915332,2.1998659826798734,1.396146907435961,1.4882476633009882
2022-01-06,1.9308415596232587,1.1404742644834032,0.9284380307184777,0.8953125862549314,0.93769346092365,1.2109974014938676,0.9888280150629926,1.0694165124005317,1.2363585306701308,1.643079208697246,2.187843215422183,1.3884663494220448,1.4868493951418462
2022-01-07,1.9080249296412641,1.1044979095029344,0.9207014073359094,0.8877406666229734,0.9284100380720874,1.1790450913132036,0.9650273329951214,1.0563519032544135,1.2456521538314467,1.6999960170163382,2.1446764948411285,1.3780818126788807,1.480971371778566
2022-01-10,1.890550819991606,1.1331634383725633,0.937414745043429,0.90230057644353,0.9264853035750171,1.1804887940109574,0.9752429381586957,1.068581114680195,1.2362902660903579,1.677459262217449,2.1565402155442537,1.381730989085741,1.4791284155956401
2022-01-11,1.9221648008570844,1.1376470948743334,0.9431597847925746,0.9091943764160642,0.9398938179793139,1.2104345459640824,0.9903205565668987,1.083023297984028,1.225465554672206,1.7016256785763966,2.200241033796817,1.396878829204149,1.4926004531180344
2022-01-12,1.9394073171839887,1.1488293336438646,0.944289030932101,0.910220926709033,0.9423036488356372,1.221273159855684,0.9972810698725627,1.0897109704083443,1.2231409184035904,1.7137615723981128,2.2209712156815824,1.4020979755511946,1.4966360355799921
2022-01-13,1.900746640037077,1.0924591443585865,0.9185971940027797,0.886080337948657,0.9268688340010425,1.1693788208664262,0.9570593505122111,1.0557387135571479,1.2227675104674942,1.7450595921887622,2.1354688665910064,1.3859775821796125,1.4760143627533056
2022-01-14,1.911492475722807,1.1041312425183765,0.9329345490442836,0.9008077778290282,0.9332646843733569,1.1848483200729691,0.968261761400883,1.077999866969013,1.2228171976623186,1.7419343102826343,2.1658540571732816,1.4025281253925033,1.4766182727925576
2022-01-18,1.8735647320017985,1.055597218470525,0.9075960965143763,0.8773651535461913,0.918039141541936,1.1441521362961136,0.9383145385004924,1.0587707390851018,1.2138590391692765,1.6905632172955738,2.1097808989091216,1.3586898567310044,1.4504678344734143
2022-01-19,1.8106281557307413,1.0217213342236988,0.8874405087458217,0.8586055290649901,0.9096058071913501,1.1140721100509963,0.9177590560175822,1.0395730416363713,1.2137110848006851,1.6632891145123707,2.055132295088321,1.3207591413608262,1.4354069776549196
2022-01-20,1.7734891098246743,0.9926138097333425,0.8686907937037075,0.8405784996460448,0.8931678391279957,1.0873058838547072,0.900007025072758,1.0236788056439396,1.2090754885253556,1.6275569447888603,2.0048748312516507,1.304648824702806,1.4195195060881585
2022-01-21,1.7025177890048195,0.9586252353238576,0.8313007294642055,0.8044634300659668,0.8653530949415943,1.0549064545334181,0.8733252455927775,0.9776026551312443,1.2050239500579483,1.5512403525723686,1.9327650026841459,1.2743723734012313,1.3916536953111054
2022-01-24,1.7297017746195962,0.9512142947720997,0.8434277657496059,0.8166541580627928,0.8900242214979908,1.0488967499435744,0.8642281630732462,0.9897483956402775,1.2039462849197036,1.554511314524578,1.9230007006211576,1.2798408588519758,1.3975636661338
2022-01-25,1.7310360646472145,0.9130419282483571,0.8511718884455287,0.8249854877899656,0.8980317158522388,1.0080088410080275,0.8402721778132365,0.9950198910778995,1.1957231253203993,1.5744658561124074,1.8688449087662993,1.2599969705692,1.380500631116911
2022-01-26,1.735388874743955,0.9243518411206715,0.8573347764002406,0.8308994694183837,0.899486557847478,1.0168271668136917,0.8492427558161662,1.0027589673108095,1.1811487745818738,1.5627178367032277,1.878405409864932,1.2690996832004258,1.3770373204037532
2022-01-27,1.6879932619319127,0.8643109651135914,0.8498840916620813,0.8241154327820311,0.8981169163527271,0.9612360962570511,0.8096125601984904,0.9805131516522401,1.1820475458678845,1.5234197144879567,1.7986228888078033,1.252535041629381,1.3702375613082083
2022-01-28,1.704071345733182,0.8949028810071461,0.8683055336939417,0.8412184563110839,0.9164831383528492,0.9834269074142776,0.8306186209895061,0.9983848130291931,1.2032464878615978,1.5380179234875904,1.8699649481339753,1.2941318681827256,1.4042679950763843
2022-01-31,1.7629571440920992,0.9696123115109911,0.8836619256006799,0.8553665817688475,0.9218325749220632,1.0657453171432816,0.8766277739741253,1.026572264201068,1.2101464115676526,1.587634093417095,1.9857240305466948,1.3110580078235337,1.4295603864694504
2022-02-01,1.796159632323758,0.978642001872014,0.9060143635737024,0.8771181217621336,0.9415099995436451,1.076642669743379,0.8834890593745159,1.047606495386981,1.2054547546920422,1.6255185111417043,1.9974833975358304,1.3195422311893175,1.4392198554078632
2022-02-02,1.7998112734065217,0.9890816266583909,0.9167526581751427,0.8879603680084714,0.9532669800581715,1.0868196701706252,0.8989451514460491,1.0580097889966003,1.221564978271449,1.6057536683453786,2.016494451765567,1.3442293583026599,1.4532002697602284
2022-02-03,1.7593578578219575,0.9547654214429369,0.8942451817499718,0.8662951118896971,0.9329842793288013,1.050255595463594,0.8729852965571332,1.0329810090130798,1.220418558174098,1.578315686358379,1.9434394056840238,1.3199918905368517,1.4190430767176019
2022-02-04,1.7405263324961824,0.9739195514249314,0.9103783211695274,0.8821869850586423,0.9460336560072682,1.0717170639694533,0.8874139899470258,1.0592088791913024,1.2117098597106581,1.5764781619443164,2.0225436182542142,1.311228596126146,1.425715458200772
2022-02-07,1.7426569530711333,0.9697773459958543,0.902161222170504,0.8744087521027097,0.936584457093694,1.0740803696335157,0.8874322966792035,1.0483950177258483,1.2083408171233778,1.6357510693921316,2.0210480448289214,1.3062733858218858,1.4211402728436735
2022-02-08,1.7453382173762482,0.9820864949750412,0.8878609524714073,0.860765018505908,0.9330977757277272,1.10040926978,0.896554717943852,1.0419583001202575,1.2126754309234267,1.6778478799237475,2.0649680334611236,1.310513946544237,1.4328332491019704
2022-02-09,1.793266702960507,1.0237712686109055,0.924913770769747,0.896370950360156,0.9542148571791433,1.1435147614181835,0.9223183150507857,1.0786219994610777,1.2209864782867077,1.7317477420224414,2.1100442976517977,1.330892449962206,1.453804385912122
2022-02-10,1.760727807925717,0.9871153939771165,0.9181961068140585,0.8900957909058103,0.9435541680159353,1.1087307999313671,0.8912082160212447,1.0682923852032653,1.2006846302566174,1.7206508517636523,2.0465826849503816,1.3081790199390124,1.427685585883431
2022-02-11,1.731551195739285,0.9484562987851609,0.9168211659418661,0.888779645962573,0.9492487221541188,1.0620862152756054,0.8587566886164595,1.0554588498181334,1.195090409141505,1.6731574839963184,1.9371489336533845,1.2780163452258777,1.3995333815911764
2022-02-14,1.7201176471934478,0.9440804690885056,0.889692428682955,0.863684074063159,0.9329444546522878,1.0715412232101758,0.8647470664240767,1.0418446682995788,1.1878976343688612,1.6470922351254689,1.9571999247117342,1.2640703567615221,1.3949580931777572
2022-02-15,1.766221654246823,1.0160814578580368,0.9064737759577352,0.8794270229767331,0.9382966820540212,1.1514012833298046,0.9170416381098677,1.0644784840649597,1.1920847038802747,1.717050533045696,2.045341423277408,1.2972393690219592,1.4174544635341426
2022-02-16,1.7848390438304105,1.0146474294232835,0.920444911669405,0.8931736404846677,0.9507821499647877,1.1537672562301953,0.9144014937617232,1.078104047495746,1.1941190701064708,1.667816909731792,2.0378518652482334,1.2996939409366322,1.4190430767176017
2022-02-17,1.7486702801928677,0.9603259505795946,0.9059227292048054,0.8792795223663816,0.941966386491277,1.0522825333298047,0.8710456031062056,1.056155107600116,1.1965722628173474,1.6233503093137014,1.9536496355576818,1.268547415172167,1.38873029666205
2022-02-18,1.7569373272166409,0.9482115338849535,0.8981668526636678,0.8717374931763182,0.940002453690984,1.034103344792207,0.8605201094843794,1.0440535935467714,1.1864413193282728,1.5939657279385793,1.9278155325455968,1.2558244619479848,1.3797382204564352
2022-02-22,1.7018417846903957,0.9367064763593188,0.8758571400629598,0.8498245937775145,0.9120828434767506,1.0245314652145703,0.848606063006108,1.014106137568378,1.1858582729873304,1.5657792567624318,1.9006596418900792,1.2292428360095693,1.364931397468445
2022-02-23,1.6649139088854945,0.8874266452359668,0.8635912800776082,0.8386692959259521,0.906524556046941,0.9724351212204297,0.8130359503962447,0.9947631474560733,1.1669146576461438,1.524883670557903,1.8182419825120275,1.2020255926242542,1.340719345485188
2022-02-24,1.6880285782084619,0.9490929431485644,0.8962304486261922,0.8686844265411865,0.9218596749129078,1.0190313339889843,0.8446198470332075,1.028592243677997,1.1536799622115734,1.5478804511441457,1.8991900667710606,1.211754041682787,1.3608959180628082
2022-02-25,1.7429323701129114,0.960881693797063,0.9217445282923299,0.8943197685669433,0.9527399620833178,1.0438570557297069,0.8654477431513715,1.0612384499615664,1.187646605926478,1.5727864755048027,1.9351298864884676,1.231274061214037,1.3909225107157996
2022-02-28,1.802270650599972,0.9815389031934254,0.9649105164515095,0.9365156090210448,0.9877840439619799,1.066864833134492,0.8763183867670942,1.1182745263165468,1.1795576317367198,1.5625754563702812,1.969897660688907,1.2204100031009388,1.3873637698496812
2022-03-01,1.7646835965380823,0.9419111632871143,0.9495312470423298,0.9217024250458251,0.9773821003737231,1.0198589966476757,0.841069528124516,1.102371328455829,1.1610620354232433,1.5276092561139334,1.9127905924363435,1.1963266203036975,1.3662340293619857
2022-03-02,1.7712685917606246,0.9406526201964895,0.9611580738167553,0.9285610622640187,0.9826493523697718,1.023950682288153,0.8434570401526448,1.1162434575506786,1.1737634509112287,1.5750482416766047,1.9560014618417798,1.233194654411594,1.3913677140211869
2022-03-03,1.789149676774968,0.943444592166094,0.9557441585640698,0.9240685653920705,0.9873322167496545,1.0307660970983337,0.8478572095252033,1.1162434575506786,1.1794214922930646,1.5757132031100154,1.8977689064523755,1.2463802943652071,1.3844405773132675
2022-03-04,1.9025068640460863,0.9988843809844533,0.9704445255379468,0.9420740936513479,1.0063518159012659,1.0602090788183043,0.8962073190070148,1.1162434575506786,1.1889001963641097,1.5496602287905574,1.859774985553938,1.28575139803342,1.3731924951913956
2022-03-07,1.915758354639043,0.994167573428301,0.9246457561592848,0.9331673660512503,1.0074070790390832,1.0681817648229428,0.8984895444251055,1.1162434575506786,1.1672776637103013,1.4853066813128353,1.7708684814951001,1.3205055921023285,1.3327120754801016
2022-03-08,1.8998137543430227,0.9880544989348927,0.9104213214974196,0.9152247120137746,0.991472601042257,1.055594277029974,0.8895063218451494,1.1162434575506786,1.1478275912310532,1.4984637339251399,1.782510141803938,1.3129074387972748,1.3226078154615843
2022-03-09,1.8956486342182057,0.9904372797729054,0.9145236324410231,0.9022474785085257,0.9802959763626916,1.0394789568242855,0.8909578877783769,1.1162434575506786,1.1467326281573227,1.5455755043642878,1.8616656273386059,1.2965665042345917,1.358068155679355
2022-03-10,1.9860559818973438,1.021082587313799,0.9367893154244216,0.933821826576763,1.0060419697861536,1.082379157095892,0.922502349219417,1.1162434575506786,1.1410423953082016,1.5361975481646417,1.8409332657358226,1.3237315307085906,1.3519355832039668
2022-03-11,1.9623049298038377,1.0037054514647998,0.92068737832115,0.9199589622731742,0.9956591839890344,1.062474408179266,0.907723184714412,1.1162434575506786,1.1437968371416976,1.5130758181231379,1.7937709267160473,1.3115531035845671,1.334745582799986
2022-03-14,1.85841727301978,0.960709201312212,0.882256135187605,0.8885496452565727,0.9747777302842004,1.0270517557439633,0.8743491204596513,1.1162434575506786,1.152237846663182,1.511552764000213,1.7426888504526195,1.2868703137820159,1.3249908898212541
2022-03-15,1.829908280443181,0.9507683392287769,0.8858755172829419,0.8862989608998831,0.9740412476639612,1.0165816582021543,0.8644990855551713,1.1162434575506786,1.1729709086443831,1.5307712834017635,1.8331462929269848,1.2738506013338957,1.354128003370357
2022-03-16,1.802331002305974,0.9304989367248095,0.8937028308968334,0.8836357662435111,0.969317845259176,0.997039879828436,0.8436031396246902,1.1162434575506786,1.1757015528704573,1.5692305285113215,1.9200846939584788,1.2377111070101652,1.3841548021359897
2022-03-17,1.9376934960117236,0.9996930311919726,0.9379802181343823,0.9256901794667778,1.0051898087601525,1.0558125242528744,0.9020472485877029,1.1162434575506786,1.1852179125811506,1.586448333420074,1.9391199203989085,1.2623820716326628,1.401471974039704
2022-03-18,1.9345411034335986,0.9968161700011767,0.9464041202645092,0.9248138214345513,1.0075141953568323,1.0621725992498225,0.8995978291846267,1.1162434575506786,1.1888170153643538,1.5971444574969171,2.005511154224592,1.2738070426409638,1.416821903837738
2022-03-21,2.0558469647159474,1.0593964327575243,0.9837517345528393,0.9717710380788382,1.0386002045731408,1.1161456056890315,0.9548288197852127,1.1162434575506786,1.18876360273618,1.601043764557159,2.0289732521555,1.3199427342837249,1.416407720484879
2022-03-22,2.0224060269107715,1.0434133925200975,0.983740956507185,0.9631683761830864,1.030902849302755,1.1031991743383236,0.9413172307349197,1.1162434575506786,1.196680987074559,1.6152323725359798,2.070247941639143,1.3116519624178802,1.4329814440911246
2022-03-23,2.0576663895358935,1.063729584384111,0.9975296283821851,0.9870466652150688,1.0448059998612267,1.126851939993841,0.9570437741614333,1.1162434575506786,1.1885139987017563,1.608183482803619,2.0544954689523753,1.3422708737795745,1.4145270456885801
2022-03-24,2.04242469527625,1.0623584604980025,1.015177991877058,0.9926199329610405,1.0466226864914758,1.1296192034063168,0.9515893922186842,1.1162434575506786,1.199145270064061,1.6290622448580623,2.133561895038801,1.3528732665484344,1.435850119833893
2022-03-25,2.0940805779209035,1.0844103514434371,1.0308479786019116,1.016910649132305,1.0713476487259728,1.1570023207006284,0.9724370171881668,1.1162434575506786,1.2032719325091292,1.6457336578982233,2.1262630394479807,1.378826198143283,1.442862381062704
2022-03-28,2.0111631653537647,1.043594908023027,1.0054596943001537,0.9841216320272025,1.051065975676046,1.1151080450353452,0.9377642850256912,1.1162434575506786,1.2093472445513653,1.6386197134631038,2.184979341938215,1.3492089473193085,1.4531252447587655
2022-03-29,2.0047517361392875,1.0354388956786664,1.0088234371285227,0.971375883507305,1.0486540162186486,1.1020816736516783,0.9323130532599441,1.1162434575506786,1.2264370638873028,1.6831204018252253,2.214078970386701,1.3286949517672455,1.4711014618333018
2022-03-30,2.0267779721012014,1.0427875605346235,1.0069316478829173,0.9734065807576711,1.052228583250509,1.108870981818182,0.9390698239661209,1.1162434575506786,1.2278279948260236,1.6702803681033016,2.172000640918928,1.3454995517199433,1.4620180777275544
2022-03-31,2.013672150873174,1.037533307528642,0.9987300663094311,0.9599311329122121,1.0432890931229455,1.1040672064122983,0.9344150681830399,1.1162434575506786,1.2228126750018047,1.6516674955981137,2.1096755447885567,1.3411324675982392,1.439515420935607
2022-04-01,2.0427128220310107,1.0459926298858195,1.008470772181013,0.9693235969777639,1.0511566830735068,1.108320810538275,0.9416098958350174,1.1162434575506786,1.2343178385760236,1.6549680802004696,2.1002816750070625,1.3513419206087982,1.4435953176154621
2022-04-04,2.060100106882085,1.0559883349181682,1.0202277546028882,0.973537995552593,1.0512533131699422,1.1198778429326839,0.9499397416449539,1.1162434575506786,1.2318222598101545,1.6572731341021418,2.167119420673566,1.3500140405123626,1.4559618699857988
2022-04-05,2.010445451044072,1.0303192179442913,0.9964382633309156,0.9500343872304494,1.0360594681839803,1.0965363558111019,0.9279540036536209,1.1162434575506786,1.2341776110674785,1.6448970780032037,2.088929684498029,1.3423970656817352,1.4375711603894414
2022-04-06,2.012086703943242,1.025610384631303,0.9822255153755933,0.9458278850789602,1.0478107560257772,1.0903436128911799,0.9251631558753005,1.1162434575506786,1.2620158015276837,1.6534787354128715,2.0125332245370915,1.349658582443515,1.4231965556104313
2022-04-07,2.0568667523136033,1.0476554899932415,1.001660312281111,0.9685946342702444,1.0701373883347371,1.113792849570257,0.9456842561102858,1.1162434575506786,1.2696664866473124,1.6519761261599417,2.0126301483652163,1.374655743736545,1.4303678327420688
2022-04-08,2.1580251309146776,1.0943739710570841,1.0244484836678296,0.997582833504253,1.0988910954575397,1.1571263628301445,0.9903184796668044,1.1162434575506786,1.2743869105364727,1.6525359860079643,1.9586220383188295,1.3956453025286593,1.4265431035122458
2022-04-11,2.088338559411992,1.0497697283507854,0.9958227260689527,0.9656010307546192,1.058623897657857,1.1151867929754082,0.9510400544501296,1.1162434575506786,1.2590136141802715,1.6332091114657281,1.8866369270822574,1.3837884141390717,1.402160287205603
2022-04-12,2.136695064615239,1.078988622546342,1.021842901239851,0.9932692379231982,1.0761712712387896,1.1457904062566582,0.9768356564856522,1.1162434575506786,1.2561345377947735,1.6207932757037042,1.880785784961896,1.4063185300295749,1.3969648058542625
2022-04-13,2.166638953851689,1.0926034281493695,1.0500551845650463,1.0080356140370899,1.0859623486618855,1.1569302896795097,0.9870032025671951,1.1162434575506786,1.248603721144383,1.6428060309069512,1.9350720871469544,1.4175015742724335,1.4129650210358604
2022-04-14,2.170992714761723,1.0840630938293012,1.0416881084542065,1.005830345940166,1.0835174927811482,1.1528807955083673,0.9808749883032791,1.1162434575506786,1.2499914927508282,1.637157427658355,1.866007902576642,1.4201047009890473,1.395371349023731
2022-04-18,2.2182035038699994,1.1024142462493451,1.0549147686104565,1.02264769518333,1.0950068299393512,1.1669767980871026,0.9958141702033037,1.1162434575506786,1.2419593043353008,1.6255638460772392,1.8879775627634094,1.4290921575014983,1.3959452696736616
2022-04-19,2.206851670145024,1.0892782187224896,1.0570900013069897,1.0142156254048877,1.0864977986435749,1.1531774610814873,0.9842582429266923,1.1162434575506786,1.2517904818560528,1.6588870180743096,1.9344677536508605,1.404573247474948,1.4184793586434201
2022-04-20,2.1906006104221234,1.1021079661132367,1.0670249057869703,1.0245467811818652,1.1039438580612995,1.1603435869512384,0.9919490254736893,1.1162434575506786,1.2606410159136698,1.669849486984527,1.8799741837045714,1.4029354245608243,1.417427462778122
2022-04-21,2.079156483148564,1.0508310694457563,1.0371899364571364,1.0037691513295701,1.0762351418595173,1.106449529486639,0.9469872655249588,1.1162434575506786,1.2607657435442852,1.676317448868072,1.841929666950421,1.3411968862002286,1.3962316631888634
2022-04-22,2.0016238377323043,1.0080030184508832,0.9794480480294021,0.9535064487691454,1.0404640965561727,1.0700503267583676,0.9128984395361893,1.1162434575506786,1.2357105723406718,1.6354269737856746,1.802610746814923,1.318149056190768,1.3579206820844458
2022-04-25,1.9158589382877242,0.9757026457549604,0.9662402942757401,0.9231965290303759,1.0176241036515095,1.0316673521337338,0.8829078393317216,1.1162434575506786,1.2448935526873515,1.6239595844881893,1.8213504677316712,1.2877064456408414,1.3657930513657475
2022-04-26,1.9103071324100387,0.9743303938628705,0.9523645893196854,0.9202553684468797,1.014961357603536,1.0302551626500913,0.8819616784430497,1.1162434575506786,1.2330817011858866,1.5882514811175228,1.7005332954904604,1.2909554933016691,1.326238386583225
2022-04-27,1.9553862953891645,0.995809915805009,0.9657462360482011,0.9352389538045457,1.0242984742264607,1.0545170332250424,0.9013919350958819,1.1162434575506786,1.23607942228574,1.6049784361498713,1.692092354633527,1.296137009949008,1.329967582603767
2022-04-28,2.0022306881656537,1.0217698778869182,0.9901879306893144,0.963483462166362,1.0527176652054646,1.0905730531987972,0.9284060075140949,1.1162434575506786,1.2520999896075173,1.6172844990389705,1.761646277668195,1.3154892751162441,1.3635618820227766
2022-04-29,1.9413783058872114,0.9977565062285931,0.9581014980416093,0.9400039749379685,1.026208345518575,1.071458778983099,0.9095953748084064,1.1162434575506786,1.2070140955950661,1.578527014984405,1.658040281727033,1.291439201492587,1.3131705359505828
2022-05-02,1.9664414559116252,1.0102927206756145,0.9537824489693436,0.9355409977193406,1.0242942177872518,1.0694070173559016,0.9183432385779376,1.1162434575506786,1.2018598856951637,1.5901083218233945,1.7036594795724918,1.293467767471591,1.3210750588039404
2022-05-03,2.0712640034427534,1.063797329592851,0.9949787494759353,0.9816868568654589,1.0587051331620076,1.1253126028356377,0.9618775235510821,1.1162434575506786,1.2053411288287088,1.6180245916979672,1.7147091362497378,1.3191016789858732,1.3271310604330546
2022-05-04,2.1444261597385297,1.109320504641679,1.0326580059151442,1.0201793277974656,1.1012776295761921,1.1728655157384698,1.000362081275081,1.1162434575506786,1.2374752070452615,1.6619139931338194,1.7925483444711734,1.3534673039858731,1.367546245493351
2022-05-05,2.0785734940280807,1.081591126895097,0.9846069149117262,0.9898181675191453,1.0869883515457965,1.1406021620092217,0.9783099347449298,1.1162434575506786,1.2225576434161112,1.6099249142306211,1.6690023125192692,1.333553552574435,1.3189395257265712
2022-05-06,2.1419244358768355,1.1191893671752482,0.9970799152474196,1.0207427414174606,1.1343532475571492,1.1892814279851738,1.0194201077795977,1.1162434575506786,1.2247524256731912,1.6012021568911434,1.6652749893686345,1.3504106372301967,1.3110671564452696
2022-05-09,1.884082614397038,0.9955251139403851,0.8987123790840895,0.9268184349294235,1.0557345776657918,1.057239728766424,0.9045857846594805,1.1162434575506786,1.2244650996233866,1.608151158584869,1.545562749530988,1.2713144996111783,1.269090462013856
2022-05-10,1.9267714358081707,1.0124435354949506,0.9127445697884352,0.9362412128682663,1.068398367796407,1.0731514272985283,0.9216293572760577,1.1162434575506786,1.2229416163470193,1.5846300949709773,1.5754795013925602,1.274498814720431,1.2720224143375285
2022-05-11,1.962475474428166,1.0254287195922407,0.9127817867378981,0.9368444393392136,1.0822124615769246,1.092168355780584,0.9377965257025713,1.1162434575506786,1.2173189211871072,1.583283184303558,1.5004984352609685,1.2882433301394374,1.251814924863701
2022-05-12,1.9468185570468794,1.0295864821197065,0.9150310115914138,0.9369437103505661,1.0680484776596884,1.0977115179357353,0.9382790418005937,1.1162434575506786,1.2247077601458474,1.5973685110705258,1.4824028580209783,1.286820003456393,1.2505079646046915
2022-05-13,2.076681142877568,1.0988927611114057,0.960573364649275,0.9697003513570358,1.100655083952413,1.1567179991063894,0.9974998326636308,1.1162434575506786,1.2315225924517554,1.6131605553286434,1.5786856102487612,1.3096715482180505,1.2804051185188943
2022-05-16,2.149943313669194,1.1307294348479777,0.9624117549996168,0.9775776649709275,1.1212766377549033,1.1895077390966238,1.0316240243292802,1.1162434575506786,1.2347373904253882,1.614462697281158,1.5394294273874332,1.3341659842913536,1.2752099463365159
2022-05-17,2.1886280815830124,1.1437159277678994,0.9831084529976638,0.9949420788045455,1.1383526639084678,1.2077184973058521,1.0445871571875565,1.1162434575506786,1.2361937136675756,1.656324591697967,1.618210537769513,1.3456102614825156,1.3014413869237227
2022-05-18,2.0723043465366255,1.0879958304168253,0.9411618854622634,0.9614497047658492,1.1053236661057333,1.1528272337255299,0.9914635484076493,1.1162434575506786,1.2057362574603003,1.6254736826556084,1.5138019348642398,1.303678317779818,1.2489780935240264
2022-05-19,2.0695559231510057,1.086497538638261,0.9484927234749587,0.9631011078115035,1.1027011906723838,1.1490170988378345,0.9869200379706375,1.1162434575506786,1.1971947672869605,1.6421720877306818,1.5103339073679019,1.2996706340258506,1.2413287381207012
2022-05-20,2.05975629393958,1.079865582537797,0.9593796383003982,0.965326076530986,1.1071193635086873,1.1452659929570972,0.9807126027441971,1.1162434575506786,1.2063602854754372,1.6357486145632623,1.4743885071298648,1.293679213280001,1.2418707113112177
2022-05-23,2.143841207193364,1.1244127581359415,0.993619210443953,1.002898062920146,1.136495407591329,1.1949543848333177,1.022229808554744,1.1162434575506786,1.2112889628436012,1.6489395033495782,1.5005706879159977,1.326093511528292,1.2651058924306402
2022-05-24,2.114905571054448,1.1156403589965374,0.985015607080916,1.0001046982045698,1.1425817631821493,1.1902883051214037,1.0165998620367998,1.1162434575506786,1.2303495631243628,1.6412342058794855,1.4397901680490544,1.3370808629458333,1.255448278506
2022-05-25,2.166116342996587,1.144939910006669,1.015510131464461,1.0286905071492718,1.162057441435323,1.2177683950719653,1.0407665223456377,1.1162434575506786,1.2391663302447242,1.6654343580859063,1.478740214588361,1.3509902377550982,1.2665404364146655
2022-05-26,2.205611101602544,1.1595158953429727,1.0399450893502031,1.0519272781606241,1.1760666623215534,1.2216006014165697,1.04835587476263,1.1162434575506786,1.24078006391782,1.6909201460497734,1.5532531906625797,1.3406463084643268,1.2918474618052695
2022-05-27,2.269189197229375,1.1901482210876015,1.0729943607430252,1.0809917877431436,1.193389154539571,1.2444793848333175,1.0721947984076496,1.1162434575506786,1.2498473498370093,1.7265764561312555,1.627390058185773,1.3460284129565143,1.3235613955969425
2022-05-31,2.2578015236606492,1.183917312121537,1.056499143610457,1.065733935951762,1.1786803509812214,1.2410495912847335,1.0679009480811117,1.1162434575506786,1.2366990374590796,1.7122808899538873,1.6344851471445132,1.338847485679903,1.3161347449026315
2022-06-01,2.2813757238391923,1.2057934567605468,1.0698544500093972,1.0744801118006235,1.1938029218440738,1.269303267391538,1.0890778797802254,1.1162434575506786,1.2290542049146995,1.679416286508333,1.6220000746855938,1.3377754175086929,1.305489439200484
2022-06-02,2.300352820778279,1.2006148930703613,1.0651087438326394,1.0727761292566782,1.189023073745319,1.2654546650966163,1.084377181309156,1.1162434575506786,1.225627485630642,1.7254887047212237,1.6990160790572366,1.3355566465278579,1.3303502307224941
2022-06-03,2.328464152717976,1.219016061130664,1.0808632810335672,1.083878548537684,1.19828434464986,1.2837400258143896,1.1009987614330574,1.1162434575506786,1.2225272521711692,1.697227825204622,1.6240558173308572,1.3358639367958023,1.3085172339024
2022-06-06,2.373806235695271,1.2204535050546141,1.0801023729067363,1.0781611096491341,1.2058487989192692,1.292859322079038,1.1023327915844245,1.1162434575506786,1.2189448577619895,1.6888099220674149,1.6362730609069072,1.3330030584236099,1.3125012882040121
2022-06-07,2.422680877113728,1.2598921376382322,1.1147008268099345,1.1023847588648323,1.2353605844264712,1.3296698323329443,1.1380277737316413,1.1162434575506786,1.232007229969631,1.7217160881440752,1.639086039651414,1.3500732805152846,1.3250910605649666
2022-06-08,2.3841345106128733,1.2534697728311033,1.1069811643343486,1.0891540307154182,1.2225804666286197,1.3222251530726905,1.1321146488842293,1.1162434575506786,1.217407208988796,1.7034937050263994,1.620721525300523,1.3395087461372328,1.3106846113828627
2022-06-09,2.3055866876606026,1.2298800126229734,1.0806112916689432,1.0640293362726692,1.2025418855434147,1.2996368718226905,1.1106452526745125,1.1162434575506786,1.1935931785322529,1.6742404701631182,1.5722285281310284,1.3155317693611097,1.2795123416127443
2022-06-10,2.254325222587971,1.1957925355111572,1.0574798547487771,1.0414707997431283,1.18129431932027,1.2629134968837257,1.0799287853893562,1.1162434575506786,1.1884343066908223,1.6639572105805986,1.501168040383836,1.3044189668556165,1.2424123753327723
2022-06-13,2.111621315956501,1.1166761746560547,0.9968708688478982,0.9882776158442026,1.124736864257404,1.1817695370753762,1.0084632340130135,1.1162434575506786,1.1526079925276145,1.6065621773164385,1.4035145387778487,1.2512846055885267,1.1952404056626595
2022-06-14,2.130502443504719,1.129681062809131,1.0115784784060038,1.015616267882777,1.1228239103084294,1.1943503491481302,1.020365058201246,1.1162434575506786,1.1300381595350608,1.5894343910615556,1.4118134633193222,1.2459812269111585,1.1916384841981715
2022-06-15,2.0952915433887522,1.0985510903512452,0.990310761807493,0.995612210952235,1.1029726423030584,1.154502178676939,0.9922691956219003,1.1162434575506786,1.1269637805677757,1.6082626457612625,1.4675134871611801,1.2428782884498548,1.2086270094952003
2022-06-16,1.9855509992603342,1.020640344349048,0.9168740995150125,0.9365540703882702,1.0477058908229557,1.0761995785792828,0.9218374100384041,1.1162434575506786,1.1106922103620873,1.576436043588411,1.3795054980406969,1.211128471173854,1.1686262139004044
2022-06-17,1.9518344602588695,0.9652654202615236,0.8553600110750711,0.882261643325282,0.9975799482112614,1.0199806637843611,0.8719110953029915,1.1162434575506786,1.1135201053358421,1.5716394539277665,1.39785480319359,1.2083597373863173,1.1711454256597078
2022-06-21,2.0225696043018386,1.0048237107430908,0.8983358255129373,0.9201625676264295,1.0364122487788883,1.0654970387538434,0.9075967320141122,1.1162434575506786,1.133546129582058,1.610239785043489,1.4595012034545154,1.2374436954399062,1.2006274687141654
2022-06-22,1.9783050424579667,0.9591518883859133,0.8504759679537333,0.8758838257898817,1.0098307771449773,1.0267970822413923,0.8663007713970466,1.1162434575506786,1.1403210529066428,1.6122812828462234,1.4540686654219837,1.2255792077918959,1.1984508161648406
2022-06-23,1.9215304861072586,0.9167820126687503,0.8187061818819559,0.83578347941537,0.984502404189655,0.9783575680812362,0.8281907271084114,1.1162434575506786,1.1615868091322288,1.663675283090364,1.46183384906151,1.2214489736457776,1.2101985153294248
2022-06-24,1.9580045660022782,0.9239585166131473,0.8277863372545756,0.8502290278543959,0.999942564559528,0.9872306378444198,0.8347055397686287,1.1162434575506786,1.1847433406568868,1.696995386544954,1.5247898919234484,1.2480732957740734,1.2486754171101557
2022-06-27,2.01072960491219,0.9695082677041507,0.8582063531618632,0.8820418233026991,1.0287817155605046,1.0352322690089706,0.8757763573345467,1.1162434575506786,1.1929490878797873,1.6959597893159502,1.5074877061019152,1.2469980253120372,1.2439058675322332
2022-06-28,2.0305507539753003,1.0039117669259525,0.890438465664915,0.9091983498682508,1.0389799825435366,1.0664687787135603,0.9069320061382578,1.1162434575506786,1.1894787234999045,1.667262604562532,1.4336893425116748,1.246845718183131,1.2184893963290546
2022-06-29,1.942851017952351,0.9504840171014287,0.8428515971880473,0.8684943549265394,1.0159252725368229,1.014165700252867,0.858587662952833,1.1162434575506786,1.1906950877882345,1.6802355110566727,1.41944627257683,1.2365546308418223,1.217497170073437
2022-06-30,1.9166933740619703,0.9318936280404546,0.8300945905428446,0.8558893319239149,1.0082310319667545,0.9954462742885116,0.8418048273739145,1.1162434575506786,1.1931817538954124,1.6672692543428056,1.3897935566077444,1.230196048535914,1.2076058244134682
2022-07-01,1.9383992105487866,0.9429884040032841,0.8392468082171,0.8639708342661391,1.0219899751430241,1.0101836041530134,0.8519167509731577,1.1162434575506786,1.2100107730604512,1.705088356820833,1.3869190143714163,1.2455979921241707,1.2203781095183672
2022-07-05,1.8742727773670238,0.8920864886437871,0.7926821223955667,0.823108132087184,0.9749768663173406,0.96367846117816,0.8060248793300913,1.1162434575506786,1.182433217594753,1.7167522118013017,1.4235414709220144,1.229549839963526,1.2226827580179909
2022-07-06,1.8662926301960034,0.8793432561074712,0.7792697519045388,0.8149748448481092,0.9660906774287907,0.948232579525328,0.7945366167721079,1.1162434575506786,1.187486796162258,1.7179548973481766,1.4304255544791433,1.219226981534571,1.22681243090074
2022-07-07,1.941728650474934,0.9255937226449467,0.8191562318544899,0.8490534268488418,0.9913282926326481,0.9937074109157087,0.836362649029188,1.1162434575506786,1.1830289909101828,1.748461356393587,1.4855111288199634,1.2310845727821296,1.2451864453731452
2022-07-08,1.9475021642688792,0.928150647274158,0.8207469104509866,0.8536177626719008,1.0001658914333074,0.9942184849818707,0.8386349306759165,1.1162434575506786,1.1802897834516868,1.7327322197358719,1.4927552915702074,1.2312830251594489,1.2441621686017925
2022-07-11,1.9347034776691479,0.9159837004815554,0.806686608479551,0.8429144736399183,0.994380232024738,0.9855770230372907,0.8276333983120249,1.1162434575506786,1.1852742152906761,1.7207092583100907,1.4365707907805652,1.221751599301905,1.2299494653025886
2022-07-12,1.8948460821155588,0.8855020791207767,0.7787803376894509,0.8183147030939588,0.9814218713527411,0.9606822072108747,0.8000091507610605,1.1162434575506786,1.17829533154739,1.715398786203157,1.4270820907721729,1.2034000379463141,1.2190654811617196
2022-07-13,1.891267464256672,0.8857329445992923,0.7843272729616676,0.8239055165400038,0.9763766786342352,0.9565427685817244,0.8002652765926644,1.1162434575506786,1.172034401295315,1.7159580101411454,1.4398068342337815,1.1994496709724372,1.2126633133514026
2022-07-14,1.8623208024982492,0.8641566599999881,0.7646204128008399,0.7986585562815198,0.9699905652766911,0.9376949902614119,0.780780194919996,1.1162434575506786,1.1657286678053247,1.7119990181367508,1.455679054463884,1.1773157491584723,1.2097184789876436
2022-07-15,1.8927551141742747,0.8854652459298586,0.7804140138369117,0.8197642727961073,0.9885818429713934,0.9669043446620466,0.8000499340709969,1.1162434575506786,1.1777525844313013,1.726215845529329,1.4845024243483749,1.1926891748329107,1.232830095578557
2022-07-18,1.9106630289081614,0.909130022159717,0.8023155568819555,0.8350962052454481,0.99628742806966,0.9895562588771344,0.8214019613918587,1.1162434575506786,1.157114075062405,1.7090313866059892,1.4860829606185164,1.1891236825843756,1.222650913614897
2022-07-19,1.9639287866596264,0.9425134442483402,0.8370427095156225,0.8716331967463026,1.0205045572047917,1.02291464968524,0.8516418305095956,1.1162434575506786,1.1601837531782497,1.741123676339876,1.5431968711028303,1.2168979413886967,1.255685926381514
2022-07-20,1.982355265999226,0.9495916506921268,0.850838146946958,0.8795255702127943,1.0237075887447087,1.029138911922789,0.8581016449627207,1.1162434575506786,1.1483688804365506,1.7486679268281573,1.588377592576524,1.216366206922144,1.263688455795849
2022-07-21,1.9554235208515212,0.915574337497852,0.827575900815061,0.8594128846277724,1.0111949800258366,0.996054260738707,0.8273424664196298,1.1162434575506786,1.1505244498945586,1.7610561943452472,1.6394999869475566,1.1991480588813725,1.2765568924479531
2022-07-22,1.936723319816975,0.9005475146447637,0.8129129764299903,0.8470657988657485,1.009808386397907,0.9829092801173691,0.8137646217998789,1.1162434575506786,1.1583133086897246,1.770544547311556,1.6088965539107525,1.1808073223014777,1.264712938679843
2022-07-25,2.0091158002857252,0.9463317322885015,0.8565376374941382,0.8939024533380995,1.040447344375202,1.0280309582789902,0.8552306757625865,1.1162434575506786,1.167217748615872,1.7657582573335286,1.5909709544310773,1.1979622894187871,1.2662494053650324
2022-07-26,1.9837298688892409,0.9262411273156622,0.8390753078203712,0.8790038565744887,1.0348600248103828,1.0079532315333848,0.8370073105510997,1.1162434575506786,1.180139735005032,1.7546225655000325,1.5424304991851057,1.195021917333216,1.2512684171950736
2022-07-27,2.0277551424030347,0.9565685538445927,0.8662327533464943,0.9087296858896741,1.0535979299312324,1.0376143857081894,0.8643651262935924,1.1162434575506786,1.1850838367201197,1.7768645027558918,1.6280659213195052,1.208559935941309,1.2837593956447604
2022-07-28,2.087609597969441,0.9555742171441534,0.8719074710588967,0.9124780303110608,1.0659942884212226,1.0333790219386583,0.8634716108974743,1.1162434575506786,1.208073497364651,1.812461180917513,1.6500975934157576,1.2020019515891973,1.2998607090769563
2022-07-29,2.146730960274129,0.9879465680276371,0.9078924474459206,0.9459202881922254,1.0881101827388495,1.0642973309596544,0.8928103121456432,1.1162434575506786,1.2085936557508814,1.7725083290498374,1.7287154408583847,1.2088861629386847,1.318810808382027
2022-08-01,2.1233768365863845,0.9695717267190433,0.8901815240603005,0.9287234883417615,1.0746220029597968,1.047791871364928,0.8762540478405284,1.1162434575506786,1.2058940353132592,1.784335269967806,1.7402657977233138,1.1941694961448615,1.3149057982783852
2022-08-02,2.1561276750568434,0.9723835711633182,0.8880567912798439,0.9326262274851331,1.0722243875270576,1.0590420788844592,0.8787841282543467,1.1162434575506786,1.199383439991604,1.7908189491670246,1.7475620537886827,1.181935992230982,1.306230826371538
2022-08-03,2.11240389347115,0.9297360901986575,0.8428040445070778,0.8929076359858046,1.0372554383998602,1.0197864232142932,0.8401176148113535,1.1162434575506786,1.2044932815290794,1.8106400581758135,1.786797142327806,1.190629517354578,1.3266858571276665
2022-08-04,2.0597423398975416,0.8786740214501835,0.7994371959429298,0.8608569556345473,1.032040233779499,0.9797032055934437,0.7938025913891122,1.1162434575506786,1.1948492736555443,1.8016876305024738,1.8203215499053207,1.1779249103446905,1.3257896793629333
2022-08-05,2.127700118065266,0.900426636425159,0.8274551444750344,0.8844582415689956,1.0500872541194648,0.9971320973475941,0.813474000805311,1.1162434575506786,1.1921631896711693,1.7995880928437824,1.7792893151412217,1.1935619674583378,1.323548719669497
2022-08-08,2.164049720192341,0.9128411669885134,0.83904732434564,0.8923280520548353,1.0564464730983467,1.0081954663356314,0.8247197256740854,1.1162434575506786,1.2024984031416281,1.817092833749544,1.7489119465956895,1.1885748252769412,1.3220120468716663
2022-08-09,2.206209480476765,0.9379076428567384,0.8582878988009012,0.9166379258265027,1.0794869752650946,1.0391690671046745,0.8474377073940561,1.1162434575506786,1.215253766224514,1.7927590477388018,1.708420522988817,1.1933777673622072,1.3167624609519628
2022-08-10,2.257661430550007,0.9479766116296267,0.8678840553026712,0.9235788210978039,1.0920775846248358,1.051292005642272,0.8565456083950328,1.1162434575506786,1.222418267796169,1.8318185661714192,1.7744817452559678,1.2054635038276613,1.3444197887922569
2022-08-11,2.3150528749469794,0.990863313022754,0.9138673948030984,0.9606299279322155,1.1194802129512518,1.0916382535060416,0.8952855631527233,1.1162434575506786,1.2168242061354024,1.8236544853608725,1.7515393658766953,1.2125435634513797,1.3444197887922569
2022-08-12,2.3716892519001047,0.995716777149341,0.9215005716066873,0.9734244755854138,1.1381882390742988,1.0992845845302115,0.8996400593456554,1.1162434575506786,1.229843288777004,1.8468430427949547,1.8069761466155259,1.223230311193079,1.3671794680480087
2022-08-15,2.3460182924274484,0.966630524364612,0.9006351543169534,0.9513439276804456,1.1314148797755927,1.0705580601771842,0.8733784584698009,1.1162434575506786,1.238144076893459,1.8658926277558923,1.8267499018798081,1.2250678941627446,1.3728130418186089
2022-08-16,2.3474544878009835,0.9631377131616091,0.8920218169909035,0.9472764826883803,1.1350923955684393,1.0721407559474478,0.8701930502590465,1.1162434575506786,1.2413115466810567,1.8843620232026694,1.8218176329741684,1.2375995725532474,1.375502296507053
2022-08-17,2.350455536461262,0.9734353894387697,0.8964390649538552,0.9522631886591444,1.1376957715755194,1.0855028065761099,0.8794866488155649,1.1162434575506786,1.2428207927442891,1.8655764809053061,1.798641010964891,1.239549186315149,1.365738946797383
2022-08-18,2.393416456032185,1.0177917815362427,0.9386096667986427,0.9857987441172132,1.163711950851032,1.1224103612025746,0.9195472672161388,1.1162434575506786,1.2449051959730488,1.854522367135775,1.8116149817595688,1.2480002359291018,1.3697084701577777
2022-08-19,2.409929393959431,1.036545131984851,0.9595224227648292,1.0087668223490247,1.1662186479335515,1.1432156964381703,0.9367771292385387,1.1162434575506786,1.253098203632961,1.827931839792025,1.7560198271880356,1.2431192697425784,1.3513019929443546
2022-08-22,2.398804917335896,1.031732695118091,0.9564043206911598,1.0092879048456678,1.1602263654475895,1.13467285357318,0.9323756230053234,1.1162434575506786,1.2343985934950215,1.7991395546357751,1.7006824868331163,1.2235564327140749,1.3231646287622796
2022-08-23,2.4642542688373603,1.083180014911792,0.9986704492311987,1.05366260882516,1.1781564153438298,1.1858122372706899,0.9789426592525768,1.1162434575506786,1.2209101512647969,1.7949558159272792,1.7110343072066516,1.2223569866081179,1.3199635963852814
2022-08-24,2.494125532722858,1.1021581811105226,1.0194776857119117,1.0799838284601695,1.1922044854884832,1.2009269856532583,0.9961289143261243,1.1162434575506786,1.220071639607082,1.8165181984346035,1.714504436410448,1.2270071042915285,1.324189008589953
2022-08-25,2.532382084846881,1.1087605416451904,1.024643713543943,1.0964814786066537,1.206596367812702,1.2102547741969596,1.002030613964491,1.1162434575506786,1.2212490447737079,1.8393870323579433,1.7545396216521472,1.240168710317224,1.3428833221070675
2022-08-26,2.486362132454303,1.0941845715676757,1.0149182271700417,1.0920886887659553,1.1873237081294745,1.1921181119044792,0.9888914484676649,1.1162434575506786,1.2028800510145525,1.7853887810151698,1.6639840928206653,1.2357851367851196,1.2974281676833543
2022-08-29,2.5013690057758358,1.1178178681527586,1.0392181329470194,1.097987190734339,1.2017887716060371,1.212421886165954,1.010276901691847,1.1162434575506786,1.1883292098738054,1.7721695244233728,1.6355020324835987,1.2306479049583374,1.288849141211071
2022-08-30,2.4139609148029355,1.0676557103311035,0.9985802182894267,1.048281215774012,1.1733924497371406,1.1618795430263054,0.9649111042675305,1.1162434575506786,1.1768229327894548,1.7631112785737635,1.6071454953322621,1.2126149089713991,1.2747002297743752
2022-08-31,2.4060057558063535,1.058724361911914,0.9901024823885477,1.035280762587977,1.1695907476192207,1.1517689473231802,0.9568147881206799,1.1162434575506786,1.171929360935817,1.7520678978364588,1.5821864496360036,1.2082168813606202,1.2650010841524963
2022-09-01,2.3662652816123297,1.0229202856578843,0.9622867716443547,1.0085365076161692,1.1471751695727659,1.1289424499307787,0.9298891464776187,1.1162434575506786,1.1907419154159882,1.7603456593255624,1.55738807785698,1.2068518009987492,1.2689702983439288
2022-09-02,2.3406880080527595,1.0273009771862045,0.9873660353314885,1.0346247545338938,1.1718812692736937,1.1258795577799,0.9327951035088686,1.1162434575506786,1.1758852335922576,1.7465515389184578,1.5300453385610204,1.1969936573830267,1.2555898778906294
2022-09-06,2.34203584435647,1.0235351843395248,0.9644307005536564,1.0108198137379953,1.1484188646411255,1.116656945780388,0.9276502350396304,1.1162434575506786,1.1747474696152067,1.7190666239480599,1.5196436358708958,1.188904475864472,1.2508523788284418
2022-09-07,2.3782209052390386,1.0343441793956771,0.9468144350659855,0.9922704427815744,1.137765462694104,1.128820576075188,0.9453256687707094,1.1162434575506786,1.1917336993210172,1.758161703751527,1.5504699939031223,1.2087744313088078,1.2733238095552197
2022-09-08,2.4160122840232185,1.0462145498790756,0.9505295107495793,0.9961511896230052,1.1424196748828246,1.1347814773355638,0.9530505600518373,1.1162434575506786,1.1942665492050504,1.7499444027642832,1.5727439000386816,1.2160277684059757,1.281646638014264
2022-09-09,2.424715179378443,1.0610335424938218,0.9717978918683536,1.018449053774006,1.1586183420276,1.1398201862131272,0.9600525967187074,1.1162434575506786,1.1979277918808315,1.7855255276422128,1.6177534983892063,1.217251591953339,1.3015571191718585
2022-09-12,2.4241477042502693,1.0627064932384507,0.9886385965955264,1.0367476987935373,1.1659751283740356,1.1417751582895432,0.9576671391076234,1.1162434575506786,1.19038634595798,1.8060595383386238,1.6425404612798313,1.2143237690773625,1.3155462933114823
2022-09-13,2.3382365699118903,1.0429595999279038,0.9716657690656192,1.0186201341725658,1.141488900194104,1.107986064127556,0.9349613258904602,1.1162434575506786,1.1513925662033413,1.7458893093804937,1.5278156955022435,1.173328790744843,1.2583429244415814
2022-09-14,2.3533177573508555,1.0561925833263412,1.0143985823285586,1.06342907086385,1.1730678682421998,1.1120325160776292,0.9414954975670959,1.1162434575506786,1.1616669466965053,1.7263204521875004,1.548918593718491,1.18046093796164,1.2631443184225977
2022-09-15,2.3247341857260997,1.0225756170787828,0.9920289484632021,1.039740365419514,1.147268898973401,1.0974932231699144,0.9173239803856995,1.1162434575506786,1.1527191035263393,1.7142976258020024,1.5318158068914036,1.1759236256447454,1.248803619173095
2022-09-16,2.299483792049342,1.018000742200853,0.9680852049481875,1.0145931646443676,1.1278231058215455,1.096888696650139,0.9200092258996154,1.1162434575506786,1.162637605571017,1.736196112511597,1.5267517409581761,1.1763288594093937,1.2392765776067707
2022-09-19,2.3490412413901622,1.0400709234752672,0.975127143348456,1.0214252248860667,1.1378390977954225,1.1197746822153247,0.9373620922631409,1.1162434575506786,1.1664738909714076,1.743807542489014,1.5487124955434421,1.1967548573341984,1.2488871978491756
2022-09-20,2.3227824408835707,1.031438243726732,0.9676700338971621,1.0134737955190012,1.13200485173219,1.1086839484964526,0.9248635796136048,1.1162434575506786,1.1600642474167202,1.7182875992517093,1.5370241872090917,1.1853153065529485,1.2345518575283487
2022-09-21,2.297402183467799,1.0192531897106187,0.9487109835278995,0.9937588129140208,1.1162010660266235,1.0988716422830738,0.9159559586114074,1.1162434575506786,1.147942195414767,1.6972498705606083,1.5115040648717506,1.1916974354591985,1.2130162812497702
2022-09-22,2.260499935085231,1.0052030081310288,0.9337618898999698,0.9779887464619944,1.1070769319629028,1.0892091296945727,0.9025747013634826,1.1162434575506786,1.152145295237765,1.6955349926690677,1.4583277302999123,1.1868428974953313,1.2028273089356447
2022-09-23,2.1900539428061783,0.9735942144908921,0.8559790724408634,0.8966499448872876,1.037194986925061,1.063650873163811,0.883121627480426,1.1162434575506786,1.1477388155929897,1.683326585648499,1.4227316777486427,1.1663393009987493,1.1826741301428216
2022-09-26,2.1574279616660417,0.959691791395189,0.8321598963391788,0.8717245084859204,1.014571045885022,1.0543006213937915,0.8742996944970275,1.1162434575506786,1.1413262736313199,1.6649650320748905,1.4150984669942483,1.16082311676413,1.1709743521673588
2022-09-27,2.1554339476889908,0.9750214666881576,0.8508431753766543,0.8908932233907055,1.0310492830371216,1.0591123271738208,0.8794911068505431,1.1162434575506786,1.1238553202621793,1.6459607475976565,1.4308240578908549,1.16283014801413,1.167985306642023
2022-09-28,2.2143060599631603,1.0154697165050521,0.8986385645520694,0.9410745023824048,1.0809442659472779,1.0917290736948169,0.9100159702843811,1.1162434575506786,1.1370090136520719,1.680216758606873,1.4529654835958108,1.1885060795632023,1.1909668661562238
2022-09-29,2.15532282937234,0.9958068747081772,0.8997086207044132,0.9426199728108714,1.0765873705005005,1.0752941051279223,0.8916453938073302,1.1162434575506786,1.1250889216415738,1.6572356381158453,1.380456189276658,1.1681559162941593,1.1660887611723376
2022-09-30,2.130462081844264,0.9908984106578843,0.8876548739087589,0.9299763727284739,1.0654389673327758,1.069738841990105,0.8859851860589171,1.1162434575506786,1.110310567759738,1.6408296543817145,1.3595334948796853,1.1608768894997257,1.1480566875719866
2022-10-03,2.1998341155356704,1.0280549597301498,0.9472714155805118,0.992639307603962,1.1223180543994262,1.1012023719583668,0.911103287560382,1.1162434575506786,1.1244073069565155,1.6933559452752691,1.3656560794133767,1.1933575077858585,1.1783670973321623
2022-10-04,2.2762486800498305,1.0639817083873764,0.9927399775159366,1.040291020784504,1.1707919534777955,1.1320221301828541,0.9377291866845274,1.1162434575506786,1.136416704844699,1.7157058455209355,1.4146411860723123,1.2195200001564637,1.214880570091079
2022-10-05,2.2521332999533947,1.0600717550792709,1.0047751494061954,1.0533522420979804,1.1766340852832156,1.1336379474435962,0.9363026501244689,1.1162434575506786,1.1334095988266324,1.7036637539605717,1.4055994736928568,1.2093336888161317,1.2120518802007392
2022-10-06,2.2196376021689708,1.0689284796276108,1.0340270685803898,1.0839193178273505,1.1997061258410768,1.1346590308939135,0.9446101982659484,1.1162434575506786,1.1129517992966032,1.6887109574060062,1.396867962576829,1.191842848667206,1.1995488812618071
2022-10-07,2.173651457912379,1.0422497976818101,1.0329788847577581,1.082820214281208,1.1939313325976686,1.1163404678140796,0.9275945938653135,1.1162434575506786,1.1035630549423552,1.6454801199655156,1.2967982299108134,1.1775371891823427,1.1660887611723378
2022-10-10,2.1891945456809334,1.0312115652599352,1.010133071769477,1.0583679330922433,1.1745988649463013,1.1066282264505543,0.9229688057488584,1.1162434575506786,1.1083751559250212,1.6440076916436772,1.284018279005967,1.1843707310524598,1.1571850042335559
2022-10-11,2.1863369994468025,1.0204169104137437,0.9878158552777777,1.0350637167073558,1.154368308458264,1.1072572902475513,0.9235181843346738,1.1162434575506786,1.1280581347458218,1.639051600907288,1.267442341734849,1.1892686009255067,1.149856875381826
2022-10-12,2.1440149306601812,1.0079413427867907,0.9952755045545111,1.043050718507893,1.1581854562854124,1.0945230556284107,0.898421094185748,1.1162434575506786,1.1410754809372279,1.6300580300073244,1.267673589064561,1.1676629071083682,1.1460639905550967
2022-10-13,2.1878354644126228,1.0374623053112046,1.0374711264264593,1.0872860803700755,1.2076269937609982,1.1195884620462573,0.9187586113518857,1.1162434575506786,1.1687117205612512,1.6583056427697758,1.2953275063771832,1.1869440441933292,1.1763100931711608
2022-10-14,2.1369540778464606,0.9984940664806383,0.9858585173261175,1.0335777784444165,1.156349358568127,1.1015696918283617,0.895721013314166,1.1162434575506786,1.154528316783175,1.634689332268677,1.2256484969396222,1.1695597622719425,1.1495031860892129
2022-10-17,2.2008358863181403,1.0213853201427476,0.9959724890363225,1.0443419912434886,1.1686484750842403,1.1217345523630298,0.9112369961327694,1.1162434575506786,1.1684409495346397,1.6560722450952152,1.2891769297856914,1.1855832501259462,1.1790420131763713
2022-10-18,2.249004965907984,1.0400102255382553,0.9973656149518499,1.04571578923238,1.175823578844006,1.1418860305582201,0.9274722305840634,1.1162434575506786,1.1754110239975304,1.6705149958352665,1.300553810812913,1.208517329868378,1.1928954621416445
2022-10-19,2.23974679635232,1.055300545362474,1.022767059959174,1.0724535707570382,1.1935121507739377,1.139685269144646,0.9313338699883603,1.1162434575506786,1.1668947077743859,1.6495173176507574,1.2991674977559673,1.2053284687843937,1.1844420613242843
2022-10-20,2.220402197963648,1.0535393667736068,1.0308959066998966,1.08062448063863,1.2032746141528439,1.1352602012430346,0.9294660057610654,1.1162434575506786,1.1598823740951867,1.6483904503564457,1.2860724068898786,1.1968132054176945,1.174509905361322
2022-10-21,2.268499735958033,1.0914671240367904,1.064113587821723,1.1154991418935127,1.2398327501391722,1.1713603782449875,0.9639201408929015,1.1162434575506786,1.179391692637667,1.671345616028748,1.3218502164144146,1.2221101429787296,1.2030524869963557
2022-10-24,2.295091387874537,1.0963171270885481,1.0634847715985785,1.1151913881398507,1.2406034196948361,1.1906832656656419,0.9788945587700987,1.1162434575506786,1.2051126963608114,1.6965977255563358,1.3259505849141706,1.2378690052834171,1.21777346406921
2022-10-25,2.3339105315512954,1.1022179968395245,1.0769921660077582,1.1289648759938546,1.2499254907702755,1.1964651382242357,0.9905586121148252,1.1162434575506786,1.2098223254196492,1.7251794783334355,1.3715455909032452,1.2457987126198429,1.2372193673331275
2022-10-26,2.3005121581382095,1.1121230291881572,1.089680898154975,1.1426725206471748,1.2617142473315548,1.2078725662027514,0.9991631531304501,1.1162434575506786,1.2220920069687213,1.749322054551087,1.3421078583974468,1.2542278492775576,1.2278983353518655
2022-10-27,2.3468400756186782,1.1249715307750712,1.0883613371503364,1.1410826784230539,1.2637295175647092,1.22588703534948,1.0041453209466122,1.1162434575506786,1.2308405192367877,1.7477052386026009,1.3243423810262311,1.2743022923317568,1.2213412738915492
2022-10-28,2.3893485740012466,1.1264427237072,1.0837725653302681,1.1363427415944405,1.2639132730578733,1.2432785491739429,1.0150402756280086,1.1162434575506786,1.2589326609604206,1.7746646368722543,1.358743611456834,1.3091914707985535,1.2503977973978717
2022-10-31,2.387680737239772,1.1260158819713602,1.0888489561688912,1.1418142786122627,1.2668696619128539,1.239303700998894,1.0098480797356746,1.1162434575506786,1.248211355876192,1.7556682675103767,1.3359839797277082,1.3045731861916199,1.2413658383961494
2022-11-01,2.3919530547446546,1.137885138563157,1.0997837973248972,1.1531697054005927,1.2737223154162718,1.2420906127725757,1.009140055901446,1.1162434575506786,1.2469391551010456,1.7459985409478767,1.3169989932317365,1.2978051762428895,1.2359336366761806
2022-11-02,2.3359555259055433,1.1056435507335673,1.0453309008252634,1.0952910051442453,1.2219233705615355,1.2237140785013354,0.9903380348748347,1.1162434575506786,1.2310923182480182,1.7055858307580574,1.2684921462316145,1.2897296254006043,1.204916363612382
2022-11-03,2.3908192725486095,1.127090480665208,1.0906904722821726,1.1428792230702705,1.2622924326037719,1.2403739944254077,1.0070974823540828,1.1162434575506786,1.230047877787813,1.6889354975442512,1.259914108588182,1.2952023289528503,1.1925096192769757
2022-11-04,2.4327309562033945,1.1479061087169657,1.1020165091168894,1.1547738618947334,1.2650776353930786,1.2572553321634448,1.0290388130730768,1.1162434575506786,1.2389782420151079,1.723521774170838,1.2776865184087387,1.3088340779152525,1.2096736494881424
2022-11-07,2.4599865187949472,1.164964923719407,1.1163704687726512,1.1701012735463447,1.2789688753222779,1.2708365745340504,1.0430772255486627,1.1162434575506786,1.2534636691086136,1.7410743128518682,1.2716467246312728,1.3127375157204284,1.2212448131753821
2022-11-08,2.438589376003199,1.159549236158372,1.1182253355634226,1.1716034662343329,1.280852179918225,1.2459726821695485,1.0506898499077937,1.1162434575506786,1.272679052256807,1.7724825171212772,1.2739259976644148,1.2903273548927916,1.2278340282077542
2022-11-09,2.4115854499167733,1.1263940725841532,1.0420194430005565,1.0913289636708565,1.2074199434375121,1.216914387491814,1.0227711823052545,1.1162434575506786,1.2612722758285844,1.7448987536172489,1.2066491450566879,1.287238693698944,1.202538029843464
2022-11-10,2.5022699797934824,1.1706865301647196,1.0778645250928416,1.128851066789753,1.2323846971606567,1.235802766398064,1.0361735580987115,1.1162434575506786,1.2761357157699906,1.8254267716149908,1.3457423888463607,1.2920160267677914,1.2686225863179157
2022-11-11,2.455561841518336,1.1733597799816142,1.1027342409741892,1.1558776773549386,1.243668309984143,1.217538082865349,1.03133679967586,1.1162434575506786,1.2551673777572954,1.8397524859170538,1.3945694970388045,1.2508809376564634,1.2809008194214195
2022-11-14,2.4494058394736578,1.1726728979625711,1.1006724718701852,1.1532306810475654,1.2533563928698852,1.2242836112772142,1.025949192101397,1.1162434575506786,1.2559822009079302,1.830608886216126,1.3838290032643903,1.257074808200897,1.2700046746347091
2022-11-15,2.4562705718344975,1.1638347265758524,1.119484592689277,1.1732204301930733,1.2605387193774535,1.2222548164163745,1.009474860436358,1.1162434575506786,1.251222079753145,1.8364304939965825,1.411110037733995,1.2484801655617368,1.280836512277308
2022-11-16,2.453723306972437,1.1397981802501689,1.0807805086743845,1.1327459917165108,1.2293881082629516,1.2150882041727222,1.000897269493975,1.1162434575506786,1.260312578868135,1.8218405218820195,1.3652646510381332,1.2574860279884945,1.271065227230945
2022-11-17,2.459824551326685,1.135669843153001,1.0785909941327585,1.1304648485280342,1.2316522661303833,1.2147754615579762,0.9972689949578422,1.1162434575506786,1.2696940295212114,1.8098059738854986,1.3584854333181013,1.2666744252052913,1.26717608780069
2022-11-18,2.4946225386924077,1.1456772406139384,1.0646417246472848,1.115787625322468,1.2204600435351685,1.230264334848992,1.0022768654412406,1.1162434575506786,1.275069921397432,1.820112530205689,1.3472774720449079,1.287721323093475,1.272929516072254
2022-11-21,2.5005189574546147,1.1425170355358134,1.0447717375409615,1.0945173830128976,1.2023867250537232,1.2270672157083669,1.0037492180413383,1.1162434575506786,1.2867455050461136,1.8319003432015997,1.3159032771367658,1.2921503804054868,1.2683011536536788
2022-11-22,2.5232702315635014,1.1739051550426494,1.0919585474622262,1.1434981226064032,1.2490740633105593,1.2569667670999682,1.0220235252923149,1.1162434575506786,1.288143212413057,1.8178874321679692,1.3503967496175395,1.314040578159393,1.2853685170360367
2022-11-23,2.524110195857935,1.1640916601696025,1.067589760078193,1.118157184038288,1.2276553087329225,1.2527264510904468,1.0183582687920707,1.1162434575506786,1.2848485369675002,1.8110895008782963,1.3850420403737653,1.3151213200417171,1.293468537729746
2022-11-25,2.549281825191431,1.1545756720104228,1.069673827995063,1.1201689340688057,1.2337104974841433,1.2579003608499681,1.0127922752923149,1.1162434575506786,1.2859565653793656,1.8158597798089602,1.3670080315847029,1.322304962619842,1.2931791555812442
2022-11-28,2.490451932460718,1.1294674398937237,1.0376981299054635,1.0868172594167063,1.2024302629565555,1.237052333811394,0.9960006020135063,1.1162434575506786,1.2827672289841021,1.7770355673532108,1.3438773173589338,1.3097355824318537,1.2725437762639056
2022-11-29,2.493049625331812,1.1353466452159893,1.0558197909009468,1.1056774446584055,1.2151097116565068,1.2362908729349291,0.9994606499261038,1.1162434575506786,1.2763447802536334,1.7911090798120122,1.3283508141774762,1.3078953495827328,1.2703581578146805
2022-11-30,2.559361024410181,1.148531497816087,1.06316087175727,1.113332131395466,1.2226409731005987,1.2514795272623218,1.013995358330645,1.1162434575506786,1.2961908648483598,1.8307134642343144,1.4120780221242535,1.3305692768898616,1.3103751332518248
2022-12-01,2.5719012590563524,1.1576394147311535,1.0513295780854521,1.100968775446573,1.2158166663521204,1.2505222153080662,1.0095618618825184,1.097921873390829,1.2991573715730225,1.8303031940398484,1.4157957060868898,1.3328748000148174,1.309411041371756
2022-12-02,2.5775652269518603,1.1570944753085461,1.0282146488862334,1.0768697283579498,1.223785069214669,1.2528899887455662,1.0161410031178701,1.0898619536520593,1.3062747250123536,1.7972633167205125,1.4071043242509522,1.3318336199763652,1.3079004418230602
2022-12-05,2.5491510088122116,1.134595313779005,0.9825121422486601,1.028928584177652,1.2043915351265342,1.2323756527317724,1.0001344796040763,1.0550144614340418,1.295628576330713,1.7573098743377,1.368342000489966,1.304792583752,1.284372168527591
2022-12-06,2.530654355064653,1.130190050259718,0.9604884651856719,1.0058687239481598,1.1886808036201866,1.227711257590171,0.9944938980916251,1.0340659632803553,1.2914858955903565,1.7200770469603808,1.333211138444678,1.2966451266291974,1.2658583066280074
2022-12-07,2.5234992159044967,1.1399175275241222,0.9602289837556182,1.0054577448679596,1.1961979087227257,1.2355534794224463,0.9943581192830313,1.037031143868124,1.2998222618623292,1.7150121662078173,1.3234284178788822,1.3038076376918193,1.263704841750838
2022-12-08,2.563621991173051,1.1484429334079114,0.9501062714295684,0.9949495734049468,1.1977581054085167,1.252410582007285,1.0023515454152334,1.0356621195913904,1.3045263386292971,1.73190820044854,1.3525930064256353,1.3116411643031474,1.2736045349727827
2022-12-09,2.5045352136767134,1.1277385053073254,0.9381875694947539,0.982572634012857,1.17492552560505,1.2173176483525,0.9824434719899405,1.0130968615652673,1.2964247822328128,1.7343733001647264,1.350717588334815,1.3031658247950908,1.264090375446545
2022-12-12,2.5331956560290085,1.1372844243441909,0.9709919045167266,1.0167510611368804,1.2011181159370812,1.2287160419834813,0.9963760056355705,1.0452865889670007,1.3105152462525882,1.7680238132415085,1.3609131781633064,1.3157503176692362,1.2823152674229097
2022-12-13,2.538965498558305,1.1432534634982436,0.9745503609376249,1.0205274733378082,1.1898715041511925,1.2210039940251074,0.9923540470937003,1.0436812197805994,1.3099438995881594,1.7772598133025437,1.37300640669419,1.3222993201259012,1.2920221422688407
2022-12-14,2.5401013788378464,1.144126925412306,0.9731692978577909,1.019212070353189,1.1909262839668662,1.2263418636692724,0.9912590409138907,1.0400293616415612,1.3134702827973879,1.767148470681694,1.3539341296250982,1.320812685299241,1.2837616628838149
2022-12-15,2.4830350732958544,1.1061976224337906,0.9719924580292998,1.0179993929697662,1.1820606528633504,1.2093084434879982,0.9753605259755362,1.0366411597372645,1.2981301804109133,1.7009253719268111,1.3117127127702397,1.3059022768977517,1.2523585469553475
2022-12-16,2.4751753702318897,1.1031593747531265,0.9608590458588896,1.0062014300181061,1.1798778472298055,1.202701540793296,0.980143827138256,1.0331999713064783,1.2949268600984134,1.69313472098687,1.2843646960313482,1.294034839535081,1.2375731596820612
2022-12-19,2.417268654838823,1.0953646848117202,0.9585710976319608,1.0036261786295564,1.1850097594612508,1.1964401253117285,0.9817666622975577,1.0369427260519617,1.296516119818262,1.6808618331847458,1.2610124110276861,1.286153526592576,1.227078728433406
2022-12-20,2.4179399347460495,1.0998335942660658,0.9683883053498564,1.0137626452280672,1.188090547119942,1.2005002006901464,0.9814975468495596,1.0474366469503993,1.2948520138307131,1.681913122170952,1.243475144105689,1.2880680754664775,1.2287577220101116
2022-12-21,2.43522291356685,1.1158980519687025,0.9815829319672882,1.0276684649302157,1.2029574187630085,1.2168387222660741,0.9868702191212881,1.0592417235495204,1.3130710369630372,1.6961857040343553,1.2637450671250983,1.3105293437007302,1.24713070591931
2022-12-22,2.3922332971728073,1.1048966962252942,0.9533504013734161,0.9979860365702304,1.1938529097908406,1.2032727993382177,0.9797223381856193,1.042216796791708,1.3128802376313722,1.6818740055022507,1.2049883034761115,1.3052779551509255,1.229339165771453
2022-12-23,2.3759864000475632,1.0975362721835462,0.9849915699677764,1.0310634035898838,1.208039856659737,1.2035648941410741,0.9809622212270009,1.0646516692282315,1.3182908329530276,1.696289501946953,1.2038252015168829,1.3061728159907693,1.2364104782720198
2022-12-27,2.3782005014574756,1.0793106633578626,0.99592580039075,1.0424108824564609,1.207681535279122,1.200219498099204,0.9778923447468985,1.0715324069143886,1.324513205771021,1.696101954644707,1.153857902246253,1.3156644949916239,1.2315346776274643
2022-12-28,2.340004436699175,1.068974300137648,0.9656882094102202,1.0102960514856967,1.1905752799385456,1.1929609566105566,0.9739254834035147,1.0543275221945398,1.311046593145899,1.6973809860167772,1.1436423054750127,1.2950372073176737,1.21622947427261
2022-12-29,2.3801861017382375,1.0835511731540053,0.9741891483979521,1.0192022997690828,1.1880550483101275,1.195511436118003,0.9770138657429923,1.0577676726462,1.3171381344361823,1.7453209674773484,1.187088482385413,1.3221198145869608,1.238122037646064
2022-12-30,2.394709353081011,1.0870249959384293,0.9794329491334258,1.0246821753336581,1.1923746566170121,1.1932842846287453,0.9785502518513908,1.0618544280172937,1.3105149155183358,1.7459425853667527,1.1878665062959355,1.3167026747706767,1.2348607173214612
2023-01-03,2.4051295419848193,1.0760277905856461,0.9356603380875884,0.9789353707148227,1.1686935996406937,1.178890451468345,0.9729619210103263,1.0291035651327722,1.312122320227198,1.7677784110961228,1.1576008572633427,1.325825671291673,1.2296619381678586
2023-01-04,2.467445074669145,1.0890932629977554,0.9421321907716094,0.9859423521830234,1.1619027617805864,1.1816573994053567,0.9728746598103751,1.0297456736685389,1.3163466034455817,1.8172441589293746,1.1609286971147221,1.338543925762498,1.239155177260996
2023-01-05,2.4679231737292042,1.0814754987155288,0.964665621824771,1.0089468869043978,1.1654257682197955,1.1696570160282815,0.9757279812672842,1.055043501198446,1.3064858017488044,1.7823201103148727,1.1318149607713384,1.3364213458064433,1.2250121400345797
2023-01-06,2.539431220451616,1.1083487645541519,0.9815852993684112,1.0268521456553135,1.1862728698128129,1.1933166115177836,0.9985039173939931,1.0723512366415613,1.3299152576966804,1.811077848428276,1.1659336571748418,1.3653447901728983,1.253104365548192
2023-01-09,2.5131680849230515,1.0915303792392106,0.985208429022342,1.0307607519938145,1.177295827423897,1.1740880291355815,0.9778440605977285,1.064282336342489,1.3086674541993661,1.8115748943267134,1.1956290919358892,1.3524592791560526,1.2523939983296655
2023-01-10,2.5730848352587445,1.1073711545382827,0.9921526600556672,1.0376918474985752,1.1839278327339555,1.1738036503208844,0.9900132805684317,1.0760191531302086,1.3022329968019053,1.8423292362151413,1.2094887030656498,1.3632798872950909,1.2611768702042763
2023-01-11,2.5525460390246137,1.0987429860507338,0.9956664179520905,1.0411673310114538,1.1843672477119829,1.1599214813603131,0.9877954296925773,1.0770351138235679,1.2932842628999277,1.8639260715422896,1.2455358225877444,1.369793403911912,1.2771280305772246
2023-01-12,2.595611625877641,1.1057632253085463,1.0207587300019563,1.0676443491770422,1.1951587607735061,1.1581986317051618,0.9818200432637442,1.0936941443564048,1.2820746540589854,1.8750880706725386,1.2582321452195804,1.3636291285518045,1.281777622597862
2023-01-13,2.623812700096391,1.113240804043898,1.0215145882325471,1.068341383249918,1.1981458556526563,1.1665156010044782,0.9870974182942618,1.0964178088308922,1.2859005508943124,1.8809216297087934,1.274816907411353,1.371242674541795,1.2867502961838675
2023-01-17,2.6178788980639203,1.1059453275119155,1.0233563805299104,1.0701817953898105,1.195670779358711,1.159681975592491,0.9833019398549308,1.094533851158773,1.2876376896424815,1.8841873847899704,1.2986719695146245,1.3636455786708233,1.284393192017012
2023-01-18,2.5708934976732953,1.092258093014845,1.0061621407227814,1.0520970465494786,1.181630094086494,1.145015901602623,0.9702980927327384,1.0851480273367515,1.2539535347505137,1.857974663537529,1.2809931559617682,1.3490975882533427,1.2641152120198316
2023-01-19,2.554116024986528,1.075497736111769,1.0208460983949006,1.067364467508951,1.1864235907905958,1.1285644695652692,0.9598418022969474,1.0937396044851888,1.2438683579011485,1.827700842278984,1.2587811419541999,1.3188406619075175,1.2549125917510442
2023-01-20,2.5880490358507857,1.1095085538302747,1.0397913304047883,1.086962944300333,1.1943487899177931,1.1393475578678816,0.9631315472462881,1.1127883547903645,1.2456911167665048,1.8639127113280562,1.3106319125230474,1.3449486372950907,1.2782904028183038
2023-01-23,2.6022780130541547,1.1246693158542005,1.046556961508304,1.0941963099314367,1.1885584380501173,1.1396593628300398,0.9674059475758781,1.1117334372641194,1.240473691992335,1.9108617801604537,1.357650703721778,1.358412632274949,1.2936281719704965
2023-01-24,2.6031210405504925,1.1264184934054702,1.0461341744141877,1.093394801218668,1.1829403869026562,1.1413213150395125,0.9718655522206535,1.1150561606527913,1.2478007935090585,1.8943469562468793,1.3576109023149177,1.351574766826951,1.2922397972181408
2023-01-25,2.5908166170275435,1.1274509694491712,1.036869863195926,1.0836810049845371,1.1879296737068554,1.140040484274742,0.978930537495922,1.1141259242178547,1.2512052998109382,1.879167419808891,1.35892452917649,1.3465579943660138,1.2927241619253906
2023-01-26,2.626230681816362,1.1418795552646008,1.073029250593692,1.1211987068964635,1.2186253470772166,1.161174667014,0.9839456330159414,1.157215829003011,1.2479214813752693,1.89464982947686,1.4076873301561044,1.3699748843196269,1.30693171240856
2023-01-27,2.624086972252153,1.1349648190890638,1.0511255455689728,1.0987032759501134,1.2008082251900096,1.1475979683293076,0.9704564488270987,1.132469407570516,1.231062200216822,1.917223146813896,1.454544357972877,1.3717200400355691,1.3099345674808682
2023-01-30,2.5803791956103077,1.1159568921481458,1.0246508921342194,1.070951143725077,1.1912934234016794,1.142473864783165,0.9721366490224111,1.1138668303610433,1.2305000462098639,1.892350712579277,1.4016686892564463,1.3528585532191628,1.2934991454569904
2023-01-31,2.64199038106563,1.1304753926669444,1.032483385725528,1.0792660004450476,1.2038604972237008,1.1562124916447372,0.9763051136830557,1.119723374855672,1.2453610897584477,1.941954864114311,1.4330561266954112,1.3823677760127417,1.3125175711026795
2023-02-01,2.6704020654833545,1.1340346158419932,1.00502414061597,1.0505402727915443,1.184423817383613,1.1584229599369735,0.977212832341503,1.0931962531210528,1.249354839376978,1.9805652175841595,1.482122944932716,1.3812644209864966,1.3264666563335545
2023-02-02,2.6592961809313524,1.1365535291110362,0.9856844340043366,1.0304815567804968,1.1630879363411326,1.162950847281334,0.9652392319539298,1.0748755202414142,1.2361645195527593,2.0272900985656044,1.5511205962236096,1.3904170161250464,1.3457765252541591
2023-02-03,2.6654164087450734,1.1354650678073253,0.9753523968415558,1.0196080591990149,1.159064110504951,1.1592551811588974,0.9720051442006339,1.0772401686789141,1.2358823593659918,1.9700436580596228,1.515159299760597,1.380641503429734,1.331471792660578
2023-02-06,2.6815575266039597,1.1279399777804697,0.9604240822511018,1.0040690436197912,1.1487579551094433,1.1559564026249618,0.9794299237111319,1.0636442057730304,1.2346110050721686,1.9434575031218786,1.5111371848161388,1.368173025417649,1.3233347747477404
2023-02-07,2.7430630052721727,1.147694852963575,0.9997162953095734,1.0450187998606357,1.175501913391914,1.1712825199497907,0.9809766289571035,1.1031369959951984,1.2277571857972662,1.9647239456115029,1.5502363314683607,1.3757928729060522,1.34064236241363
2023-02-08,2.7375697267687547,1.146624134579786,0.9897182654099762,1.0344204891993198,1.177789015900459,1.1686773594273296,0.9760616120198476,1.1021794974447834,1.221943602041773,1.912545632165458,1.5450082259233167,1.3650434180262916,1.3259826007952666
2023-02-09,2.7499104746020064,1.1349656598483406,0.9879089874940216,1.0326977110697422,1.169238152252998,1.166213293494102,0.9803794255116689,1.091851138603841,1.2108616352601569,1.880696331017997,1.5448497775132823,1.3714469855311744,1.3144872865600559
2023-02-10,2.7877151292956097,1.15330592321504,1.0339764067368804,1.0806582669092808,1.2008165831917186,1.2083073486698832,0.9887959370473135,1.1360357726217853,1.2213225384278814,1.9006619293151161,1.510322857194679,1.3795896803859107,1.3175549640580793
2023-02-13,2.824834141746782,1.1638317738925303,1.0283570847230254,1.0746208090616856,1.1963621444099803,1.2175493378056252,1.0008529225209464,1.1333858439566242,1.2309561543031255,1.9192732765136025,1.5365462012345958,1.3986246623042455,1.3330218627800985
2023-02-14,2.823793759361528,1.161450366727003,1.03291546294263,1.079513912470499,1.1965947135322947,1.219472217596885,0.9966137219289053,1.1330824538351643,1.2183746216340583,1.9113532928405066,1.5773060008104016,1.3906081171992652,1.3324081623903807
2023-02-15,2.8106412569201216,1.156944094601759,1.0127506615357695,1.0584216505839024,1.1810539534920115,1.226583728445884,0.9874461182454336,1.1170234748007404,1.2117593781037848,1.9611043975768345,1.5864621909196546,1.3957250426295633,1.3367352911835746
2023-02-16,2.7601168665087448,1.1366036504184096,1.0120011828141509,1.0579696785761508,1.179752661072578,1.2188759384525978,0.9765638966420401,1.1111221297384846,1.2065449654145757,1.9305500045714634,1.5363098597581555,1.3861142374995583,1.3183297414770376
2023-02-17,2.7637623529589397,1.1331315129672377,0.9818600640015898,1.026557190592447,1.166940061890449,1.215466927374717,0.9880571995595205,1.084083098900472,1.230554811529688,1.913367942040946,1.5249633498246837,1.3846955573085182,1.3150364736930207
2023-02-21,2.726979889885209,1.1070531552707046,0.9800610638337431,1.0243209719492585,1.1530180175178906,1.1894202801121436,0.9741503144124258,1.083875393593465,1.2248151081605474,1.8690942501006382,1.4756957007463147,1.3456940821650858,1.2886556014408115
2023-02-22,2.711743287102006,1.0931724133883802,0.9779261391358672,1.0223533964945466,1.1429155356758496,1.1698227924717628,0.9657728417256582,1.0721805781485187,1.225490288977198,1.8756317684111852,1.4852177187974622,1.3410566592219706,1.2868795288100146
2023-02-23,2.6965232614672403,1.088417622891554,0.9925279185014068,1.0376470658136994,1.1482024466865917,1.1821032043827735,0.9613603611806143,1.0843604090811358,1.222509124044947,1.8777259601531284,1.5410891390855483,1.3432789698603982,1.2937252510245876
2023-02-24,2.659297036949418,1.0789493176852551,1.0026047482209501,1.0484780947519927,1.1455570449226755,1.1747119430912696,0.9531046025136221,1.082677473747884,1.214661431555323,1.8506746601043005,1.5091582125718763,1.3318937239650126,1.2799051923072184
2023-02-27,2.675128375450395,1.081116390744337,1.0028094977097806,1.0483583638025908,1.144256818329658,1.1763251854313577,0.9550691838124503,1.0876854315878497,1.214576759390406,1.8487126686034459,1.531972657686012,1.3373707427028056,1.284264268559827
2023-02-28,2.6840230478441938,1.0686514417086925,0.9879097687440213,1.0329139670206695,1.1297911155098337,1.1562618328465188,0.9460457390645255,1.0693248721243487,1.2057971176667732,1.8410649486480015,1.5239935607011488,1.3333940878871318,1.2795175974850979
2023-03-01,2.7123379556811074,1.0630066342746105,1.0161162558274563,1.0619930363489776,1.135611666046943,1.1446056927098,0.9450469193318595,1.0956412440420733,1.1953175621552985,1.8274898204741734,1.4975030654008559,1.3177562800410625,1.2746093340995246
2023-03-02,2.7707646315950214,1.0796209896110587,1.0289982921349152,1.0754188813017227,1.1503818948374338,1.162816311925095,0.9563556987896238,1.1047510490963148,1.2127291446864377,1.8333685430164042,1.4959353591455353,1.3184756110819087,1.2845223215868384
2023-03-03,2.8798086562532244,1.1089730014823966,1.062607752584134,1.1106952629850722,1.1795286134348457,1.1825018221790011,0.9788439899578367,1.1272124611446548,1.217418783968664,1.8700178924197857,1.5386031112207306,1.3343396888406978,1.3051232800930659
2023-03-06,2.86089736913622,1.1054659954093986,1.0534159511314973,1.1011997505949354,1.184988517914826,1.1776775874072725,0.9767885181560789,1.1217276154110123,1.2222897278010614,1.8764318639392559,1.5314113816751374,1.3247779060037836,1.3060272901381715
2023-03-07,2.8378075673478897,1.0973937091850334,1.0446662410484895,1.0923067688749646,1.1810958955393378,1.1644842627460177,0.970383882154492,1.1141714287349869,1.2080208893000848,1.8350684909457866,1.5099923730386628,1.313232679715942,1.2860076723369647
2023-03-08,2.8547266162294203,1.0959267726921134,1.0378467204796418,1.0852646576689098,1.1757820199595037,1.1605683928424533,0.9699695221081053,1.1144522125789809,1.2068403572261102,1.8404470468158427,1.5157267230523959,1.314306710019897,1.2881065173641675
2023-03-09,2.78094658044756,1.0528447078727776,1.0297487231957063,1.0763935562895153,1.1587794664011541,1.1120500483447726,0.9378515796795164,1.0780330193111587,1.1968177028834588,1.80724275375554,1.479843285323514,1.2773019035013424,1.2643414206437493
2023-03-10,2.73925353483141,1.0297179195426995,1.0113172397362338,1.0568541199491832,1.1324856626139228,1.0861792593890842,0.9170264038219724,1.0416457989284684,1.1950252201258904,1.7808647832507793,1.461022283698453,1.2383527057321775,1.2460975663043774
2023-03-13,2.7495326430696303,1.0023450531028801,0.9874374782311067,1.031879238967738,1.1118074750528877,1.057488030903977,0.8965623706951414,1.0132045414516617,1.2043472431361442,1.8204594327563945,1.4784239852441683,1.2142313998850096,1.244321596729901
2023-03-14,2.849609180774098,1.0147900806449945,1.0037490276085481,1.0488055664823865,1.1284786264048163,1.0734493418628392,0.9123183193340574,1.0328527176448992,1.2126996895015005,1.8369464774722761,1.5271097766412631,1.2370932273538817,1.2648904016640727
2023-03-15,2.8389434771913344,0.9757264396690424,0.9571631992088899,0.999766782455287,1.0838752149210518,1.021451854985398,0.8725203735485348,0.9693243458339862,1.2236901947200063,1.843145527803392,1.5353538836969274,1.1642965335520021,1.256979283206191
2023-03-16,2.938821209277516,0.9990253974937494,0.978550062917386,1.0221758019255018,1.108773261414582,1.0536151728564915,0.894757080854443,1.000919696099489,1.2279721695124868,1.8483513894672103,1.5892982013238806,1.2001198806436768,1.2790330266652064
2023-03-17,2.8905214244264417,0.9699921283744868,0.9597721515404328,1.0024066353605605,1.0751732984171456,1.0215650320941625,0.8696359199657712,0.9648410427639178,1.2200983009516957,1.8240327466602035,1.5838105479730504,1.1667262859018557,1.2640776995190997
2023-03-20,2.900267084826832,0.9796281925224359,0.9790130176293002,1.022742082290492,1.0999047643290107,1.0341768622333225,0.8863601112499508,0.9907883663723163,1.2359813949763538,1.8537674945468614,1.5833035876764197,1.203424496808838,1.2762327803193774
2023-03-21,2.949394013919239,1.0017274463676507,0.9953776553856477,1.0401833855436657,1.1140719522104805,1.0574234023029025,0.9044336586132321,1.0170265732357195,1.232983428591466,1.8344703654880237,1.6252262748254676,1.229825286069702,1.2929902533454158
2023-03-22,2.89875252260149,0.9778317852043207,0.9767462711083039,1.0207301575468397,1.0894708642588204,1.0323459856921848,0.8867195903911862,0.9934571129390887,1.2234758724391224,1.7938451871509264,1.6075531146539588,1.2053508201273193,1.270949391926487
2023-03-23,2.9359062465089605,0.9845370784782466,0.9760496112572297,1.020447078018031,1.0917767881022042,1.0333732870990453,0.8901586883678708,0.9929590023586443,1.2215629722773793,1.794570214426012,1.6271981280816932,1.1990611949594725,1.2743852896583407
2023-03-24,2.928847184886341,0.9765907058738765,0.9744971523033723,1.0189685311125134,1.0971652822123117,1.0256540884906469,0.8872239803447995,0.9922269398281268,1.2382422409236196,1.8244097955341054,1.6230056600107092,1.201252719465088,1.2827476917445304
2023-03-27,2.9128937840837286,0.9747497322105465,0.9927140407311067,1.0375463471220348,1.1111569478617258,1.025704275410813,0.8872437618389402,0.9971473408291033,1.241178432863927,1.8172708093280507,1.6129252259744544,1.2129270213754884,1.2851463276086246
2023-03-28,2.91285789331377,0.98264678344956,1.001283394216214,1.046339972762904,1.1075329007731027,1.035625218480271,0.8915752380504879,0.9997868931362323,1.2402018547236684,1.8091531055087757,1.6019254561914344,1.2201652431162109,1.2822616781361493
2023-03-29,2.9489489753145026,1.0039898571037347,1.0148809650169954,1.060673085098109,1.118948095856721,1.0556015685016333,0.9071718094005856,1.0175390198299576,1.2466955227076773,1.8334450477237416,1.6391877013696572,1.235880611387085,1.300899104564242
2023-03-30,2.9812234877961923,1.0068892459892327,1.0174018489586458,1.0631229424284312,1.1239800439463206,1.06113315800969,0.9081435547008785,1.019426678521364,1.249915781038976,1.8359235700244618,1.6596913856042763,1.2417189826639405,1.3085162033391908
2023-03-31,3.0673374423402597,1.0299265621208245,1.034116211293851,1.0806530854032848,1.1380740060434886,1.081318981450242,0.9271483814373286,1.03440821309778,1.2625154716670277,1.8655528300876334,1.6985612376703163,1.254796607175659,1.326959059433818
2023-04-03,3.0710500176805304,1.0218196655296379,1.0196816592918978,1.0652308121488903,1.1294738290415356,1.0851473681384742,0.9240525657787593,1.0322628410885029,1.2707299492060902,1.8815885009402944,1.6790609364999671,1.2610666274698485,1.332015723921187
2023-04-04,3.0589068618196293,0.9994461399101311,0.9708027255760775,1.0143644943998669,1.1079041131601879,1.0600890215808572,0.9046725635662348,0.9975240906307392,1.2697905372798206,1.8772138597125723,1.6728232535852332,1.2218602233560791,1.3246256582207212
2023-04-05,2.9979918685334965,0.9729025318168695,0.9876014880882845,1.0311996239469858,1.1102921769724436,1.0411238093311013,0.8875399456157953,0.9867985550472431,1.288208504122472,1.9017849067325308,1.6376391967309851,1.2211790290506592,1.3211572977478494
2023-04-06,3.02649333509386,0.9782539127372796,0.9820913387047395,1.0257723618315073,1.1175366830454416,1.0448361910754862,0.8952954105510981,0.9934941330501729,1.2906688965022326,1.9130000781650258,1.652375463630094,1.216367823758911,1.3263107321203478
2023-04-10,3.0611939080613895,0.9952513916038566,1.0027898822533237,1.047727040176234,1.1323481408701486,1.0536662852222147,0.9071264099254878,1.0068238556453877,1.28303260003922,1.9195467622394276,1.6511789418710607,1.2239044410379636,1.327672209173003
2023-04-11,3.0625655684846684,0.9915960681938224,1.0074767017113313,1.0525215889738413,1.133995095978791,1.0526845164233867,0.9014706829204829,1.0090175835201436,1.2824639805018665,1.9124037345523548,1.63194602580203,1.2291337340982662,1.3280290932115577
2023-04-12,3.0320670459169197,0.9826249874137931,0.9939337100731477,1.0383553498075817,1.1336721078501288,1.0492266795093241,0.9013925144329341,1.0109602722713644,1.2833440944850207,1.9017170724506092,1.605630955840482,1.2331119056375728,1.3226157507982754
2023-04-13,3.1015633489030643,0.9997160743736321,0.9956992259728058,1.0402733887480113,1.1411844529734199,1.06507025403325,0.9167854316845211,1.0187787483761008,1.2974731041133167,1.9190826238269518,1.6470514649881263,1.239020275846313,1.3401837617865526
2023-04-14,3.1127265069383423,1.0032511573814447,0.9883279147850618,1.0324299919889781,1.1329597871409003,1.0710754439288799,0.9186627826824458,1.0183626091549094,1.2944702316462757,1.8938522855395983,1.644813758613004,1.2365803199442134,1.3369099716471464
2023-04-17,3.1192410703080933,1.0204250278495843,0.9897713130699738,1.0347498215483044,1.1456018594370427,1.080253854649705,0.9334445148601801,1.0337376511165794,1.3014876327693226,1.8684994002933213,1.655177289725675,1.2515854308756098,1.3417073464316558
2023-04-18,3.1360327193635738,1.0325245555900628,0.988880578969632,1.0339484589384411,1.1507960878000798,1.0968527979785623,0.9441832294597894,1.0460285294124778,1.2964182544886829,1.8397959399814316,1.6599904685510531,1.2651494773538812,1.3425821915380056
2023-04-19,3.1596680194276607,1.027059337618261,0.9782346873985871,1.0228060044096325,1.145983566437775,1.092295327656907,0.9391867466106683,1.038561583001345,1.2982891460597277,1.8474276055926988,1.6664681155694858,1.2636936790140374,1.3423554676324845
2023-04-20,3.1213679091829096,1.0269764087699944,0.9852335376488313,1.0299076226042128,1.1572821427927555,1.0958072543079078,0.9452450412884026,1.0461667000362571,1.3036125377833605,1.8363444234485338,1.6212121970666782,1.274937362638305,1.3350299151887717
2023-04-21,3.1356703744310175,1.0356210552238518,0.9764086215721711,1.0207823395536757,1.157740080414826,1.1023550326282205,0.9498705211773185,1.0417998436519798,1.3134541965663196,1.838337245523424,1.6315273465646642,1.2694351936014396,1.336067383169173
2023-04-24,3.159808126963976,1.036034718325048,0.9752397296654329,1.018851590041957,1.1536986825571598,1.1127842524463358,0.952911265577343,1.0463187431881125,1.3162676353633167,1.8338335981006335,1.6199412526620762,1.2710235282572016,1.3374610137938838
2023-04-25,3.0644490460771356,1.0166467994712882,0.9586868167626009,1.0016848885343888,1.1462329660044255,1.091629205983323,0.9416669796123771,1.0317525223323996,1.3222242290675403,1.8252583480472278,1.5839493936075109,1.2551355750711666,1.3162303811682314
2023-04-26,3.0828116671937735,0.9954456954978996,0.9390814868675814,0.980691851119838,1.1189270272837224,1.0798178664142313,0.9232292232647209,1.0157132874080832,1.312560341662145,1.7909303041095446,1.6134936213983433,1.2422743156107174,1.310655446444105
2023-04-27,3.11586484617174,0.9977006023429924,0.9416446750389682,0.9834164009855607,1.1357544061289373,1.08657456464116,0.9247228061809807,1.020707277734011,1.3220105175196888,1.8022397987003038,1.6635234204782385,1.2724563674600826,1.3367480701673402
2023-04-28,3.1774376893419056,1.0061891006492667,0.9255418269859896,0.9654511612699845,1.1195075585947576,1.1190560469562234,0.9230405086651116,1.0242837380001244,1.328038879412389,1.8223645648593614,1.6678756055368325,1.2817359397562251,1.348157229318453
2023-05-01,3.214714615382555,1.0155665020011955,0.9253607112633334,0.9652101395414688,1.1216931336985174,1.133752971165818,0.9292345729961662,1.0307989815303977,1.3330623905360464,1.822089607202501,1.665699836112394,1.2898223464639889,1.3467960614347598
2023-05-02,3.160774289073351,1.0015525302909905,0.9027545940147982,0.9416150780485489,1.1171253892527166,1.1239577677661599,0.9147112789287833,1.0195158379146751,1.3359156227290396,1.8057969213123033,1.6570870229257484,1.2921704604776607,1.3316590459952742
2023-05-03,3.1165131808656485,0.9793890773796136,0.8818770587669955,0.9200893509672502,1.1113677934275212,1.1009836237842263,0.8959054096355704,1.0050367485592064,1.3201495224177604,1.792284221994371,1.6489708842767616,1.2751505309732662,1.3225185686878638
2023-05-04,3.102267556704882,0.9813639453910882,0.8643771571861849,0.9015220497892718,1.094271814118439,1.098022552769822,0.8782816074505119,0.9709157570430932,1.3178832267939813,1.8044394832248398,1.645844188643827,1.2451439139993894,1.3131511613622908
2023-05-05,3.150165773143175,1.0090121631645257,0.8836229755150422,0.9218917404936176,1.1151589425669253,1.1256211165363015,0.897964788068798,0.9966937775203881,1.3243460125148065,1.8265496083850572,1.7015669660104653,1.2570498489053952,1.337461013793884
2023-05-08,3.1566720902818473,1.0213756160759027,0.883153568624173,0.9213086624906879,1.1165749536142886,1.1444086790973367,0.9049909698620109,1.005332130486697,1.3189617420375117,1.8071409110660266,1.7085761289132975,1.2730201858194576,1.3378174856071559
2023-05-09,3.1229001647371084,1.0168966846489007,0.8888466388451203,0.92711403053268,1.1167402047739567,1.1406166750842752,0.9060908878460198,1.006172979790896,1.315211960619665,1.8020841062183093,1.694039138747587,1.2723733451517332,1.3319507984391519
2023-05-10,3.134769808139208,1.0181462894462638,0.8964602237450225,0.9351394432829242,1.122704393921906,1.1411888132983865,0.9088261470928459,1.0067888710567652,1.3175820701777705,1.7984840795154284,1.7186858565820597,1.275627188840698,1.3381742665893899
2023-05-11,3.092793369998339,1.003381434252172,0.8964579662071808,0.9353990952299457,1.1258818734751286,1.12301552419011,0.8986573181286126,1.000031549889773,1.319445978564001,1.7844043557758043,1.7247042846216105,1.2761062545450437,1.3358405562073312
2023-05-12,3.069084264125231,1.0403498867057854,0.9468002605187043,0.9905987267301897,1.1844824296579899,1.109284849064988,0.9392374530926019,1.0234151703426537,1.3262178421199091,1.7829510610217758,1.705509451438322,1.2711738509805905,1.3340900415440655
2023-05-15,3.0996611964601306,1.035864133837133,0.9438126140343293,0.9868965836332658,1.167726023255402,1.1092267027789773,0.9263575485363275,1.0126070023128686,1.31969039956925,1.7760379590625472,1.7136042598260783,1.2663687896402585,1.3386928459951093
2023-05-16,3.0829127244371204,1.0123735630058344,0.9177740939842804,0.9594393006132464,1.1465029229746404,1.0917326037341775,0.9025165760174066,0.9908288490841088,1.3166243229090937,1.7407865209216782,1.7272022099985025,1.2509510154398191,1.3297469390211643
2023-05-17,3.133505007876756,1.0411913097404535,0.9302510699974641,0.9719475716398577,1.1415751542673649,1.1205628329211892,0.9145756298198969,1.0006623962948022,1.3097452263057001,1.7369922469730088,1.7631612006677528,1.249287594571899,1.3458884444184298
2023-05-18,3.1983121482270978,1.0477453334831293,0.9311737727867708,0.9725831024931292,1.1479013101206363,1.1386142786914528,0.9244056476726802,1.0163102295467554,1.3046392078578242,1.728546517145128,1.8063171729577918,1.2776185775430904,1.3588537540119838
2023-05-19,3.1811416827577372,1.0449485164665278,0.9283566890465365,0.9693939339445452,1.1515435739145816,1.1407193850452126,0.9247463436260495,1.0193054237911403,1.3066328132807978,1.7287701215381333,1.7998409656061074,1.2766129340799557,1.3568764123868764
2023-05-22,3.1965931605714575,1.0372141140007074,0.9344490100609407,0.9755476136015275,1.1432138253794253,1.1261904425555886,0.9091292213573727,1.0013380684444606,1.279089997881628,1.7471971440906233,1.8100022952569863,1.2490884971292722,1.3574277637025758
2023-05-23,3.1016136760133524,1.0044669269584712,0.9314743571983919,0.9723374108122209,1.137794323884064,1.0904704955035867,0.8831870445385251,0.9839732903072536,1.2683997680842647,1.7809079223270126,1.786449794341459,1.2358469772012937,1.3421932569837158
2023-05-24,3.095994507922532,0.9917318843864498,0.927453059743558,0.9680447304533342,1.1246399743662419,1.0752530600482644,0.8726441246166502,0.9655957466671168,1.2611172069728145,1.7443620788211531,1.7846042094720742,1.2181962676676024,1.3324692747885503
2023-05-25,3.2828503919023295,0.9993646839164789,0.9265207256065952,0.967345115737758,1.1274400247202456,1.0825479380542458,0.8792674282207762,0.9758318436214626,1.2513330360591182,1.7072329790706344,1.8950491868509196,1.2206942367227782,1.3440083879600548
2023-05-26,3.351397266902329,1.0102125789665277,0.9316865718590365,0.9727405358122209,1.1263550431833804,1.0885790835315408,0.8820254573955809,0.9754822655269801,1.2507160339534054,1.7066148686999985,1.9514439912332437,1.211429754606079,1.3614144974685256
2023-05-30,3.3602403684037943,1.0046007976554925,0.9230860492455111,0.9637546562956193,1.118648256836945,1.0824486361438455,0.8744252346172606,0.9679679649898708,1.238155665987707,1.712808266221971,1.986292184592619,1.200606977048706,1.3619328707616036
2023-05-31,3.3015073743242045,0.9999045124076897,0.9114451541649446,0.9516381272123673,1.1163377923594058,1.0724495375568093,0.8650390052929198,0.9514482277462184,1.240302447527624,1.7261317807788559,1.953988127280607,1.1778442878397217,1.3543805944123697
2023-06-01,3.364407894450182,1.0164478061920916,0.9304690639196881,0.9677782542661116,1.1409713524899063,1.094757138324617,0.8793365844356741,0.9661700186631309,1.2462664725806214,1.7222895297638248,2.0012697888499216,1.2047613884511779,1.3672488249518324
2023-06-02,3.3593489169416366,1.0191763214356218,0.9258560035406597,0.9779321677640365,1.146293126018959,1.1027948458441486,0.8817446593868459,0.9612352911851035,1.2603641051794985,1.7740986632934879,2.0094746811991646,1.2189125496450255,1.3870209014707384
2023-06-05,3.349955262690538,1.011731608606032,0.9225657622992046,0.9707763480618881,1.1416287911495744,1.0972548266180744,0.8753255263912404,0.9601936560532676,1.2578175162817935,1.7621114919296572,2.0130430070048284,1.2192550957265684,1.3843628728474637
2023-06-06,3.360937096720689,1.0192292122132096,0.9145306861578472,0.9686980304196761,1.1442421479305804,1.1077436533697833,0.8814421783077442,0.9518699469468223,1.2449659553076724,1.7778780099502869,2.0324668252116154,1.230649663597662,1.387377167171369
2023-06-07,3.2764793986616065,0.9988380611664567,0.9008987582861431,0.9588427783444807,1.128899294384438,1.0933961809881916,0.8637307159054004,0.9270255881211387,1.238632382919977,1.794032436334259,1.9906977681284856,1.2042103760305234,1.3825798954431805
2023-06-08,3.3246824572858746,1.0133327404267107,0.9098434116064555,0.9605071570828841,1.1366396645626609,1.1019426905401934,0.8758888076412403,0.9405053580185997,1.2509500522162418,1.7835146163574525,2.0407137562876656,1.2243989265981503,1.3909426066983324
2023-06-09,3.35804529870128,1.0221183532959734,0.9176139335333354,0.9696169593289778,1.1480607544979635,1.1059405649908771,0.8831914916622364,0.9502773352524865,1.254822998383234,1.7819306922546692,2.0778772935038523,1.2479865570607969,1.3934385277291594
2023-06-12,3.4590361216840675,1.0498910438782487,0.9339319198309428,0.9846869956448957,1.165184533031899,1.1231884058722248,0.9071182998287404,0.9714303137681115,1.255927405502985,1.7903342475525208,2.122219097245307,1.2852629067006893,1.4060794160251768
2023-06-13,3.4567446166334084,1.0502865734345233,0.9469730655371195,0.9919907458737774,1.1766760933956686,1.1369371706732503,0.9075309844600881,0.9837011496445764,1.2607454848792057,1.8232404574981997,2.142251132691474,1.2898991806569882,1.4153497442966585
2023-06-14,3.5391004882154395,1.0714817222840105,0.9563141784368997,0.9931371207669659,1.1681209076962058,1.1416686785467853,0.9254075729000294,0.9908615942856899,1.269777186539362,1.8228086858383485,2.1729182015543893,1.30185319600733,1.4170351273652468
2023-06-15,3.5312661170301367,1.0710575123078143,0.9622656512915141,0.9965349166348858,1.176571634014565,1.1533024477728595,0.926101798974248,1.000472087754928,1.2822036643530825,1.8561888877502746,2.174487586701484,1.3318298843923397,1.4346031383535238
2023-06-16,3.4874910922346047,1.0615914856201922,0.9524065345465189,0.9850564654782696,1.165260640819985,1.155105718494295,0.9181601836788379,0.9903100363633265,1.2816586810614565,1.8508077052704162,2.1613117295390083,1.329338062340338,1.429716413738975
2023-06-20,3.513715891200059,1.0631940986878192,0.9581045097052104,0.9859464072659894,1.1623266503414695,1.1663655535467852,0.9198217162716114,0.9948423163315883,1.2739981009985903,1.8289524413696594,2.191987149918647,1.3284238808217832,1.422298832000885
2023-06-21,3.4499427180585798,1.0438462719208514,0.9398470981298931,0.9697006560758039,1.158590917309243,1.1665509058722245,0.9034900527584278,0.9821282874009243,1.2771370593573552,1.8461606616607968,2.124116042054267,1.3152643349233457,1.415011410395828
2023-06-22,3.437538437968248,1.041810431314162,0.9397036708532818,0.9692027148679181,1.1593735436520165,1.1693767252691971,0.9021692306148731,0.9830703040024867,1.2837904536749822,1.8463966399780578,2.1433623135691597,1.3190104530874083,1.42011919081826
2023-06-23,3.4101133132276473,1.0317823646790303,0.9237782661139019,0.9538752692655011,1.1529316025814598,1.1652377138861405,0.8941903976070606,0.9780107535264125,1.2746197646643622,1.8253975446335142,2.1104847710734322,1.3204003342214414,1.4093830924975834
2023-06-26,3.339272431879991,1.0133090904480733,0.9062206168829449,0.9459967666104718,1.1406570817074364,1.1474477701910721,0.8776931869137014,0.9550104910752406,1.2720595229651435,1.8493567596069638,2.0443384408122016,1.2991214874807189,1.403624717522626
2023-06-27,3.4315964392957623,1.0384126632935322,0.923775530213023,0.9597871016934796,1.1576798165402,1.1737623125799883,0.8996347991573537,0.9709406515977015,1.2747887191321354,1.8520245557419124,2.098002099717231,1.3283809547963927,1.4190129842719574
2023-06-28,3.423762759715074,1.037037768197707,0.929199461716319,0.9663806601956768,1.1716964776119771,1.1692569826849688,0.8983561065304005,0.97929256504985,1.261394304230402,1.8399375688186945,2.10561587115583,1.3282150208059142,1.4197287104191596
2023-06-29,3.4305487754163684,1.0397655266052996,0.9297797462164411,0.9670615748837872,1.1733180092892233,1.1695509829291093,0.9002465682613576,0.9781664893052211,1.2595255248572332,1.852171795045501,2.1084340859538035,1.3221305115285706,1.4253242564074244
2023-06-30,3.497857117014879,1.0614435718781265,0.9501936839758406,0.9833740611508771,1.196176550396401,1.1911523417242753,0.9189436629879201,1.0017439612290493,1.2716311336066228,1.8647832496277155,2.1569379895335157,1.3400787354055237,1.4421443876764435
2023-07-03,3.510766102534288,1.0636644199616225,0.9489804736792098,0.9839400985196516,1.188977288158852,1.1839444399603591,0.9206375213253224,0.9969365744492641,1.2738734530951483,1.8853548686615287,2.1942166546946487,1.331545943504889,1.4438034913832556
2023-07-05,3.5061467288312853,1.062870962167433,0.9450797916113386,0.9680368056729719,1.1864474083981098,1.18945702235782,0.9209375671016895,1.0012729605576625,1.276142700150202,1.875593535958892,2.1901147450571976,1.3400427406850648,1.4416563129416484
2023-07-06,3.4735951075849476,1.0531981769806655,0.9305114764868269,0.9518566146329329,1.1656391388973775,1.1743441698797927,0.9125349746334278,0.9894484000107875,1.2697483260657292,1.8527373567215264,2.179182725251289,1.3250801857534242,1.4303672144041413
2023-07-07,3.468916532069201,1.0552986709839614,0.9390704536139021,0.9627277202084945,1.1766749009213033,1.176507277942537,0.914134596215459,0.9970436774155726,1.2486142791296941,1.8679594253174123,2.170852369797798,1.3243828720632387,1.4267559148144704
2023-07-10,3.5052879626569693,1.0693168125397474,0.9497136546789655,0.9822253497556136,1.1962145798763815,1.193635344196199,0.9263887252437792,1.004513623704635,1.2519865035559636,1.86829805866397,2.1484354397898637,1.3405430855336977,1.4303672144041413
2023-07-11,3.497416708308214,1.07206612551277,0.9504399367987164,0.9848319442227766,1.2002770981869284,1.2012836001166094,0.9292302932369432,1.009261458482467,1.2516338771368962,1.8907110099426563,2.1432508057719195,1.3549452629628969,1.439476465646382
2023-07-12,3.5829510054883893,1.095134928155592,0.9652222091375835,0.9958504207089827,1.2147249924740378,1.2295177050360429,0.9496778808223925,1.0279986563584438,1.2511042789008122,1.8868227958313282,2.183009366715523,1.369966444450934,1.4510584502472943
2023-07-13,3.627897073298448,1.1114796039826182,0.97831532246461,1.0022519801572247,1.221708612163979,1.2461729792364822,0.963715713463994,1.0424969534775843,1.2569119815375311,1.871885128747588,2.2286533352976763,1.385963947350104,1.4625754063098504
2023-07-14,3.608855144053453,1.1031856640106945,0.9676204013525495,0.9962902907803937,1.220427851971108,1.2455608713873612,0.9562552245723924,1.0357519812485805,1.2610823054816227,1.868037168466216,2.2338071049815142,1.3791152794423893,1.461664285378617
2023-07-17,3.6848788478193217,1.1209108356720714,0.9967259204565535,1.0165763953641338,1.2435185074886863,1.2509266817816485,0.9712649551021776,1.0575843497178186,1.2578343116309147,1.867067359506255,2.27759281131086,1.385514046532233,1.4667395000037107
2023-07-18,3.7064646971998148,1.1248054466492443,1.0064077811895857,1.02339721560034,1.2555809586605613,1.2595110781439531,0.9746408187496386,1.075160219468795,1.2543379577185614,1.8882325526825245,2.308411289322945,1.398436631828864,1.4776384273110799
2023-07-19,3.694330702525132,1.1198893696076182,1.000532652634288,1.0180659652188702,1.25178245325895,1.2581676020392167,0.9709967162716113,1.0768375906846153,1.2641491832282048,1.9059490043274219,2.292817260468575,1.4017002258840399,1.4809242750400071
2023-07-20,3.5738329688367783,1.0912781673676282,0.9695266040503036,0.9820035014584944,1.2183820656857078,1.2224820002325762,0.9457162978756152,1.0438781134507285,1.281653001358698,1.8845668452850635,2.185798972046944,1.3753099144521552,1.471098988481602
2023-07-21,3.544879690867418,1.0805797127014904,0.9527096206366072,0.9691205096677229,1.2096869507870263,1.2080327868231524,0.9358573104488573,1.0252778967759237,1.2840327300574286,1.8833920589081103,2.163683892167183,1.377367529350837,1.471098988481602
2023-07-24,3.5404777465162214,1.0808160675293714,0.9507800971685897,0.9677640082791732,1.2083545029720848,1.2082278872259844,0.9357618941890917,1.0209672110459433,1.285670727112482,1.8962136085144334,2.1870851105814895,1.377073095757087,1.4776710961647392
2023-07-25,3.5961203143415386,1.1107447490937024,0.9630635898291122,0.9780710910275863,1.2475649804195945,1.2483375635870684,0.9612094512569628,1.0346960837266075,1.2807646117712956,1.89118932491458,2.2071495610362013,1.3769510078969796,1.4817049266692452
2023-07-26,3.563699122553819,1.0962098938233167,0.9536610465704451,0.9739114230588363,1.2343644951901023,1.2493829050787677,0.9494795150387011,1.0257138800522911,1.281508878662775,1.9083112048736866,2.1797765626078567,1.3661028450551826,1.4819328872506148
2023-07-27,3.5441043353376323,1.1109557308441906,0.9517070125280868,0.9688315211728499,1.2251989159664696,1.2470932741888752,0.9632828353512011,1.026424475755416,1.2707732512976628,1.8890176192871386,2.159393512452217,1.4038358009877998,1.4721078068048508
2023-07-28,3.6181278853712016,1.1276336647278575,0.9720366508184921,0.9894944014981671,1.2452765511593407,1.2709544512518636,0.9787216247188769,1.0522507468125448,1.2754269374396305,1.8924230273834521,2.210359888566108,1.421503579765876,1.486519821028272
2023-07-31,3.6240023017225194,1.1246040485626965,0.9832551700293075,1.003152421899168,1.2540257287106102,1.2651654825934162,0.9753700194942676,1.0589600439927207,1.2644840079810125,1.897105332147246,2.2153491971140817,1.4293930382314521,1.4893503659323841
2023-08-01,3.6639831759748387,1.1349911014801768,0.9734974780737411,0.9918652324155255,1.245160098370034,1.2678937098273029,0.9844935012447558,1.0551603690049276,1.2590572848822577,1.8815033561340624,2.2095768704539256,1.4308230812612375,1.4850884717901878
2023-08-02,3.528903262263291,1.0937971786743907,0.9439010268866073,0.9678492572263167,1.2229594445309226,1.2414589518316974,0.9492466765987596,1.029452063646041,1.2630700526740057,1.882962745629912,2.1284885987406685,1.3967537117544016,1.464429801744373
2023-08-03,3.541449768763535,1.0997426506287364,0.9531700751959334,0.9762109076932355,1.2292119103512353,1.2352998789557208,0.9539909652340136,1.0444107443711386,1.259535348084162,1.8784786033264453,2.149933753312202,1.3825507835927804,1.4602330391968539
2023-08-04,3.5402386031446387,1.1040431411988048,0.9535190154730331,0.9751001021817609,1.2349119423946924,1.2486104571112384,0.9572505935299119,1.0370145712754355,1.2444622550513251,1.87889229656375,2.130917125046821,1.3786778969350655,1.4536285718290194
2023-08-07,3.585568003779404,1.1209482017761974,0.9654780852972519,0.9852384322598859,1.255573809917886,1.2674586970099202,0.9720769378292284,1.0571812735459434,1.257817374756525,1.8887233310333547,2.132859322465034,1.4025526787343816,1.4663166599199136
2023-08-08,3.5217654197034767,1.1022611168152598,0.9561027671514999,0.9772550239041731,1.2518163094601222,1.271351182056307,0.9560476012813769,1.0486824805161583,1.2477690860297186,1.8811882575622854,2.107106282914253,1.3814083778920965,1.459940050077128
2023-08-09,3.421025563364976,1.070298301339796,0.9724538623510848,1.0020108169034407,1.2471944718441554,1.2473588351019613,0.9284932952511035,1.034251497544967,1.2481403129126531,1.8975398910156545,2.0533164006358104,1.3513529381337959,1.450180204282362
2023-08-10,3.4100613093671734,1.070277909112623,0.9779734412848006,1.0105375110104964,1.2463915894589015,1.2428386034735432,0.9285558669674121,1.0370174216172328,1.2448258426215155,1.887851059304839,2.057461144364448,1.3565230293813546,1.4507006387018542
2023-08-11,3.3477923686323106,1.0536116882569102,0.973670724457408,1.009892646737425,1.2433493668636866,1.2289879709967366,0.9142477508175098,1.0246758704087366,1.2485790290381416,1.8928250007263479,2.0254235551005317,1.346964466911872,1.4498546493652977
2023-08-14,3.455281496363634,1.087641484857252,0.9951848655401716,1.015758189339964,1.2645590050777977,1.25867400157535,0.943113583337041,1.0509280737778772,1.2456977775122626,1.8847583362213431,2.071167974198432,1.371151973778327,1.4578580032301984
2023-08-15,3.4341689818677845,1.0782385948426034,0.9792170509039411,0.9933470450833723,1.2461635842403955,1.2547835848578206,0.9347130920040331,1.0389082739731896,1.2357400764014228,1.850798901330596,2.0504890618449165,1.3648477814260322,1.4408755582560904
2023-08-16,3.3818055545148793,1.0604874183899669,0.9591627578436384,0.9708212775662824,1.2203889367184229,1.2371422137030355,0.9190734572994432,1.014785661973678,1.2319062266852363,1.8654042739502252,2.014545894730659,1.3426366440358957,1.4303022889221064
2023-08-17,3.3300983756360956,1.0418653415924815,0.9384333003698835,0.9491378817990707,1.184482003124673,1.2082077242621174,0.9024519301998338,0.9950644934556115,1.2186870994116767,1.8574576060882868,1.9815326016550974,1.323652451378425,1.4194032585584166
2023-08-18,3.3296905940351436,1.0434481647736338,0.9428106700598249,0.953095460839598,1.1882058304867336,1.2069085444220295,0.9035597777950487,0.9947167212388147,1.2245440131690009,1.8711552302948296,1.9775377225047068,1.3235469002309639,1.4200865219646013
2023-08-21,3.462978578501696,1.082500219369581,0.9590587039648542,0.9502029132321761,1.1858805665096828,1.2323738497503987,0.9368974319088182,1.0140684683701624,1.2162888141180974,1.8528127009979545,2.0652421757822945,1.3419122139516668,1.429326139452517
2023-08-22,3.414534206324572,1.0666002533203867,0.9520103965460309,0.9507110671475814,1.185127256878335,1.225454529834627,0.9234062392818652,1.0069867712876428,1.2101013415839177,1.8198670337311087,2.050961636460395,1.3369541718068914,1.4254545195967794
2023-08-23,3.5019461642560903,1.0941898266083503,0.9742862376867779,0.968596804375975,1.2092907609066552,1.245636665607332,0.9471928344356737,1.032874626817428,1.2188795768286684,1.8181810458771048,2.0994125157481145,1.3636767555776432,1.4413308610809057
2023-08-24,3.4150766791639273,1.0657557113892342,0.9521844428717144,0.9429823115781235,1.177509960277993,1.2297211291083088,0.9226231002437791,1.0088437277695765,1.2140331920172671,1.806759571038848,2.042520338547797,1.3216525536123114,1.4213553513849548
2023-08-25,3.3941344104108757,1.0608355198151376,0.9570958614050397,0.9512064929440903,1.1852546418270653,1.221285107684969,0.9184058044063769,1.0121013663193812,1.2250181373145084,1.7957494208923637,2.057715455353827,1.3414458450856999,1.4313757235584292
2023-08-28,3.436931133204455,1.0754620422608163,0.9663467780767925,0.9608684707120347,1.196107700451333,1.241745440936922,0.9312074035274706,1.0242944296738734,1.228161590531061,1.7974113391510307,2.072040681565375,1.3486899712148503,1.4404525120596523
2023-08-29,3.5335710498151727,1.1067979965454842,0.9950676932989604,0.9835903167203355,1.2252144532284324,1.274557680011629,0.9582557525264941,1.0546256705186,1.2306935122992495,1.818475595056182,2.153790332139106,1.3769569740835026,1.4612741141484804
2023-08-30,3.5518452830610223,1.1069751854187753,1.0107065490423686,0.9985299449399399,1.2362087662777488,1.2748747607001056,0.9580308578121386,1.0625935522935024,1.2329640159155824,1.8274204200378716,2.1684910287028263,1.377146022087653,1.4672928093895043
2023-08-31,3.548922235991376,1.1224477377760835,1.0157093468393987,1.0019133675081653,1.2390167468033533,1.2854865667136732,0.9661429088065799,1.0671161934960716,1.2265494077421333,1.8092899304215684,2.163631188379924,1.392691103665977,1.4651455278915766
2023-09-01,3.585600062395948,1.1095802851546237,1.0122663983072941,1.000624355743639,1.230895851799081,1.2839499589713637,0.963597367424744,1.0644198613274924,1.2251996122099067,1.7957352158372177,2.149759189402263,1.396490281980186,1.4678783754036733
2023-09-05,3.5026734902638372,1.1137525549757907,1.0064479729380313,0.9983182129366321,1.2153762850723964,1.2883423299583021,0.9647055797050175,1.0566402138818138,1.2148141519285347,1.7699871779267564,2.176147113978069,1.3898560179878765,1.4615342283019055
2023-09-06,3.5039127324360786,1.1058530238020847,1.0050325493540468,0.9932564411623402,1.214093694969247,1.2770183252128187,0.9549157969901737,1.0551065274346703,1.2153854909635688,1.7647833472077623,2.126782848917644,1.3946748992134623,1.4517090447998209
2023-09-07,3.5103585696476878,1.1027175112593601,1.0005345520701112,0.9894053349001332,1.208128290458749,1.2797024637015881,0.9586709514091191,1.0583741650689475,1.221303799603095,1.7398504025285022,2.1011566709391283,1.394165985028892,1.4472520650425555
2023-09-08,3.510279731680769,1.1043709631789158,0.9963732937540712,0.9856653587801381,1.2031540331803066,1.2839020200522961,0.9641035136649785,1.0603218690026632,1.2222867208219672,1.741678696901061,2.0910406450144454,1.388786702268272,1.4494319123378219
2023-09-11,3.517964758707899,1.115880255399985,1.000120057746381,0.9949378506166858,1.211907119651864,1.2970621148856702,0.9688420207450567,1.0728230267632834,1.2286908921934272,1.7475431525056142,2.1353984060160327,1.3906566008736185,1.45896400366386
2023-09-12,3.4762503437298715,1.0988440066206882,0.9853038571085635,0.9791458294374866,1.2019585814438563,1.2785251085074965,0.9578828257987676,1.0624853642571799,1.2303885205961371,1.728928866845824,2.117824880015056,1.3863770892311624,1.4509608559116007
2023-09-13,3.3923447660702646,1.110705752073569,0.9716398228373233,0.9670408657534045,1.1944022284470301,1.2923724756034436,0.9674640635917362,1.058843456755959,1.2318731847501898,1.7076562645737903,2.1358495656840017,1.3867208079506448,1.452652628472072
2023-09-14,3.433891589190382,1.1175175791609713,0.9776253998484317,0.9753148029787464,1.2132096747360928,1.2965353791984142,0.9685711986015018,1.0713450703729024,1.2408145726896427,1.7268176287476795,2.1431192853800467,1.4021481684853128,1.4651779906325944
2023-09-15,3.413249861266035,1.080538489042563,0.955384131309003,0.9490509136660022,1.1875814368210538,1.258239906481129,0.9466908641288455,1.0394951939690937,1.2281385102964542,1.714954366380431,2.0968563321940117,1.390244953839927,1.4475250612360675
2023-09-18,3.398379529406446,1.0818996100295017,0.9544929703440371,0.9476464676363392,1.1897834940872891,1.261146626070362,0.9483346965263064,1.0370888413537374,1.2310611501432558,1.7059366530244129,2.0950029825083427,1.4008931449104838,1.4483739361496033
2023-09-19,3.386440386225599,1.0868539713728855,0.9612978775705996,0.9543388180239124,1.1961887686691983,1.2670828431876717,0.9503627391288455,1.0458525090325703,1.2314050203062195,1.7003387842957753,2.0918638952128106,1.4027737582375102,1.4453702566267295
2023-09-20,3.3647530658024727,1.0689645575392674,0.9437836365427676,0.9350022522432728,1.1771163256607755,1.2431497167380867,0.9295365092704471,1.028590905104958,1.2290993459440367,1.690706611139037,2.062654914271038,1.3962320262123638,1.432082380749411
2023-09-21,3.2592276564854568,1.038550446974082,0.9243083668436709,0.9163597824556753,1.150218555732797,1.2075215337546883,0.9013698710868533,1.0020297127831808,1.2120034414030212,1.6489992102448718,2.016098929773968,1.3683695853401714,1.4084125080693117
2023-09-22,3.236313663603682,1.0486632017958595,0.9182008606638614,0.9132222015840933,1.1410653696976407,1.2127117543967783,0.9031880259940798,0.9995157509911886,1.2119391801572936,1.6374329134766832,2.0020725244394955,1.36994369460836,1.405245690390783
2023-09-25,3.25978354914369,1.054132814298911,0.9226026734080021,0.9186868458254263,1.1448842452011807,1.2190648088248788,0.9083983165214234,1.0028952519524923,1.2094343774534362,1.6365404930894152,2.0180995832316095,1.369956977384239,1.4111550428755535
2023-09-26,3.1975047022122327,1.0439467886794043,0.9121668320383731,0.9109557861788199,1.131881557746957,1.2073771276267586,0.8973724971244509,0.9964872552026144,1.2009125425077574,1.6497156468217153,1.9920218873850517,1.3390607237984238,1.3904234089546892
2023-09-27,3.262922297312635,1.0440533270705175,0.919630653449506,0.914371150253527,1.1437546153031093,1.2108588788779793,0.9039114909599001,1.0007837906945576,1.1920825711942808,1.651608026010253,1.9907691995493584,1.3336920436073838,1.3909782641852924
2023-09-28,3.3217242638844424,1.0542025626051854,0.9305418652262395,0.9287269737703726,1.161576281257699,1.2203628179343757,0.9097018596122439,1.0148625756371845,1.1944114824033871,1.6678897999589224,2.025361990534466,1.3471444350410995,1.3990425243357214
2023-09-29,3.2829793422001776,1.0519455172408056,0.9230907700266545,0.9227399662477895,1.1482539786301356,1.2162166589530525,0.9062469554374392,1.0040606045831073,1.1807456216550962,1.6667969799821158,2.0338533422342953,1.3342255278755721,1.3956470246815784
2023-10-02,3.229082449938673,1.0689569502699805,0.9257098908152287,0.9309452599031851,1.146157586952279,1.2400975103171883,0.9243942485282596,1.0101193764794696,1.1706739106870787,1.6456635735337515,2.0533489839426693,1.3335763213326033,1.395091963338334
2023-10-03,3.1208325336712783,1.0429533495772316,0.8964483177866642,0.9043764255983756,1.110262158866952,1.212182810381275,0.9049634379813846,0.9776814526666034,1.1603192468382018,1.6339120360200183,2.018108183085125,1.318808263700157,1.3764172305221511
2023-10-04,3.1581879657048173,1.0581802229750588,0.9132474320139592,0.918817977951281,1.1326756525955897,1.2325996190818367,0.920954023308533,0.9960022606957782,1.1684304525114195,1.6420913960282582,2.067232026850384,1.3379032012154157,1.3864401791036427
2023-10-05,3.1462155828732437,1.0636119028914406,0.9117602410044376,0.9165878780825065,1.1329478056870204,1.2386919992240484,0.9262506114432988,0.9988297970879902,1.1542889558530944,1.6316971415345445,2.073381908976238,1.3336991309334332,1.3859177866140577
2023-10-06,3.17388337538423,1.0954739233839943,0.9280074612345401,0.9373811317903922,1.1539132723770837,1.2742505201133307,0.9502118358085332,1.025174604903542,1.1526820184446471,1.6462937126939075,2.1084752191416434,1.3512409903694682,1.402372480169905
2023-10-09,3.1881725042599625,1.1017864436018896,0.9278910832132999,0.9365536663515495,1.1474969969712,1.2799717485221442,0.9538431071708379,1.0245835942376484,1.1512082067228455,1.6524244683091418,2.1074753164164237,1.3681434546639015,1.4113509529411883
2023-10-10,3.2333226273793167,1.1118523794997166,0.9285235317911809,0.9394295647127555,1.158622497840951,1.2902870580466803,0.9590149394462284,1.0367420189965597,1.1616135480619567,1.6647293400590197,2.1252688020579034,1.3741384669472265,1.4186967044237566
2023-10-11,3.2600005732792803,1.1421046954024265,0.9363302284922307,0.9481158062441275,1.1761322707138757,1.3259547082694587,0.9853120128104863,1.059176939116799,1.1609960332609313,1.650599274141051,2.1274496671549494,1.3858556082893896,1.4245080503475493
2023-10-12,3.2129340732830953,1.1532886629927586,0.9221465439524358,0.9343183590395376,1.1572059706650475,1.3286644113334234,0.9866819835136112,1.047590221892678,1.1499684114195006,1.6120924988572372,2.126088942515057,1.3690266295601417,1.4158237003155194
2023-10-13,3.1170889421719505,1.1288190638411473,0.9105210842814153,0.9161658314211295,1.1411579527817468,1.3044762780936772,0.9723785899589238,1.0317616803277365,1.1530406209684507,1.6304686426942123,2.082024201761883,1.360002110211997,1.4087715562906011
2023-10-16,3.1672136665600727,1.145202508817954,0.9150835423197453,0.9267304462892935,1.1437906065903405,1.3208741105826907,0.9834887004325567,1.0427263692010276,1.1615025167204036,1.6552083372895494,2.0994312894694023,1.3755570197273777,1.423594146895657
2023-10-17,3.2109560912388755,1.1338401129591895,0.9110308415140813,0.9185657814485952,1.142055184455941,1.313635207918506,0.9759672526786504,1.0351369385827414,1.1629061223722592,1.6732704159562364,2.0694498002878836,1.3781002940346287,1.423528603075697
2023-10-18,3.0631108562725977,1.1197703646529151,0.8864526940073674,0.8909730144960807,1.1111745467148522,1.2945064981254153,0.9631108165214238,1.0103109768975607,1.162417962811102,1.656863288957335,2.009489182840984,1.3572583407570409,1.4045599536329019
2023-10-19,2.9776498911160427,1.1040864123213723,0.9072326042856877,0.9077173450930045,1.1027307280503014,1.2810597566398196,0.9549337596366583,0.9939848622430196,1.1645975263334407,1.645370614701964,1.969278230082195,1.341633297269492,1.3922189592300969
2023-10-20,2.9327365854519805,1.0858082571852639,0.896820103904218,0.8963933227999137,1.0884106684647301,1.259717860201221,0.9391398051688848,0.9800152588952413,1.1561078313566342,1.6374902518098131,1.9428147065989185,1.3244970370461033,1.3751113008263485
2023-10-23,2.9360201416272123,1.0959190016615823,0.9142741139139835,0.9139801132662223,1.1075905085526208,1.2699278257163575,0.9450383433768926,0.9917437607873312,1.1537897741056578,1.6333221815888659,1.945341529261272,1.323954413144736,1.372727814241396
2023-10-24,2.93715989411058,1.1082835577834085,0.9126997463907902,0.9239299538118766,1.1207844874344566,1.2835484784873537,0.9600086528251349,1.0052998063195577,1.1702496007658139,1.624103842813231,1.9662412004343677,1.3384403121162938,1.3830774513594795
2023-10-25,2.861859470965286,1.0721527968275981,0.8940717587198918,0.9039963890535758,1.0951487963639,1.2274959409507327,0.9076351161430061,0.9848831315148703,1.1708021352506772,1.6262496443574204,1.9155050264231372,1.2935917967964696,1.3632272581494893
2023-10-26,2.881088892199417,1.0412643755782085,0.8900536156382267,0.8912608784181999,1.0889733717880943,1.1930343408378177,0.8834678203056037,0.9702628216851583,1.1633138498045101,1.6237350905244126,1.865326664530437,1.2854656127144384,1.3469031369519584
2023-10-27,2.849484993960281,1.0459542513716655,0.8905750893320743,0.8940153713686394,1.0864324301682213,1.193554079607349,0.8790181285331427,0.9722002438653341,1.1542131662107602,1.6050977488343492,1.8746936208597829,1.2736939795662452,1.3407980805141948
2023-10-30,2.9174358970898586,1.064005024992271,0.9070374405588809,0.9131429470522331,1.1077678709946375,1.2179126474174073,0.8958926677177129,0.9888039471734396,1.1727051801420345,1.6198946631257312,1.8710389791361501,1.2833643141914894,1.3568282850851137
2023-10-31,2.9155778713482814,1.0586459662306742,0.9061579457010929,0.9124914513094353,1.1032940821610193,1.2108497930320314,0.8901331874320684,0.983243821059548,1.1808802701688899,1.6349973639313953,1.887754346644085,1.2952460631538918,1.365349496961489
2023-11-01,2.9606721355694727,1.0819650378096537,0.9320767700876896,0.9400271107180047,1.126576013084481,1.2376351968558839,0.9066807216117558,1.0081444607842796,1.1849190740324151,1.6347507977311388,1.95668366449992,1.3067164015938333,1.3799104275683094
2023-11-02,3.0481415674466086,1.1067637434828714,0.9591027821268742,0.9593888832552361,1.1577783877335288,1.2644467817100098,0.9286395991752324,1.0374814805138939,1.2006548745847831,1.6695892481629628,2.0002477861277272,1.331367205732017,1.4063557100209507
2023-11-03,3.150619724394698,1.116296720014854,0.991717076560468,0.987322259567492,1.1955947276077965,1.2745828450950196,0.9359305171439825,1.059239263259255,1.2013051034666191,1.6936141302888172,2.0347060144297293,1.3493912562538672,1.4191865311160023
2023-11-06,3.101645120074172,1.1316105360854105,0.9874807644571966,0.9848715950472283,1.1954285754166345,1.2955839734824706,0.9532845927665411,1.0645048905480734,1.2006821897245537,1.6791616799180287,2.044784272944134,1.344677922361045,1.4224511492428673
2023-11-07,3.1057723948735187,1.14880118931417,0.9962271359171574,0.9930597671968865,1.206092598243783,1.3129125058921385,0.9642016032645879,1.0755541642297142,1.2022389730192315,1.6772402754609366,2.0622145677439385,1.338466334836631,1.426499716801232
2023-11-08,3.10055755331697,1.1631480254042579,1.0045843464579287,1.0011497711641717,1.2200499712906578,1.3278319898398925,0.976640891594666,1.0906596894372338,1.2015035447813165,1.670602709275939,2.0690031267038997,1.347559314649253,1.427544295667761
2023-11-09,3.0362222519177386,1.151567430769248,1.001890435477704,0.9951385002596307,1.2145599062882164,1.3101294629844238,0.9605592906425175,1.072721632491433,1.2014398153043877,1.657610881883361,2.042306063257855,1.3348313155342628,1.4164114305124222
2023-11-10,3.1122428268689104,1.185793365370078,1.0288382717814148,1.0201388229830193,1.2446684008560875,1.34080149667583,0.980990436882752,1.095451956282937,1.2107468854642998,1.6626414671723624,2.0923471422068296,1.3507574027229836,1.4385142287800867
2023-11-13,3.0989357499379104,1.187973103224082,1.0372798142161073,1.025223884628527,1.256690547462533,1.3457536382468749,0.9846737315604863,1.1084241051782007,1.2143404905058037,1.6567873627488394,2.100222233759564,1.3459167544533304,1.4371430644332865
2023-11-14,3.276900594832319,1.209881095396323,1.071982820960492,1.060206325958483,1.3014839209519127,1.3664891176017333,0.9973154612968144,1.1454231694329613,1.2173029473997246,1.7177364476029655,2.151261961161298,1.3709535987068704,1.4650245397710846
2023-11-15,3.3045153732556285,1.1918012827742528,1.0701901890482606,1.0573148197634148,1.2894648863754967,1.3459611573966552,0.9854903941581425,1.1274465184319846,1.2185934907652032,1.7470937050645134,2.150462848459882,1.3728851538826516,1.4681259166859741
2023-11-16,3.284229330851454,1.1945737158644627,1.0808702168192565,1.065990226791613,1.305343044563363,1.357766097811084,0.996386725945252,1.1341295853722924,1.207961056683172,1.7168727494065545,2.1547270326487244,1.3741304152657083,1.469921776130344
2023-11-17,3.3016850769299455,1.2002418295729589,1.088604620429486,1.0722109825594353,1.317616241737435,1.3561280500205566,0.992313224358338,1.1434722291100852,1.2058306218839776,1.7236818568055412,2.1567174356333436,1.3721095976997904,1.4717502013720525
2023-11-20,3.287005208994765,1.2198325621474218,1.099597130271405,1.084543375442736,1.3262549273453452,1.375356192568164,1.0047409190604863,1.1536026482690207,1.2117924016691337,1.735966300470092,2.179842664515179,1.3849185622383644,1.483078976593026
2023-11-21,3.239905736567397,1.2092050387251805,1.0939970612253844,1.0765057064516472,1.318271317192147,1.3685548021110108,1.0023762523124395,1.1428008442986837,1.2167180253721368,1.7379042128388664,2.1770294103495296,1.3851318896462015,1.479846718150858
2023-11-22,3.2501925710934594,1.2095062788832616,1.0942696945872008,1.0778570023043084,1.3156219599686363,1.3739669645103028,1.0051235545585333,1.144832321273171,1.21971571900617,1.7410858607117914,2.1689323495737725,1.3939849539925149,1.485560160569994
2023-11-24,3.254099746920486,1.2066112425673436,1.0912524464335143,1.0718653465731072,1.311495654579232,1.3661932630332518,0.998650431389588,1.1409286179650655,1.22453280884992,1.7538072390382073,2.1635421037546805,1.3920302779366067,1.4864744762471689
2023-11-27,3.236303075148483,1.1951372126448583,1.099259032889813,1.0745293957216666,1.3212222540817955,1.3606799241813232,0.9960762217948613,1.1404079381097187,1.2227669431425225,1.7439393969361565,2.1663532865397146,1.387708085935264,1.4837972791482454
2023-11-28,3.218824426962753,1.1973527251112888,1.093286319419354,1.073482485244982,1.3116608172379236,1.365015343263965,0.9975251658866582,1.1392743294823995,1.221698686382879,1.750156278306701,2.1804928987375907,1.3838570212532573,1.485266553112344
2023-11-29,3.281528746439834,1.1897927084792086,1.0956709248270688,1.0706998840792106,1.3156854227982264,1.3544562146934083,0.9909743358085332,1.1375267365563742,1.2127950357175958,1.7794221340958856,2.1853732522837332,1.3765861655403666,1.484221665076853
2023-11-30,3.3216996163330688,1.1858645018371752,1.0800115794714165,1.055548053145492,1.3096019224820081,1.3610089334456597,0.9922057193622603,1.1277412690543704,1.2296857544543398,1.791632561463346,2.170024109278655,1.3898296418781044,1.4900657829106256
2023-12-01,3.338658300491394,1.1949652453216721,1.0865043880041312,1.061705809569442,1.317800488537306,1.3631206804244194,0.988422441469194,1.1403334657096438,1.232651440489496,1.8196875646295447,2.1685558014020683,1.4248878330821755,1.4988808083572924
2023-12-04,3.3190391037903444,1.1765803046020678,1.0733781123693655,1.048961494612777,1.301727122372145,1.3583839754073295,0.9748000392780318,1.1267951371573977,1.23015902410766,1.803320023697843,2.134444894801116,1.419888340723014,1.4910124582724977
2023-12-05,3.30143452005011,1.1612191778930834,1.0736154689367483,1.049050321364486,1.3019694204983658,1.3529573755232962,0.9744876293048873,1.1306396829032472,1.2172070129992616,1.7883227754297157,2.168979193507171,1.4055282568568948,1.4907186447022063
2023-12-06,3.2943857274017945,1.135628734854143,1.0672822429235647,1.0432999974966881,1.2965757578549333,1.316212276646343,0.9601160091266647,1.1222791039847901,1.2115435745837344,1.7899896415414709,2.146358713541961,1.4004040515537026,1.4847113887127792
2023-12-07,3.337611283966125,1.1427746550354174,1.0920189845617483,1.0677062547446128,1.3203753981289812,1.3126602853743705,0.9667602153644578,1.145354673137622,1.2092461853625431,1.7963282357873815,2.1760849559888604,1.4033176915759804,1.4960402669900734
2023-12-08,3.369891454788269,1.1551788386139086,1.109798609500713,1.086096427321517,1.3388970358548113,1.3215967554061085,0.9723729808673875,1.1621613358878662,1.206378056395258,1.8060640327157873,2.195289541254974,1.4166334135646583,1.5024721150207494
2023-12-11,3.438610430618347,1.1871611895355394,1.1257055926855275,1.1006554246664877,1.3327265486416766,1.3396490480391652,0.9901358814106005,1.1601530007743408,1.2159085480334415,1.8903392268838781,2.1662916942701105,1.4234375803584816,1.5083160267418807
2023-12-12,3.436891379257263,1.1860034914764572,1.1485901141699024,1.1238947660208578,1.353327372234816,1.3439350015608935,0.9893237399921435,1.1776955972098877,1.225279029906,1.87980132691287,2.183033638010955,1.4145537232990029,1.515204826498503
2023-12-13,3.4535755978546754,1.2040066363128827,1.1558247134741018,1.1322467294455405,1.3557253447232194,1.3508846208541063,0.999463737855913,1.1821899499320556,1.2357371719958437,1.9115168723764318,2.202605661402679,1.4542282133693458,1.5360997016313427
2023-12-14,3.421007155700745,1.2154689917358563,1.1609342769201465,1.1412994416952964,1.3614653471646256,1.3279011247603563,0.9830720615253467,1.1743952874564696,1.2088162613513125,1.8994092765512363,2.211138645564056,1.4620718832607034,1.541029606844261
2023-12-15,3.4237693375549934,1.2243205900940106,1.1638059108312793,1.1445121320486897,1.3628678766903826,1.3381051897017626,0.9880248370990771,1.1728260064506102,1.197795614683832,1.8717297919931308,2.2322276947126154,1.449569617425895,1.5384922571725161
2023-12-18,3.442633402725282,1.2322502054962323,1.1839444224889941,1.1642160985709065,1.382910595196242,1.354530224034038,0.9950775333271045,1.1946555383109616,1.2094257752062927,1.8849863624277012,2.2511693504438166,1.4484118461246256,1.547146617815225
2023-12-19,3.480876239868226,1.248473951605241,1.1892099467809865,1.1695256997824541,1.3951762343106218,1.371142044254985,1.0078464038715382,1.2022033044242428,1.2089272598864684,1.9066533872308629,2.2579805255994563,1.462406764375663,1.5565545262748297
2023-12-20,3.418762447067323,1.2246709444793866,1.1696272182043264,1.1505584607840411,1.3742116610226578,1.3504081499068405,0.9925890048847218,1.1899445893668699,1.191937165892328,1.8804695386590855,2.214157447062469,1.4484666222209694,1.5349849414104229
2023-12-21,3.477469918914857,1.2407527609619304,1.1828041331823538,1.1638811933279865,1.3937620371518082,1.3605957101790573,1.006462525545122,1.2021036805533931,1.1965154389025818,1.8963990249338045,2.2428953941449885,1.4663561056728125,1.5495394825253603
2023-12-22,3.5081746468506476,1.2363839529785319,1.179907142215557,1.1610180482626788,1.3911336134610124,1.3486161371199752,1.0112996791706104,1.2009737412833736,1.2022122360827576,1.9099997998895542,2.23551105843637,1.4683731690997839,1.552653432311374
2023-12-26,3.5490928063355107,1.2608779883178873,1.186689718967266,1.1680440995932453,1.3986053908047624,1.3576108522383834,1.0239039577350635,1.2047322686576412,1.2046439880969178,1.9095337085428135,2.2452677684888602,1.4725995092029334,1.5592096693211248
2023-12-27,3.560955960937561,1.2569892432006997,1.188793638950176,1.170593901991927,1.4050006033596942,1.3578665826766159,1.0247936611042041,1.2097360589408443,1.2075155609728943,1.903710277146329,2.2540651035413504,1.4814455098743202,1.5620289810862817
2023-12-28,3.5801439957581174,1.2495018164428873,1.1874213542516898,1.1692790773154134,1.4046772879300067,1.3588146562544967,1.0216732334003467,1.2091148827933835,1.208937243712152,1.9103047509851352,2.243541698847747,1.4799183336848976,1.5626190815785612
2023-12-29,3.567686718460144,1.2484141360077066,1.1832175403173637,1.1644750528097982,1.3992552084622334,1.3615968996016645,1.0179086986408252,1.2044139512443113,1.212348275816644,1.914277606743802,2.22963446770761,1.4724497201556923,1.5580952182691672
2024-01-02,3.5088505894623414,1.2282671747955485,1.1548123248632622,1.1367969064474936,1.370212043636794,1.3552566751448774,0.9916431072101611,1.1754336861991452,1.2259374374987728,1.963866896599759,2.1887661579236743,1.4805606094951393,1.5493754168628193
2024-01-03,3.4767704655609744,1.2207244410309,1.1390127566869928,1.1214436097861167,1.354568463772292,1.3605887567488812,0.9794011562213916,1.1638522660636472,1.2287438324572688,1.9472487260522737,2.158379603968596,1.4570524665469886,1.536722470977281
2024-01-04,3.4837902687988898,1.2108905707153483,1.1381258555944633,1.1211573407889244,1.3580124170956562,1.3451372354476119,0.973698334871294,1.164598977031665,1.2282014023425227,1.9433469506921663,2.141008288584685,1.4601004130954505,1.5317723667255072
2024-01-05,3.503061576934876,1.2067310530456707,1.1479954562719537,1.1316436620474692,1.374176381176467,1.3464817956893111,0.9699318920002002,1.1745166566276122,1.2266248230578547,1.9571886821451083,2.1502974533185717,1.4639725899333715,1.5338702842458238
2024-01-08,3.5621033554993287,1.2334667906555339,1.1841071223791313,1.1667595708609457,1.4145914309201193,1.3695865251509811,0.9914853687152881,1.2125512254142332,1.2332529236437921,1.963468873566617,2.2141416595563648,1.4753499685878513,1.555767794322671
2024-01-09,3.5733606530151976,1.228153262213151,1.1903902728613092,1.1723416791678305,1.4206097918209983,1.362605180546489,0.9936397998676318,1.2182298241996334,1.232061880552972,1.9424011867227449,2.219974150095916,1.4609707402820347,1.553407495409874
2024-01-10,3.553219917388977,1.2242534949096842,1.2098646022375297,1.192486166167342,1.4474055979428246,1.3559720537154343,0.9993284412250537,1.2482192819022702,1.2365749954821712,1.9237137866678133,2.2470197448835134,1.4570857673282382,1.5621927375798608
2024-01-11,3.5515050095520633,1.2268350317749186,1.2199858554418752,1.2020241143942707,1.4540986242947531,1.357374129673686,0.9987496585712451,1.2565404702567622,1.2331225494982845,1.9237354894342318,2.2449988269910572,1.4502477594012972,1.5615044244139622
2024-01-12,3.5518496678314824,1.2304380572113198,1.2214516986425588,1.2041489591360919,1.4540669916806175,1.3664857294051314,1.001129556642534,1.2606674127006097,1.242492573607171,1.923222622460355,2.2334439056501147,1.4509494648570773,1.5625862066122607
2024-01-16,3.554897534652772,1.224276906088273,1.225097565799541,1.2068879663229817,1.4515698057827904,1.364420612522807,0.9997263156757371,1.259789363994555,1.2353897354724055,1.9150322454156772,2.2426704288587334,1.4387908636684177,1.5568495765209691
2024-01-17,3.5448283219299936,1.2099246565612956,1.2200585918005178,1.2020200498343343,1.4462394892392114,1.3673307443587446,0.987196841798784,1.2587530709647698,1.2358977509143,1.9070752790155305,2.2247236801252126,1.4236048640842198,1.5481955250472224
2024-01-18,3.573978462692323,1.21772812373964,1.238748491245098,1.2220060304404134,1.4624926573452905,1.3629377893416548,0.9938576038227097,1.2737116189384026,1.2428507553698664,1.9206713130655182,2.25272863579843,1.4114177896137,1.5619634372663218
2024-01-19,3.627020161529603,1.2445365492614904,1.2807811839636039,1.263396972823226,1.4969993559536892,1.3859352479903364,1.0166069835529343,1.303237840404467,1.2480385422351008,1.9047813712777986,2.293035028468108,1.4375242943401096,1.5814351046104123
2024-01-22,3.623544707580628,1.2527377135070958,1.287211986118145,1.2705325578451985,1.5062693846402126,1.3933994020430707,1.0240134509906784,1.3122209367179438,1.249896485960687,1.8962763066949737,2.290059427271819,1.450272807752585,1.584778560822606
2024-01-23,3.6367437565766,1.2556140520843664,1.2751554050024223,1.2594907499075765,1.4875433069882351,1.3974545991866254,1.0232833988056198,1.299241512432055,1.2606481583239681,1.9139177844705477,2.302221530161834,1.4484926882381197,1.5894006368056188
2024-01-24,3.6438446694336557,1.2556178458007972,1.2921180484350396,1.2761884839774007,1.4999826174435573,1.3929389543501995,1.0266257083759325,1.3098728547477287,1.2590883759143001,1.9126712573709383,2.318764844523406,1.4355712604160067,1.5911380633161565
2024-01-25,3.6971557564697886,1.3140116408142246,1.3026497256811336,1.2850979833365317,1.5182146891293484,1.4240384309737346,1.0431879016742722,1.3273946526908438,1.2604789871813897,1.9119692645730868,2.282817502604461,1.4621787874812835,1.5997922178462238
2024-01-26,3.6124989361725475,1.2746753771576085,1.291416302829571,1.2746384870291587,1.5151447939572293,1.4278678201644084,1.0114894153461471,1.3045175202750723,1.2682565964343193,1.916064089936246,2.2773986747846364,1.4658136344547028,1.5977598441458671
2024-01-29,3.620881170364442,1.289439691427628,1.3138072558935359,1.2960638902426598,1.537647540157791,1.4297162836043498,1.026039465700151,1.3301172883414785,1.2642701965930108,1.917762433785428,2.315079071436858,1.476949175226187,1.610412996144047
2024-01-30,3.59544167832953,1.2977545237335364,1.3103427264745906,1.2926067189932702,1.5425841517147976,1.4455131326644084,1.0177738986835494,1.3235903085135976,1.2728610520007255,1.9082310235681428,2.302140952311492,1.4699520328159088,1.6091674574521697
2024-01-31,3.554902636810365,1.279667793157975,1.2859059238012507,1.2680546716452477,1.5173405470547634,1.4314064165084026,1.000683246217729,1.3042942078971427,1.2685651581408623,1.8833968682947053,2.250504893122649,1.430060833608603,1.5829101497284694
2024-02-01,3.610516656967225,1.309027022818009,1.3094121402319148,1.2910530771017905,1.5467337652859645,1.4603138620345255,1.0114233569965378,1.332379157390551,1.276699958861077,1.9115074937524692,2.292175850306487,1.4330251775378937,1.603627355764437
2024-02-02,3.6139871010742812,1.3142318983825843,1.3778332553442194,1.3666646608115072,1.6305522078213648,1.465419931217875,1.0137689334735887,1.4132002396964591,1.2744785217883232,1.9278269376459016,2.3629716159925223,1.4293298740024323,1.6205095269385124
2024-02-05,3.60206139077765,1.3112358015808265,1.3816579776342586,1.3692370820761555,1.631651278561111,1.4583985650984903,1.0118262027606981,1.4095828889274162,1.2713957047106865,1.9110847339334383,2.3734266864881275,1.4187147135371918,1.61460883118468
2024-02-06,3.6012745968781137,1.3078215563568274,1.3554834773596005,1.3448451265097492,1.6067884779629664,1.4469250421492714,1.0045611530170457,1.3883677850150626,1.2817162399890067,1.9442890191736117,2.3703968685254813,1.4152263450259919,1.6192966571002942
2024-02-07,3.5862406563721323,1.318058256414811,1.385216110568829,1.3753287980795734,1.6358031820950463,1.4622751344649452,1.010746173463823,1.4170048669242423,1.2874151657702566,1.942432863587369,2.406131350337005,1.4249590217227692,1.6328022909832336
2024-02-08,3.6226456582031865,1.3103675040039222,1.3879404445226866,1.3783109407187335,1.6356338568386986,1.4541100183455604,1.0187358631000536,1.4240845620536369,1.285485618651116,1.9503292064371005,2.400750983820892,1.439345392000174,1.6335234791154325
2024-02-09,3.5001164631806034,1.324251253012101,1.4043518603857237,1.3932358094931476,1.6523951956448508,1.4615446947066446,1.0298347019062057,1.4381841340446038,1.284421170103753,1.9584847909631624,2.453445485316253,1.441977792226767,1.6429644686539793
2024-02-12,3.491851822372498,1.3196168467315834,1.4013981837804992,1.3917063142538897,1.6573841749844505,1.4429767564742229,1.0248123569355025,1.433897932567553,1.280863958800042,1.9731944867792024,2.4286456546888116,1.4339953556651823,1.6422431774654596
2024-02-13,3.476525607772889,1.298960284689347,1.3796268245275696,1.3699415071249836,1.6382421057400656,1.4415723291365763,1.0017390949115768,1.4083494729423087,1.2809170151354912,1.9479131435098542,2.3939313137159113,1.4011656277293913,1.6196243762000928
2024-02-14,3.5129140332184456,1.3155832140716714,1.4035316318090636,1.3947999543906087,1.6758491034207295,1.4445511232344768,1.0143155841693894,1.4366558877372306,1.2875862686755304,1.9614555825891389,2.4275288906202084,1.4123350570316069,1.634342982977571
2024-02-15,3.536639144226136,1.3202732901367351,1.4007919360693175,1.3946996492148274,1.6781437384304951,1.4496494668929238,1.0204349506244674,1.4372992463492913,1.3023152145983818,1.9648016622247588,2.428520209132171,1.4357136723155728,1.6456193025313124
2024-02-16,3.502765758606019,1.2919550894531415,1.3648810901220518,1.3619187562704913,1.6444787924466084,1.4292876062361857,0.9790800296649947,1.4001305367850823,1.3045750626208428,1.9665963868799101,2.4197601528272394,1.4005363830203763,1.6374242639099257
2024-02-20,3.5028219910584117,1.2861966543945478,1.347190763431378,1.3446789071799152,1.6275825224575948,1.426628935429301,0.9771458118305221,1.3821178994559808,1.3092032929064874,1.9537519944848905,2.3699533924207454,1.4023242340678923,1.6284096183700796
2024-02-21,3.474121196838441,1.281507028082292,1.3364500499304015,1.3341640733481281,1.6155909598050069,1.425745761296,0.9676495014057174,1.368289933147387,1.3156509125353937,1.9726665937127956,2.3593007732496027,1.4071643947238675,1.6298846634881368
2024-02-22,3.5127160897217418,1.2917951216491865,1.41761574664671,1.416870863509261,1.6994948607144307,1.4417953813521522,0.9786224857196821,1.4416151887321036,1.3312891358019951,1.9825059356393704,2.4983199619397882,1.424572435628866,1.6636159247573454
2024-02-23,3.5001892975769664,1.301834866979997,1.42468308749754,1.4220318521262045,1.712721238583083,1.4533254121749062,0.9862866008625043,1.4487275407218498,1.3373426346423272,2.0013320445718654,2.4868955257520438,1.4294337459201563,1.6647633538319242
2024-02-26,3.5146588242493295,1.313722269323747,1.431386099582501,1.4279004976034992,1.719915640133376,1.4660542192427772,0.9898467929706585,1.4531555283927482,1.328367034971917,1.9797228254022488,2.494710846339202,1.4221924392337548,1.6586660266182127
2024-02-27,3.5338035492859503,1.3542897368225262,1.428284415775128,1.4260380876303547,1.7190151274380634,1.5164570993392126,0.9876726108417523,1.4515029984855217,1.326185296690667,1.978045565194119,2.491572201930022,1.432574301969503,1.6617475136632087
2024-02-28,3.545112415775058,1.3547521127998337,1.4152367413050218,1.4179724129598448,1.7125599095672857,1.5216827383080094,0.9815997719997471,1.4407520187461167,1.3291527335347666,1.9817858597112763,2.4796176220402386,1.4306181620061942,1.6595511773566318
2024-02-29,3.6352451962316006,1.3965286783515913,1.4316192951685471,1.4576392891805476,1.7283047971100105,1.563166508297023,1.011737471889884,1.4822164291465072,1.3266532134236826,2.018847506744968,2.537452825592485,1.445019700855071,1.6655171077614617
2024-03-01,3.703578467258212,1.433542464667509,1.4737321003443282,1.5207936623494929,1.7753228513092292,1.5908396680870618,1.0415705353969642,1.5290189033591537,1.3220135535420907,2.0325362318349947,2.596948691986528,1.4450329340398853,1.6811535341310184
2024-03-04,3.7270405499303307,1.4362620767890912,1.4892035755640547,1.5352807244222466,1.7967782178253426,1.5994934492149915,1.0544350632900308,1.5443678855979233,1.3234612048329844,2.039518369515048,2.5704926739201217,1.4306145609319751,1.6793504607442002
2024-03-05,3.7165727055394617,1.4292405954658491,1.4702498310572187,1.5162288857381647,1.7767233258575692,1.597663723568019,1.0376296830410074,1.529158402260521,1.3253543269338144,2.029229937393771,2.534304499481645,1.4107074289739674,1.6625668114127061
2024-03-06,3.7448972981297937,1.4471475092231734,1.4856746433741133,1.5428504006307429,1.801418005117823,1.6148932004967298,1.050959933590324,1.5515595909201887,1.32927740775962,2.051284127075778,2.5597373180851606,1.4245096949041431,1.6709916656292347
2024-03-07,3.7931259922826257,1.4746580988227826,1.5175268238550703,1.5859249657552545,1.8539185010284676,1.6350596952477063,1.0707325021022869,1.5853809722983625,1.323540755003883,2.1003765505148033,2.6081142910465864,1.4453399630010668,1.6875786835008497
2024-03-08,3.714576004489657,1.4397606348335248,1.4787700016504806,1.5298471749227351,1.814574807485987,1.5994696394005385,1.048337774013908,1.5470769561850812,1.3220986186208263,2.1190693029714684,2.5544253567204143,1.4326915911138598,1.6774494838527252
2024-03-11,3.6547293618047205,1.4062326593696577,1.4348245457178632,1.4817765969198056,1.7634647076935068,1.5820217191734878,1.018627471279533,1.4990089508139874,1.3284859343709483,2.1617826954198938,2.5075051189884805,1.41957349647885,1.676007210644648
2024-03-12,3.7554851330602137,1.449121848517607,1.4878204494959395,1.5306269295614072,1.8256514546722664,1.6200129598656263,1.0505861199611735,1.5518332000815656,1.332414012450172,2.1362984226537804,2.575754884003129,1.4303855799139087,1.6940366047806608
2024-03-13,3.7252960427129236,1.4343818109809858,1.484957347536711,1.506632726375372,1.8282574071258795,1.6068928907433118,1.0353504395717692,1.5371922584616926,1.3382782599629894,2.1315555570913416,2.5167705883488316,1.4313404756963795,1.6913810495090826
2024-03-14,3.6622798992955654,1.4077304010688765,1.4622718319422285,1.473820847408087,1.7949196339935551,1.5774138814964855,1.0177067544216227,1.5008845550620344,1.3300651873769298,2.0885612514806846,2.4603400509342808,1.41745711845761,1.6880374902405682
2024-03-15,3.6699588471257654,1.4024361139595014,1.449706072664885,1.4696008522908994,1.7915043805450688,1.5819341146507824,1.0157331345790934,1.4959019264304427,1.3279286616506114,2.070490757019625,2.464807159088578,1.420673742145354,1.6764464366834348
2024-03-18,3.6850909054601164,1.4123443247138958,1.4601307438379807,1.4789226982992,1.808538806662012,1.5860944593468274,1.0233737870449138,1.5021423408591537,1.333026679533912,2.0886423744512657,2.5090135693058633,1.4161386866033618,1.6864099217678874
2024-03-19,3.6694393341863125,1.407864635688017,1.4787921696192308,1.4736280083577937,1.8324066823333987,1.580476074031886,1.0216745835537029,1.5056262107932354,1.3376717757405772,2.0775800421072104,2.4888022884831096,1.4295763895452565,1.6957813482899675
2024-03-20,3.724079271777865,1.4281759836494425,1.503499947024016,1.4998623848836727,1.857765784964014,1.595172866634425,1.0344504891628339,1.5305842605674052,1.3477911711873543,2.1351666706396197,2.5175320156559615,1.4502093859136647,1.7114662111302492
2024-03-21,3.7500699513280358,1.4371615701972942,1.5203418812281175,1.5255995995443172,1.8778288861603032,1.6059883985558114,1.043721286892326,1.548870950325706,1.3534236163320075,2.1090944084478473,2.4962693233952193,1.4776591371954029,1.7171222511787598
2024-03-22,3.746950784000155,1.4452316538154584,1.531265240145354,1.5387994362752742,1.887548223623682,1.6202143041649422,1.0511775742763594,1.560547586830833,1.3497622153462898,2.073225914414034,2.5165731609806685,1.4706437120855396,1.7138668050644366
2024-03-25,3.6997725678288904,1.4325864816963179,1.526037382937102,1.5327770317952936,1.88005702947085,1.6174909162560065,1.0442898919338301,1.5519682327353739,1.3428394206227792,2.0877653715444664,2.512298431061235,1.458272221607024,1.7091315732413042
2024-03-26,3.6725855233037437,1.4138306375801069,1.5057729847437427,1.5116088997762507,1.8616626149505864,1.6041375364342292,1.0308905747646406,1.5290684059226296,1.3456638034047617,2.077385887177096,2.4969392590031294,1.4483172342718191,1.705974958138524
2024-03-27,3.709955660709139,1.414383661872099,1.5019908482080981,1.506060311214239,1.8711775281280767,1.6039497678795416,1.031221013760002,1.5275052230918191,1.3609855391683112,2.128231021530733,2.5003558575138713,1.4781156137884208,1.7203114320788782
2024-03-28,3.7326595715367756,1.4091892710029585,1.4923590298182055,1.5026942421834772,1.8531898259491217,1.6096764745750982,1.026671257900627,1.5184224823081276,1.366180550688697,2.1378237158132647,2.4801633068546916,1.4768677484930106,1.719982785472193
2024-04-01,3.730324815448519,1.4103476007759077,1.4814991344934985,1.51135397576502,1.8440189931244146,1.6062276021996098,1.027415574001701,1.517230273445823,1.3549151053609383,2.1340068729711628,2.4884692715153363,1.4631515543401785,1.7169905452009158
2024-04-02,3.6214206925237145,1.3935829019844037,1.4760292385584397,1.4932750725667778,1.8247366719574225,1.5830016134300786,1.018477668117912,1.5025463760459206,1.352697584837867,2.120745723373995,2.4508569271549847,1.4427714106023855,1.7060736860937462
2024-04-03,3.6129981537663904,1.3955934732734663,1.487465811587004,1.5102051979940239,1.865702494558741,1.580561204341944,1.0270516061061934,1.5130300033652564,1.3501674040975107,2.1941167225195026,2.46945385098311,1.4451785242498465,1.7079478683418414
2024-04-04,3.4725460392796963,1.3559528482734664,1.464797584963469,1.464927251521856,1.8529743214935555,1.5280897565880378,0.9962969987148359,1.4715042564475318,1.3356715842427744,2.14992036784421,2.4167503124699263,1.432149886554534,1.6871005021728407
2024-04-05,3.5247044251286948,1.38854722083206,1.5006477253443282,1.4994111885946098,1.912107956442286,1.5574034330406745,1.0225473649257735,1.5091311363303441,1.3442537711324227,2.165716462738619,2.4459143398747116,1.441247860950286,1.7047254002501395
2024-04-08,3.5088198441350427,1.3708610208808882,1.4772480854517502,1.4844409905355276,1.8935455594391122,1.541710786251124,1.0101054406398848,1.4858721084677955,1.3464619498433603,2.138873558457003,2.4479073132023483,1.4514479914129321,1.7056789803854977
2024-04-09,3.479174687656161,1.3636912851631149,1.459879437685637,1.475656527034551,1.8677295743316902,1.527207595638331,1.0041522698635177,1.477460154732444,1.350464453047706,2.17527990992795,2.449805462311235,1.469266449970061,1.7076520967014568
2024-04-10,3.433950816043612,1.3583371515571578,1.4485939236170335,1.457037046138555,1.86237026952212,1.5220881979027354,0.9992386277431564,1.4551127067649148,1.3401619204701913,2.108484407456026,2.435246970795122,1.4310924822271411,1.6905531980849673
2024-04-11,3.483748417743441,1.3816123331367476,1.4729300777918384,1.4934703682821096,1.887032570394923,1.5389103857079114,1.0188055505031661,1.486125993355491,1.3390567095937265,2.1454149006200884,2.4980388515934617,1.4335547960699144,1.7033115705865727
2024-04-12,3.3927175633275475,1.345886234503935,1.4519642948633715,1.4585175194661917,1.8576064030975594,1.507916436580714,0.9948795487636641,1.4581256446921609,1.312774383467628,2.1058759432149983,2.4464350658878953,1.4008612413824146,1.6798005076966591
2024-04-15,3.347662921222445,1.3205004694282516,1.4231166668421313,1.424325461665899,1.8272146451324716,1.4846048833885754,0.9744646943325118,1.423448757179954,1.311381512373878,2.0894865982366655,2.377980707977739,1.3858386072576587,1.6587557886735342
2024-04-16,3.3660111756169764,1.3332743601142867,1.425671274996428,1.4344155114095511,1.8357478497833506,1.4966755559959974,0.9799184388393477,1.4313993141257546,1.3082372912587656,2.052396794159517,2.3752393261418017,1.376996807330901,1.6557306734359565
2024-04-17,3.265690532001254,1.2944810755073533,1.3993899891382737,1.3896719078939264,1.809862637075831,1.4534175748863785,0.9475963982814865,1.388942333992698,1.3102495436849129,2.055955445320711,2.3136898663029344,1.3729435785711355,1.6459313570703655
2024-04-18,3.2650111889684172,1.2978022974311814,1.4057771900660079,1.397562879268438,1.813941632589747,1.4639354368248552,0.950795924496086,1.399283260353782,1.3141312819661628,2.058958387405977,2.3118314877018604,1.3619041521490163,1.6425446172034814
2024-04-19,3.155323720248935,1.2385524591743455,1.3399776798731369,1.3217140847127742,1.7297942883819835,1.4167996534386247,0.9055572015041427,1.327833023079612,1.331543996352149,2.124730245430574,2.2006522411808644,1.359210534900481,1.6282080402068064
2024-04-22,3.2039821423375576,1.257567586737822,1.3558247646814863,1.3432524712484186,1.7554806668609872,1.4430662984886735,0.916032187008293,1.3444379097068093,1.3446640246572026,2.096524655373201,2.217934339569536,1.364103139728362,1.6432024256984552
2024-04-23,3.2876378201329675,1.2965090921699507,1.3999089634424726,1.3869247414510553,1.8369441121429695,1.4777648054161638,0.9469467332119064,1.3910958671653055,1.3496890898885257,2.1256583818746657,2.2704317196354538,1.3512502596319265,1.6627016090801703
2024-04-24,3.263786080631015,1.2801389261543257,1.3767365116602461,1.3754775551717584,1.8066158475250496,1.4547400846520038,0.9330756386989669,1.3720271621787332,1.358310411757422,2.1384436609579174,2.2983256893620165,1.3403020845830984,1.6619125068326355
2024-04-25,3.319200459369418,1.2601329279243454,1.3568688267237226,1.3642450875203913,1.7840136075348152,1.4678011655846208,0.9323676018947678,1.357130163582542,1.3612421416463378,2.174585662109956,2.2936766293034228,1.3497132349432057,1.655599070514434
2024-04-26,3.3887651795232263,1.2825115274726853,1.383215112734465,1.4038328118245904,1.8193504041046393,1.4882680357018083,0.9491799599880295,1.3852764221274638,1.3556298110188965,2.156542436821565,2.3320062084660202,1.3535586618841235,1.6712840364110362
2024-04-29,3.4379713703954184,1.2756236017524705,1.3730525143152754,1.400565714351446,1.819242816671778,1.4866508321800798,0.9503926049465257,1.376858435066917,1.3600574282826905,2.18350545981656,2.405441578339067,1.3629855745733326,1.6772027670209897
2024-04-30,3.344803907474276,1.25806008399124,1.3728444851404706,1.3761104485433406,1.8122755872101082,1.4690656332054703,0.9280646439785081,1.3551050331198955,1.351891261214209,2.099866358597383,2.35354460110518,1.3497776544988698,1.6506338169835182
2024-05-01,3.236920384296176,1.2359967798530564,1.3708360180384198,1.33682338189295,1.7986376180023447,1.4404217168846696,0.9073507409328537,1.3364701965415264,1.3527979510488037,2.1323695455862137,2.290433741425004,1.335419024127776,1.6452739608006748
2024-05-02,3.2750903694951505,1.25428057807083,1.3838059643274823,1.3569079277913874,1.8213203862518565,1.455353842739162,0.9224755608791427,1.3616332229697492,1.346913143462134,2.2087571447683425,2.3263229107365277,1.3490208544195237,1.6606629489442515
2024-05-03,3.3358861763799155,1.281895974188994,1.40498114895883,1.3999296425741021,1.8512110936493174,1.4782676641502948,0.9411219399684982,1.3993593048178938,1.3440180854024417,2.1691139931036085,2.3995864437565473,1.3722605143011153,1.681247521495489
2024-05-06,3.4074676396214927,1.3169897684394822,1.4530293972498456,1.4429655999105278,1.9089771931976574,1.5130135000267595,0.9712347954982834,1.4442700363242416,1.3459661147298345,2.202086558182344,2.4534100323185593,1.3720416704595626,1.6986094198423831
2024-05-07,3.37297069862723,1.3075213114082322,1.391264739657072,1.377690258113653,1.8376254132599132,1.496657649807033,0.961914384579094,1.3644961860739975,1.351485147398902,2.2155117683721635,2.426575414703813,1.3684779917181076,1.700483705146799
2024-05-08,3.3655763775670495,1.2924478372871384,1.3781474987513105,1.3845314919393366,1.8407505719513195,1.4804208272972674,0.9533770844692306,1.3499899986350326,1.3555774657430184,2.1984179897619343,2.420944399689165,1.3682776056707444,1.700647976921981
2024-05-09,3.3891529427373377,1.2960242517768845,1.3862329418665449,1.3827183632772273,1.840993990835597,1.4846556615868183,0.9561652528041915,1.3602303474509505,1.3649766455831063,2.2335817949606036,2.407859353302446,1.3906549921453537,1.7104468810622895
2024-05-10,3.398319247134921,1.2951310922920212,1.3794337460047283,1.3888852974813286,1.8258917409271498,1.4856296484032245,0.9590602593654708,1.3561428558432846,1.3711110568227303,2.1573940721822833,2.402267916534868,1.3940424990118088,1.712650328254994
2024-05-13,3.4095861409032318,1.2844436823188767,1.3734666119104901,1.3853339226644341,1.8112976872772475,1.4736620718041036,0.9527580987209395,1.348860493477562,1.370666954344703,2.1569495960546585,2.4111774151310597,1.3916960596502366,1.7128802469064568
2024-05-14,3.4409661854588958,1.292517116767119,1.3823954952723065,1.4078823922078911,1.8266162320465344,1.478798048976955,0.9571321412319258,1.3592826622092515,1.3676617560567392,2.157590285713777,2.445724647186724,1.3940939638555587,1.7207387035844652
2024-05-15,3.525854863437411,1.3245590799629197,1.417379972506193,1.4512633263509576,1.8718373570770521,1.5037389928856464,0.9848375741237715,1.3946414413535386,1.3698192073049082,2.210362102539644,2.4919428051457087,1.4078054834783615,1.7420471437322398
2024-05-16,3.4986517655217617,1.3198830774604784,1.3940223209864175,1.435061740962774,1.8393958241791029,1.5093553892174336,0.9734755250209882,1.3795202262961654,1.3772673331441416,2.223922565491304,2.492682980011431,1.3963780367315355,1.73846284489859
2024-05-17,3.4974320221745936,1.316804357367705,1.3868778812891518,1.4293446633260551,1.8292210606903334,1.5072863462486836,0.9707155747646407,1.3759412910544662,1.383231360167457,2.204967551453218,2.4911751873478565,1.392939892810637,1.7409619606753584
2024-05-20,3.5394712384068936,1.3207402674018847,1.3987786587244544,1.446065888301641,1.8450184071869156,1.510952135280666,0.9792580407375412,1.3852630249106672,1.363362454146339,2.204113512451753,2.505010526703325,1.3958887323797287,1.742967642788656
2024-05-21,3.534472316058871,1.3170161966621385,1.402423581362394,1.4379378594320122,1.8551801030487318,1.5102605100670432,0.9736342789882736,1.3779645423972395,1.3727164286794198,2.1969342743230906,2.532790102814165,1.3962067873418869,1.7472424189709388
2024-05-22,3.493765668567416,1.3183053674995409,1.40486196560922,1.4351692986409965,1.851019473776271,1.5057389806786154,0.9749825722927169,1.3817660415732649,1.3754819220723642,2.169993296082124,2.5152881176457083,1.3893894167364182,1.742211415507422
2024-05-23,3.5586553131902185,1.3409376673042281,1.4332522289759193,1.4584468666951957,1.905060342916896,1.5297960027733422,0.9813070260280684,1.3993264160239485,1.3652325408162607,2.100997690804109,2.528502955292193,1.3724048258245531,1.729486227141079
2024-05-24,3.643302471240756,1.3741928247749313,1.458702706576017,1.4951790642659966,1.94023131917422,1.561119034389553,1.003080272793205,1.4349007629477766,1.370293327254249,2.1378221380544753,2.596865601776568,1.3837913782537523,1.740928982652737
2024-05-28,3.7413933499181242,1.4171412950813278,1.472555613756803,1.5196775689046684,1.9625136288971206,1.6093753252068137,1.0236335728878097,1.4523730999076154,1.3594465281667245,2.1327609382940382,2.6545379940495173,1.3817188570440355,1.7421456655748209
2024-05-29,3.7147892449223967,1.4152141718208298,1.469886800814298,1.494567519466192,1.9372687039703627,1.6089064062157248,1.014285508846672,1.4376542656028057,1.3533904692830576,2.090249477799043,2.6362406307682673,1.366451172107512,1.7299460644440046
2024-05-30,3.731809502599999,1.4138283162474583,1.4682164035016767,1.494244834763831,1.9515810783129262,1.6101093090334406,1.0147850265643124,1.449229495240473,1.3654295873595466,2.1009267118914496,2.6202314366984565,1.3756192453992178,1.7184702278534045
2024-05-31,3.590532444952294,1.3508115750670384,1.4101120173627606,1.4349998480389776,1.905271714757018,1.5463268734255307,0.978265280928326,1.4092372474682562,1.3905427408171882,2.149912946174897,2.608898155753632,1.3809374628674795,1.7341225248963479
2024-06-03,3.58886805362539,1.3449387135863256,1.380817269437956,1.4055272467206184,1.8442656074266957,1.5146963306704038,0.9674308838030818,1.3797216819775335,1.3753175760222665,2.1345276278002636,2.6282398290324407,1.3880511358868886,1.7355364576162349
2024-06-04,3.536989505956933,1.3325839833617161,1.3656875537091961,1.3901866270611944,1.8140228522997426,1.4982896389284603,0.9567101013323787,1.3587675277722113,1.3905271421385994,2.11594088616208,2.623030934684296,1.3951434042584705,1.7374763897969312
2024-06-05,3.6925289255125966,1.395282043969626,1.4198106562787762,1.4454594893048467,1.85859061505609,1.5578661686220638,0.9934426208636288,1.4083069641125432,1.3931351491881598,2.104474949882783,2.680290556876679,1.425278936256151,1.7581266092244492
2024-06-06,3.609327087591454,1.3551248486876437,1.3694552622968426,1.3941485869000616,1.7987462318163439,1.5026498379030697,0.9656297447344784,1.3591909484875433,1.3962438173247567,2.10687905564145,2.691309209220429,1.41943163019536,1.7580934250891866
2024-06-07,3.565687065313622,1.3419010449767061,1.3566602038556805,1.3811371977399054,1.7896551650744006,1.4886806095400327,0.9563585380694393,1.3436143707287542,1.3932069494200936,2.1118110144122015,2.6974632222819523,1.418716234077196,1.7559562431106865
2024-06-10,3.63411335162954,1.3610362088561005,1.404089583891081,1.42914448762638,1.847318421910338,1.540270293835687,0.9830622184893612,1.3901646995556585,1.3931510873748054,2.109660470817841,2.6647307393717963,1.4251870478284165,1.761381540057169
2024-06-11,3.698357283972069,1.3635901708006806,1.412322470396208,1.4373936049054326,1.8675931564074084,1.5490375454226009,0.996986904921246,1.4020824310314883,1.3885914407683602,2.1026611772997743,2.686507060782929,1.4177417803418442,1.7656237504421135
2024-06-12,3.7281596956236807,1.3711446362852997,1.4208343531781904,1.4463400518963994,1.8717642142992539,1.5586882076540463,1.0078673286578181,1.405060733796381,1.3732664361907234,2.0991440882189636,2.745514221732636,1.4268809496533676,1.780124805326612
2024-06-13,3.6959591936095206,1.4013108044981901,1.4588831607038253,1.4855799109051884,1.8632473968248886,1.601183707074212,1.0248820045611384,1.405570157624506,1.376260076708912,2.076425055549896,2.7746265844035345,1.44529943109868,1.783709104160262
2024-06-14,3.6238618066771475,1.3833969914793913,1.4434734751874678,1.4700514448712527,1.8430670501452011,1.5844395252504817,1.0046879882952693,1.3955879333508245,1.3814575296355476,2.0586205824358825,2.765483623282929,1.456086239112596,1.7847944933297846
2024-06-17,3.547886483953759,1.3819296414732878,1.4421390353376144,1.4687060728619754,1.83135870892816,1.5831901874819272,0.9967610710284236,1.3791562316906683,1.390034916110157,2.0715766550524597,2.7985908528971866,1.4611282229077618,1.798999364348616
2024-06-18,3.5965980386717766,1.4103759068846646,1.4918195063764328,1.5195430220196902,1.8785537460070174,1.6378941486635676,1.0236025497576717,1.4133037567150823,1.3946377798033942,2.0594285685046083,2.7900571767497255,1.4809925379407207,1.8035701182839248
2024-06-20,3.5763554941161124,1.4040819920897427,1.4861213343793624,1.5134022009442507,1.8823740333300156,1.6312650608339778,1.0161336532732967,1.406317946625971,1.3914273916198003,2.0834155214770202,2.777052528922577,1.4587571009290021,1.7986706146856102
2024-06-21,3.5250207651122065,1.3815394032835904,1.4593728549176925,1.4859782293866337,1.866096065495543,1.601749395398187,1.0008621109148983,1.3829471244824163,1.3960761159850348,2.1017195291979673,2.7628960622477723,1.4533451822888654,1.7962590967814294
2024-06-24,3.5181120569212885,1.3495354787230436,1.4172226412946458,1.4423359434674443,1.8846603591661972,1.5545880626955504,0.9759533844134335,1.3716877365124456,1.4113400129271734,2.117414758537567,2.711341426627655,1.4335959002148908,1.7904201317636914
2024-06-25,3.5754202768309566,1.3816399403929651,1.457208060758757,1.4833960180829229,1.8997695052843613,1.598785196332025,0.9936765472552305,1.4023745719921819,1.405063001818775,2.096785256431854,2.7671137365031435,1.456879326118211,1.7973150118432342
2024-06-26,3.428361737249658,1.3308833707213343,1.4178200465375657,1.44357360292179,1.8407163688402695,1.55598177149682,0.9710410133502012,1.3663453529370062,1.4052506597472418,2.090948000953949,2.8198827459025573,1.4551883135449686,1.7995581357194048
2024-06-27,3.413595268438623,1.3431553792357387,1.4254925975019213,1.4517269606183232,1.838554347966246,1.5648918316164488,0.9831224189898496,1.357233369447016,1.4033923479033699,2.0720309343798524,2.832603615348358,1.4549196764600076,1.8023952762280415
2024-06-28,3.3164737886412596,1.3072462994933072,1.3870509730512377,1.4124078154156865,1.8132192382555525,1.5224288952150817,0.9414793327471738,1.3346023864758245,1.3976803857756843,2.0835727930529484,2.8174107198405456,1.4410133738171855,1.7953025280127708
2024-07-01,3.309699732397363,1.3050264119505826,1.3968269992048021,1.4223237639020145,1.8169986137133163,1.5330238247194763,0.9414103683611874,1.3409533187878362,1.3904459104491462,2.056713354728974,2.871300517814178,1.45015273691533,1.7989973032222017
2024-07-02,3.2915255487425776,1.3126312100768032,1.404113460081267,1.4297315558026493,1.8253784194689315,1.5410431209841247,0.9405966781756405,1.3389094810497992,1.394652348895191,2.05715821213559,2.9664281987834165,1.447649350990037,1.811104153664396
2024-07-03,3.4036620187743156,1.3437679005980434,1.4434451770002121,1.470118765885657,1.8641101203661483,1.5844725597658629,0.9752395660540586,1.370360640717768,1.3930454118682134,2.047732898948944,3.032874886100311,1.4567653322827616,1.8191864486709461
2024-07-05,3.3383566644652336,1.328039806878561,1.4244451434308762,1.4506368025372685,1.8445829185228866,1.5634849117556089,0.9538742401263243,1.3537889984143012,1.4023455919219245,2.0627589968188174,3.0820993291545102,1.4575326647412579,1.8296767576667738
2024-07-08,3.395726182745263,1.3625197827696742,1.4696327601606127,1.4969363539288698,1.8744315391283555,1.61338531458764,0.9845877540728574,1.3828557205212348,1.3997285959197272,2.0493897325976262,3.1203417730021665,1.4639964586865704,1.831787763339818
2024-07-09,3.4047819337828606,1.3668634694456996,1.474900135343718,1.5023377043317017,1.8713448829393906,1.6192409939089292,0.9864744041583067,1.3853795654309027,1.3971494684172858,2.0575932383044133,3.1607189870524595,1.4770403536450665,1.8335694010119323
2024-07-10,3.449236056707665,1.381850124871725,1.4923741946393725,1.5202977766583619,1.8990662040453474,1.638542421368646,0.9976516349932676,1.3875824813854924,1.4057516782714117,2.0675131945116885,3.214227916495819,1.4898423594128887,1.8517128784949508
2024-07-11,3.43968137683706,1.3693994679808559,1.4658212275678393,1.4928182951520144,1.898468368504576,1.608971389416742,0.9860540306231503,1.367366928101801,1.406564369006275,2.1023929758532414,3.0780228719401546,1.4574151301038067,1.8357465688428607
2024-07-12,3.444885875128075,1.3787320546507777,1.4783617709333179,1.505722278458899,1.9009984496813337,1.6229266712465757,0.9941890754839902,1.3746142799389591,1.4187372594786871,2.1090479269488225,3.113670509879608,1.4677540072095197,1.8473253586978315
2024-07-15,3.309107598303124,1.3434630948424282,1.4360901042157885,1.462740183121985,1.847557292912535,1.576657771710443,0.9533624267718319,1.3364977989208928,1.427640677447437,2.1067053129656683,3.123290668265838,1.4633829271924297,1.8524058291952803
2024-07-16,3.3419306970580065,1.3408609944701138,1.415328734892058,1.4415323462079226,1.8506853317003769,1.553862150982904,0.9530468704363827,1.3267534843456974,1.4469669221831547,2.164300040672577,3.1204664495158383,1.461020309699754,1.863390808530427
2024-07-17,3.1427762636168444,1.258278981530661,1.3076765681440112,1.3314828001568975,1.7472531066637558,1.435479011181879,0.8862306800982479,1.2372185516369572,1.4640542570067632,2.206479089592255,2.970425504081268,1.43040031000493,1.837263970108722
2024-07-18,3.1759782693846668,1.2604588040709441,1.3158901797467943,1.3398934782574834,1.7501203193407577,1.4445145443239686,0.8955943298480038,1.2488762435925234,1.4574336126281011,2.1699773096545107,2.950337120597381,1.4103734118115707,1.8231446358360648
2024-07-19,3.1729974916441885,1.2547232053160613,1.3133591448957203,1.3369907591412724,1.7567082076769391,1.4413925373354433,0.8943082222125058,1.2466320648205507,1.4528085916472662,2.154942246483124,2.8913089437174984,1.4040237902295394,1.8110381976191534
2024-07-22,3.263098183630272,1.2815321324706024,1.3394835498029467,1.3638369635174932,1.7939920715075055,1.4702529995241638,0.9141334777972226,1.2770274620068298,1.4457702943755377,2.1553663164599306,2.964647960441131,1.4224161547314922,1.8297099418020364
2024-07-23,3.262532173345848,1.2773306119322723,1.336931154173064,1.3612480276654424,1.8097039481859722,1.467436140851068,0.9151094490191465,1.2749326286328064,1.434814539141773,2.1551721491320497,2.9532067845988457,1.423728608955125,1.8268398232707785
2024-07-24,3.1131843790038074,1.1981367925047823,1.2413990229779956,1.2634267668317023,1.7171380721788922,1.3621537540712831,0.8624811187884335,1.1983076095593201,1.4386585618926273,2.168707557533539,2.760546506278533,1.398834920753221,1.7854390075593891
2024-07-25,3.0719899454100577,1.1823905133604953,1.2145371501142261,1.2359913900922004,1.6881277045946639,1.332632011822748,0.8443987365862851,1.1763278755200135,1.4119399862242925,2.183278061149872,2.7389618245768728,1.37611576753972,1.776136113490569
2024-07-26,3.1249000017149897,1.1973037930846164,1.2328781085187672,1.2546491209576789,1.7049873382311382,1.3527251926699158,0.8610353645464901,1.2035698364269958,1.4195197717620123,2.2681954451067807,2.755360597770232,1.3629989252698225,1.796028456735722
2024-07-29,3.1048852434142082,1.1912591184019994,1.2233819743329761,1.2448734839032356,1.7148832793932474,1.3421933071413512,0.8517280250689511,1.2067759254467714,1.4272675004912603,2.2536776312334896,2.7875728612590014,1.364031341041307,1.7970837534596027
2024-07-30,2.9865650339110346,1.1452594365477515,1.1775569125348804,1.1977282354901497,1.6727853080492532,1.2914079845705504,0.8166080017230037,1.1729428245556581,1.418174110980152,2.268034586189544,2.716208917777556,1.3295869848859116,1.7879789336391516
2024-07-31,3.178432375524804,1.2246780034422826,1.2869992518598314,1.3098603766034307,1.7593505683641946,1.4118950046816343,0.8753731399676327,1.2666178825390564,1.4233793291045416,2.24720032868222,2.848704414908904,1.38174044672368,1.8170416405247154
2024-08-01,2.9751363946898435,1.1347976827025368,1.2270632098371266,1.248536380631751,1.7196741019945656,1.3459229397097106,0.8480194488665583,1.2149098320019471,1.4441654321624027,2.229876775215423,2.7114279515910327,1.379133147681932,1.7913109505997487
2024-08-02,2.852761681555078,1.077768700921531,1.1687689017469167,1.1892158781598274,1.6555335914354836,1.2820126953402038,0.8136290466448787,1.1609992431652771,1.4598713457061037,2.2142501940234065,2.6320956029582203,1.3679370348584456,1.7579596579849295
2024-08-05,2.752321981237695,1.040251028192039,1.1401395011121511,1.1595271071026987,1.6349893348436866,1.2500075317659851,0.786595170607281,1.1383738082897887,1.4295059450103031,2.1549153490527035,2.5322479940104663,1.324684934867601,1.7067613809217212
2024-08-06,2.8294480401976556,1.068770779931541,1.1874482829267263,1.2077102758954232,1.6928949767809425,1.3017879566469663,0.8111556640765194,1.1874044090283142,1.442031140322803,2.2095456877215267,2.5375711858439622,1.352421567023973,1.722496947471783
2024-08-07,2.7911252916319818,1.0136087819457011,1.1306022055799245,1.149045209367103,1.6932077789049658,1.2383638267794128,0.7722444450518611,1.170255895234369,1.4538534402800785,2.2011975088580016,2.4913523030924973,1.3292427160870834,1.7109835983804513
2024-08-08,2.9454986856444325,1.073696997582908,1.196878362959075,1.2166055395672983,1.7607115722399265,1.3111208168306823,0.8141887039324763,1.2406910346997009,1.4656995546294438,2.2446032995684506,2.582612514274138,1.3887024374615948,1.7505371295434462
2024-08-09,2.9609638338072743,1.0806578191161111,1.2067802775556324,1.226430225999183,1.7802665565233737,1.321739225415277,0.8173034752032283,1.254938374329828,1.4650772699309573,2.2284018866045834,2.590166797416228,1.4071424490582742,1.7582562540758797
2024-08-12,2.9818998537047356,1.0921055150389627,1.222326842039275,1.2426581121991342,1.7734067085009129,1.339312460736322,0.8359261329791072,1.264213346101068,1.454104348940967,2.2100412741167905,2.6138703374552903,1.4229298353802955,1.7591802570471997
2024-08-13,3.1015935869200675,1.1353678922057104,1.2661178168470142,1.2876703924725716,1.8036183006029636,1.387820482663202,0.8727197044512751,1.302478725434564,1.459273999972461,2.2256094038470153,2.711445577018279,1.4589632036816869,1.7881108457296369
2024-08-14,3.0941268136961906,1.1408350514769505,1.268330428617644,1.2900547407696907,1.8098115775805026,1.3904744297304628,0.8735632125994685,1.2939403625500425,1.4715972635222656,2.233924459694183,2.700700507133025,1.484467528022507,1.7937519426116473
2024-08-15,3.1770552240355463,1.1850643048644014,1.3108827830487964,1.3337976385663215,1.8314501441698579,1.4376225193300722,0.9018439758440974,1.3242308860790952,1.4700191217375977,2.272521533058441,2.811481796805876,1.4962268328320771,1.8244973531014617
2024-08-16,3.1631532800658198,1.1849939206480928,1.3096427085096118,1.3325429297040168,1.8154266929369478,1.4363278351107118,0.8980571899554255,1.3231620155346617,1.475830690951465,2.281733258293426,2.831200090568083,1.5063912027966768,1.8285880706949893
2024-08-19,3.2280870454771966,1.20489273885488,1.327536912840056,1.3510637548993292,1.8359365493517426,1.456198463849115,0.909932111372662,1.3431578529370054,1.481981096835254,2.2926388510210876,2.899642360465544,1.5313750559460908,1.8460717816129406
2024-08-20,3.1613925027831047,1.1836009305357882,1.308851161115813,1.3318676916669074,1.8270124160509613,1.43552775347619,0.8925809250018123,1.3263028053295836,1.4866447168303714,2.281033218239105,2.889262265555876,1.526068331397751,1.8430697509911977
2024-08-21,3.2010251497252433,1.2004224202513643,1.3350379115278004,1.3585687285016241,1.8580183143358735,1.4642250835695738,0.9067156044146542,1.3501005004894957,1.4864126794768557,2.2864826719744564,2.909145096366423,1.5335839525830537,1.8494037985735376
2024-08-22,3.1296488283141106,1.17108262456655,1.3136995017225026,1.3366662657330695,1.8598568130236177,1.4405641685762878,0.8903088813921932,1.3356821975720152,1.4895547456694826,2.276443749473846,2.8137750661540206,1.52387907511113,1.8348889341420664
2024-08-23,3.2402380441649408,1.2028819669127413,1.3433835471326587,1.3672405821393194,1.8836486709337739,1.4734903396883483,0.9207951584002498,1.364608441163324,1.4961763315154297,2.3052556086047056,2.887837279288786,1.5433929232251435,1.8543851288904811
2024-08-26,3.218980754278466,1.1753690274596165,1.3166431475812672,1.3396144438336555,1.8785055740099459,1.4436487263002868,0.9043167045733456,1.3497676879894958,1.50482026233208,2.3139981127245783,2.8341533254313642,1.5408778635632783,1.8499644249580993
2024-08-27,3.2201184144957513,1.1685277242064427,1.316434337919402,1.3394119841168586,1.88438020551019,1.443390090588617,0.9047444145342831,1.356230441285394,1.5163559205962402,2.3072370336993098,2.827644658439177,1.5562335528027802,1.8525043510378616
2024-08-28,3.136417787359521,1.1082742749571752,1.2525010852033376,1.2739622122357552,1.8575182647448092,1.3726560612001892,0.8576544288775447,1.3278360130322204,1.5160213334990722,2.308077220009124,2.7810691548991375,1.5357917948376925,1.8417506300863467
2024-08-29,3.102276325414941,1.1024224484801244,1.2495379691297293,1.2704660795758431,1.8837072265368016,1.3689016571321961,0.8507533798357967,1.3252745605480896,1.5202882280303223,2.3306307405932305,2.7561300603556806,1.5139371119153293,1.8419151079741705
2024-08-30,3.151115428350732,1.1129152325987766,1.2637212554151296,1.284790951402015,1.9122185989122897,1.3843220779695986,0.8617800666949275,1.348695744324945,1.5317199785186035,2.3434911852343436,2.8136180761027507,1.522417080177048,1.8594981651852684
2024-09-03,3.0954277542344064,1.0640979524296368,1.1703278465770244,1.2046706750094534,1.8765728658096863,1.369337013172616,0.8428457498844414,1.265953665638194,1.5369475490913571,2.3241622935545796,2.7100854178516127,1.4803013977326362,1.8212314982987483
2024-09-04,3.115467041801545,1.0601151471775616,1.1629836990855693,1.1875310006320121,1.8730810674088074,1.3668934935803307,0.8392765890415459,1.2635801144602155,1.5392186230049312,2.169839392019546,2.7100420477954605,1.4801920735634773,1.8175039511793374
2024-09-05,3.075643383812043,1.0616195932072248,1.1559691483043193,1.1737246140658502,1.8435393208878115,1.3686650653118981,0.8374615114506035,1.2480771450998638,1.5285518658027828,2.1840003726256247,2.7598865637866714,1.4689681185997934,1.8130832472469556
2024-09-06,3.044330292533967,1.035091162649974,1.1254881966136454,1.1305773503481988,1.8303792088882997,1.349036866688241,0.821288380270794,1.2181879803659772,1.5164540249214353,2.1485580981505272,2.6552494361011245,1.4447098823822946,1.78256868291549
2024-09-09,3.0826875076523748,1.0388893773716534,1.149870065357542,1.164659871023858,1.8560430409805848,1.3489952990765468,0.8245421797092705,1.246508036518321,1.5312211300239742,2.199796930242812,2.705292931279347,1.4638660537041635,1.802527188318527
2024-09-10,3.1273919540635076,1.0473348672550762,1.151048786213255,1.1685158208071833,1.8524313130753114,1.3575816355938808,0.8279655519779472,1.2425899556162212,1.529116837726611,2.1982280917418358,2.761512567814991,1.442653167370698,1.8103782249414457
2024-09-11,3.143137393974396,1.0616821576756084,1.190684210255003,1.2280420594393855,1.8606539479630066,1.3545677092785733,0.8309899755771905,1.265424927997813,1.5211066097603023,2.240235745550429,2.842515100773976,1.442158117607972,1.828951035056465
2024-09-12,3.173075801872345,1.0770503636997784,1.2018759895823956,1.233201171606744,1.8733858708756046,1.36887817680787,0.8440992231663017,1.2767031315805766,1.5247733288154781,2.2020005862486713,2.8710364493457536,1.4529601379670112,1.844356512211352
2024-09-13,3.210767883323761,1.1008765893620098,1.225052374317503,1.2602929143130428,1.867338812770136,1.3839094378704921,0.8522296053226738,1.2971647442819925,1.5367979580269038,2.2330500430357807,2.8748256110278825,1.4606060756005257,1.8539889803937437
2024-09-16,3.235106467460724,1.1137312242191875,1.2356366554759504,1.2580945485293513,1.8714434758560734,1.3868101104016202,0.8528275247867851,1.2939610104563088,1.546597727619189,2.2513491809141986,2.8359350104419447,1.4710245843209235,1.8567271868345165
2024-09-17,3.1927429664841616,1.1200093339603983,1.248279898121214,1.26196590930816,1.8669904256241399,1.3909925849194427,0.8573963785465508,1.2992930531504008,1.537784818683642,2.260143501592909,2.8456153800098156,1.4801554677285162,1.8574858874674474
2024-09-18,3.211234423088165,1.1214187677067362,1.2488179077647688,1.2582093754946835,1.8652209004776554,1.3905405741925139,0.8560969896610529,1.3050588414194437,1.5278612820015132,2.264864729620253,2.835136562260792,1.4823578290261235,1.8519769087885634
2024-09-19,3.230838980125519,1.1278402150791729,1.2786607620738508,1.2813031487643367,1.873162903346308,1.3849573642010589,0.8599921507175714,1.335845235920176,1.514186056171435,2.2590499140990126,2.9412057089893078,1.518392160443207,1.8835799539791724
2024-09-20,3.2323515564194643,1.1871946626347147,1.3372791763804912,1.3511961941897517,1.885859160365351,1.3910142764325042,0.8665067667301446,1.3516014096262308,1.5342001049385248,2.2420617488158094,2.9165463156787608,1.5125346495903933,1.8803237864706044
2024-09-23,3.2601543976059877,1.2047960492771708,1.3472899208568097,1.3677458703219538,1.9031082417862495,1.410804827427377,0.8730431753452569,1.3546955548288675,1.5419573650703606,2.237493264318739,2.9488590811816904,1.5033509103096927,1.8850225363562119
2024-09-24,3.2733772766343083,1.216340859000071,1.357432672932005,1.3774026887118462,1.9049498937027534,1.429259514927377,0.8789045973118097,1.362041438770518,1.5336770946846183,2.21827664749745,2.978453702458546,1.5008012445725405,1.8904162980685626
2024-09-25,3.2457681953659976,1.2319963880222877,1.3867410469554424,1.4053780011355521,1.9033998631851754,1.424233731007089,0.8767920828159601,1.372068274402842,1.5368647350654776,2.189323430181776,2.99550026465337,1.4928309292115176,1.8862466393333852
2024-09-26,3.2551034538498844,1.214272950140818,1.3717881302379131,1.3583188244998101,1.8837909261124215,1.4106104815716642,0.8649861177738458,1.359955672931895,1.5341280498848135,2.1640225016844616,2.9881482627002454,1.501097785595795,1.8937250243006836
2024-09-27,3.237932490562531,1.2154792073887428,1.3808361908458233,1.375817343252862,1.877523341883906,1.4000675830120939,0.8599374296482355,1.3604231099130961,1.5414114864692863,2.1954723582518443,2.9779311179248547,1.5004267438210452,1.8909785733542557
2024-09-30,3.26914762880716,1.2162829900425514,1.3809335297130108,1.3771774346530083,1.897431119288691,1.399836865925302,0.8598095014866144,1.3702021969797464,1.5482113170967278,2.165941523290907,2.991640235051319,1.498827078751465,1.8985560985020593
2024-10-01,3.247253142570588,1.2379848451298316,1.3811697700999737,1.3721658078372125,1.88062350362707,1.4114418608899015,0.8635124704654963,1.357671384144053,1.5500638225898917,2.129801027227675,2.927810924443409,1.4841729701317752,1.8815480955604196
2024-10-02,3.2663928741684884,1.2456776231449684,1.400524720814085,1.3953624596774226,1.887903723658808,1.4073171374554532,0.8661889231022151,1.365049612140879,1.5421215282783682,2.128070566870009,2.9085721167651863,1.4786576764382329,1.8823424536803097
2024-10-03,3.2435330719223945,1.2669344796818336,1.4309590927623272,1.4264359105288629,1.8740199422257027,1.4019969233746425,0.8639277849491389,1.367521007251963,1.533478094135302,2.0995944216978897,2.8938674567310065,1.4746050392426457,1.8789009909071384
2024-10-04,3.207415201591584,1.2908570184391577,1.4646354774974346,1.4536131390750053,1.8853662618057807,1.4087578971142665,0.8673490267093928,1.3872459805490822,1.5283614818916496,2.1309752482664934,2.9444138098804205,1.4942813828743902,1.895975156006662
2024-10-07,3.1969987938157054,1.267680448691233,1.4405360100291729,1.4721501042544487,1.84820281423498,1.4051210170025723,0.8571552252109798,1.3852250790598244,1.5032143871650872,2.187673028112685,2.894906311711475,1.4872852793969122,1.8788348287492544
2024-10-08,3.2376975570908515,1.2563627748173316,1.4467373413585187,1.4646537629305962,1.8823419850723824,1.4042042521710294,0.8616783579166681,1.4046098248483985,1.5140571239814935,2.1646022975218644,2.9520354880420414,1.4950282478608101,1.8966040056755211
2024-10-09,3.2541003525010073,1.2423099988621313,1.4294785522960187,1.450849633902276,1.9020438725845892,1.415844943165292,0.8692165136631282,1.3976874600412696,1.511223165546435,2.18662448532704,2.9622881903735845,1.503536304024598,1.9097405948740647
2024-10-10,3.217105164360138,1.2385920343082983,1.4285813950084212,1.449038491171563,1.8997861714737494,1.4063382224316494,0.8702145250614437,1.3941127011301369,1.5023033840522944,2.1613417071593153,2.9678720572559087,1.4995111830986945,1.9063984783940398
2024-10-11,3.2616292343369446,1.257971870200022,1.4449781052134993,1.4683593838870173,1.913266838588007,1.4255414515728848,0.8815632253940854,1.4120958111765236,1.5152244716987788,2.1800558947813857,2.9171426352588385,1.5164593202866523,1.9178144392623182
2024-10-14,3.296646867393585,1.2819787698429663,1.4768896942637924,1.4962369256198054,1.9237867772476749,1.4378175780529874,0.8887795854862485,1.4193574810983987,1.5311117596016108,2.1449944262755265,2.945209049138233,1.5275976385392158,1.933499199046279
2024-10-15,3.3003317337265927,1.2655320943516333,1.4454739639781478,1.4678454526126032,1.921533942164667,1.4363310374493496,0.8847281080539975,1.4048739109995216,1.5394084774360834,2.141980851293837,2.9212546378223148,1.528553585461518,1.9184766791790815
2024-10-16,3.3173238723984677,1.2947006959599097,1.483557095386839,1.5126193070590142,1.9373600453751163,1.4458061492199796,0.8926700250919615,1.4247572743418069,1.5478217632637203,2.183510796667372,2.934546976384327,1.538869392994782,1.926814759973588
2024-10-17,3.2984418251267393,1.2583642083805642,1.4509547455333236,1.4682690411746147,1.9360329106705265,1.4452032126660246,0.891085142737225,1.415657596302256,1.5401202968940915,2.1500334292662493,2.942895641240284,1.5283032402314154,1.92698047453726
2024-10-18,3.291537099479767,1.274296672217234,1.470233206226683,1.4816465947329642,1.9408021443741401,1.4560288924450775,0.896715653448895,1.41703377656959,1.550725091205615,2.155977897955214,2.960833338078663,1.5259577631272283,1.934392491234033
2024-10-21,3.257401282524201,1.2702862504643044,1.4806037918590071,1.4942060338198784,1.9297974980728705,1.4460623996014494,0.8934234934147154,1.4275952183725682,1.5445934582100096,2.159649164129531,2.988018132695362,1.508022677925965,1.9312158832050386
2024-10-22,3.2425029449692695,1.2584140206974588,1.4599306076549055,1.4634427117526176,1.9139433797257024,1.4541324530835054,0.8963115145023618,1.3834888394358007,1.5434821850166502,2.138590257574355,2.9976857184497567,1.5034153254784552,1.9301900605888755
2024-10-23,3.226380998252961,1.2582333249729714,1.4557691788218976,1.4588828080355767,1.9084645039932806,1.4452609019513032,0.8900137975986753,1.3903174656870216,1.5401617580757323,2.122958785558974,2.9355036933032723,1.4870181175507515,1.912553001865735
2024-10-24,3.2786423912278138,1.227116258017405,1.4696827591441635,1.4683384526431207,1.9075687077896673,1.4037432872052096,0.8575094808872494,1.3859920514108985,1.5352009380684082,2.151458383489882,3.0662393546191904,1.489974344853303,1.9166892703530087
2024-10-25,3.272646798729035,1.2083571405094704,1.4538794983409409,1.4656770299136286,1.9048386174576362,1.3866660174603365,0.8456964250858579,1.380995193958506,1.5208703380928223,2.1463761035216202,3.1055192572681163,1.472673779705903,1.916027442661528
2024-10-28,3.2960009407273256,1.2279991700810036,1.4672569183848863,1.479917267721856,1.9094618337051945,1.396577371525278,0.8534000391300474,1.3772482663156835,1.5279695530281252,2.1553740885985246,3.0875853339282724,1.4999307703293772,1.9219505016369502
2024-10-29,3.2882862152329406,1.2190183301609596,1.4628405106090074,1.48672238208648,1.9077873570816595,1.3973242530102634,0.8443850012119565,1.3720831860544531,1.511051573596973,2.1570006594908584,3.0989181830493657,1.496144934872529,1.9250611536207018
2024-10-30,3.2838457084885557,1.2103565660160622,1.4544264343760973,1.381690888327325,1.984762297572382,1.3969645694012547,0.8411427301700863,1.3747564015390723,1.5080251919136234,1.966304080129897,3.0828291052905765,1.4958282802857372,1.9192372348257847
2024-10-31,3.2463526893845525,1.214385609595164,1.4526344452403552,1.3600987855136042,1.9665304921524602,1.388896993565073,0.8439666132267271,1.3757192646982521,1.475107947956104,1.925879613043105,2.965520326909229,1.4982598179139108,1.881614051605662
2024-11-01,3.2184492988816227,1.1865861058872782,1.425824229481078,1.3165486012637264,1.9533777745621281,1.3759519053692721,0.8324076566990171,1.3621842167856546,1.46151730083086,1.9139868235838766,3.0100580283252447,1.4898953322686168,1.8895557777907892
2024-11-04,3.2275589889756167,1.1862018785160624,1.4218873566173085,1.3139267523944027,1.9685402303116397,1.3917546691174412,0.8412381708439146,1.3716227253916118,1.4659001331672856,1.9053108165037984,2.985762813481495,1.4826593288697216,1.885485877574041
2024-11-05,3.2844292442551573,1.225032589117869,1.4654073746226797,1.363463974493707,2.0062217442886903,1.4157957911724948,0.8551340807255065,1.4026085064890237,1.479299744831104,1.9144570399535055,3.045726689824268,1.5019349521912548,1.9082846151753352
2024-11-06,3.2378695083847964,1.257918642584666,1.5330545822642812,1.3746662518679744,2.0196944737808775,1.4465986808056737,0.8688506288822447,1.4730405629160255,1.4698378612861822,1.8016316947234032,3.20330885840337,1.6135497772492375,1.9557352491365976
2024-11-07,3.299970818351837,1.297120525900706,1.579347778370238,1.4413263112246637,2.0285465779678895,1.4513432906384371,0.873841620474652,1.48018143281959,1.4704244442329595,1.8344293696654197,3.2685327368823742,1.587126665524384,1.9708575275222247
2024-11-08,3.394734314750763,1.3208863900822243,1.5981850784801013,1.4512498135745173,2.083925436915643,1.4649994185681245,0.8856886385257995,1.4957278759958594,1.4779595890388677,1.7925097388518212,3.3153164969531748,1.5940929632462468,1.9793943009030244
2024-11-11,3.3790700309983217,1.316794838873728,1.6149621719859606,1.4522999684512263,2.078896008815057,1.4588878169293304,0.8809630190189636,1.502075845051035,1.4802427311287114,1.7516789820921779,3.361866646489308,1.6072640276230776,1.9812806437969614
2024-11-12,3.330548014854523,1.2947916333836158,1.6061872177623278,1.440341534155572,2.0844508870499205,1.4550655833477875,0.8749737890537536,1.5051861485483495,1.473308208881397,1.7661520529997705,3.3338106589404797,1.6022359836853945,1.9751259142126245
2024-11-13,3.3504018402329403,1.2925428586643775,1.601425820972777,1.4294205142199643,2.0896412373917177,1.4514228057141205,0.8751097494419372,1.512554752826914,1.4728413112983891,1.7562110125792383,3.349887728032276,1.6101289417542421,1.9760853685582622
2024-11-14,3.3025166427842096,1.2778908151310524,1.580585768177367,1.3982082423388607,2.060340392054804,1.4489138900036713,0.8713908266361511,1.487217789936289,1.4649485035286138,1.7359281596434473,3.304284574040577,1.602157729748627,1.9633789364422851
2024-11-15,3.2450086021653135,1.293742676703318,1.5785476120494373,1.4001498507678158,2.0481863942520695,1.4458629534954925,0.8749914324100768,1.471373016071543,1.4667134502754402,1.7180822123778223,3.2545861304370614,1.590584513882538,1.938230926954508
2024-11-18,3.2610310615769347,1.3191276826542455,1.599283079578734,1.4332135979830867,2.0591231557266787,1.4600269946331879,0.8859669229801451,1.480821481800303,1.4753581302986334,1.7882582614195703,3.2980984320728033,1.5919339756287538,1.946172653139635
2024-11-19,3.257445495628448,1.351713588873728,1.6471658188365466,1.5209615552127007,2.0586387807266786,1.47408472053956,0.8953917909916197,1.5069108044626565,1.47696890529253,1.8257338130247949,3.3622951941577646,1.5831581301011048,1.953286424844327
2024-11-20,3.26439757234964,1.3477499204319554,1.6459660294078355,1.5062917851626518,2.0687818364517763,1.4715120204205414,0.8957558843906677,1.5167892476084082,1.4804071270332528,1.772009318090713,3.339783776005909,1.5921772918976747,1.9539482525358078
2024-11-21,3.2962220733872374,1.3926727414768771,1.7059163300059799,1.5781417424380422,2.1023179295914245,1.4877720607037446,0.9057531896885193,1.5300832013132422,1.5007892376289558,1.8345180171263573,3.3197366629687997,1.609364604214569,1.9644377370810697
2024-11-22,3.3324460205307918,1.3784836129826143,1.6849471375010971,1.574920996206963,2.12296146291662,1.48809840652894,0.9084684023197449,1.5358262387277928,1.4962912586555672,1.8870342570555565,3.335735484990284,1.6324076933182676,1.9705263045075225
2024-11-25,3.3934460640183404,1.3388543481510715,1.6410484070323472,1.5604653493106007,2.1283853429215025,1.4688449572796725,0.9028971697147644,1.51256208238624,1.5008710705146981,2.0210351763975973,3.294047821721241,1.6449691908158262,1.9772105374675724
2024-11-26,3.4281983185044242,1.391581340948923,1.7038683731578355,1.595957031363213,2.1502935140030455,1.4830066916699312,0.9123248384769714,1.5567029538156831,1.5098077747688483,1.954581058813369,3.3352476172534677,1.6558610962189635,1.9875343074491625
2024-11-27,3.427474102806182,1.3610989579838353,1.6642981140635973,1.5623619408785938,2.148455087794549,1.483566577839365,0.9098067514713561,1.535400587940439,1.514964635120411,1.9927897952330467,3.2999915442554206,1.6497893652237852,1.9815123144058762
2024-11-29,3.4323717689743947,1.3875533914249971,1.699691920521117,1.5780681046664355,2.1490413762466973,1.4914263644452,0.9142088793094909,1.553040616321787,1.5161892910347177,1.9682129939329978,3.358878534611866,1.6529504658020933,1.9938217735745496
2024-12-02,3.325802487453521,1.3684501642566174,1.6545443952034442,1.5673003416653886,2.0885118755973062,1.451145864822945,0.8927080049439652,1.5068094270088022,1.4995759601973089,2.0523371228301825,3.415686607349385,1.6447572030110436,1.9973949423255648
2024-12-03,3.4245735270348194,1.4025015459399668,1.714237350220534,1.6240695837613357,2.0989676869071205,1.4985292441869584,0.9171180452271682,1.5474317323066538,1.4873856781385932,2.0448253861511057,3.4307896331672563,1.6788999970479084,1.9983220369865051
2024-12-04,3.407836309322417,1.3906994814258067,1.7019120236824479,1.6166738730069412,2.1203869824088293,1.4798643500829545,0.9094434999390822,1.533527721533949,1.4762530437849555,2.0520324988448926,3.4930099487190143,1.6759250107808186,2.0107304302230427
2024-12-05,3.4344382868614796,1.4062911852221933,1.7025976300667254,1.6185709890958084,2.1367300968802647,1.4850240958715288,0.916998663513301,1.545211902747328,1.4763204941175971,2.0446296868408034,3.5305884612922567,1.6939220246357989,2.0074214978782807
2024-12-06,3.4554827120628957,1.4367595651965583,1.7138557950447528,1.630003829824568,2.121686192766495,1.5014835341955035,0.9244308168336135,1.54963031476515,1.4658245849989449,2.0587526734435864,3.576918388355245,1.7108281456990313,2.0112265433508516
2024-12-09,3.285160732540191,1.3912929064135995,1.636303251404616,1.5547339773770585,2.046321183458634,1.4346502097631304,0.8804248292847853,1.4778666001655407,1.4544689789198433,2.099500720318586,3.5723740447883503,1.6938558396382404,2.0008697953466403
2024-12-10,3.2253165057030326,1.379602544627711,1.5956428464363543,1.5162989927884356,2.0207553303397376,1.4063932189489214,0.8675109376832227,1.4538626069404432,1.449113295783857,2.0754269642913643,3.570680905139913,1.6888229989094807,1.9946489036044195
2024-12-11,3.2453064402428278,1.4072571291308846,1.6051140332649678,1.5276848471280353,2.035245957628556,1.4155641669774857,0.871412008850215,1.4586358765937635,1.4379918861769234,2.0866172522628608,3.658573471057882,1.6937482743306234,2.010068602531562
2024-12-12,3.216572519191802,1.3882105280261483,1.5965646222542256,1.519689286672713,2.0253235363639077,1.4006774901891557,0.8646378480836133,1.44284895337599,1.4455454487226997,2.0485193993652167,3.6372710662727257,1.6990258111043048,1.9997116484147093
2024-12-13,3.248539100154937,1.4201121584277596,1.607852747864577,1.5309480398770587,2.018000088945695,1.4179398353124466,0.8706600130006055,1.4541030526496717,1.4405220718763863,2.0381700972640813,3.6486364501838584,1.7108233048482013,1.9993144693547644
2024-12-16,3.2614597658959035,1.449900129161402,1.6078956998299092,1.5306433775540607,2.0212427670157633,1.427327546646675,0.8732241670533399,1.4607501229621715,1.424875698509077,2.0407954934203922,3.7212492904548546,1.7161385766072346,2.007851654960847
2024-12-17,3.201435115322173,1.4419538477282965,1.576065545410964,1.500066288625838,1.9956428982413494,1.4003745147252884,0.8612799043580275,1.436371973548109,1.4340446747206246,2.036131558140546,3.7512412948493856,1.7046284524006918,1.9995791179863003
2024-12-18,3.053018279537261,1.3632499758105723,1.5102814237068625,1.43834648958409,1.9202763180411542,1.3380673621679153,0.8234660859986525,1.3688568444587537,1.4143080551527536,1.966875223072797,3.5918583694343464,1.6530682381672936,1.939984739420036
2024-12-19,3.126560128292144,1.3844973497729745,1.5356520917366476,1.4634426840420978,1.9364377812064375,1.362914678146919,0.8379319398804884,1.4010789773322887,1.410936273231367,1.9571381968581976,3.606302960193624,1.6730567025227625,1.9393888677737978
2024-12-20,3.2495979098168024,1.4199528528552499,1.5996899976204368,1.524934829580428,1.9607677540457928,1.420419784500679,0.8708217317506057,1.4529784371711558,1.4236369064711132,1.9835905016982855,3.615342132556905,1.7223581337971763,1.9626826879396937
2024-12-23,3.264767326625884,1.4282115854602302,1.611738822693679,1.5361809340115802,1.9559025219596111,1.419501655533394,0.8734361787720902,1.4618294991828746,1.4240563690565624,2.01215849257353,3.6583458114509484,1.7261343277974204,1.9744358490892746
2024-12-24,3.3216830958214407,1.4690474489551033,1.635445153565261,1.5586898016568438,1.9861694309867106,1.439555179550728,0.8875621248170121,1.4872613122321912,1.4328914944075146,2.0151637776458564,3.748891462696066,1.751869178871639,1.9963821048058086
2024-12-26,3.3153673037377005,1.455738396678492,1.6327310559700463,1.5557623076077716,1.9798990109122476,1.4278890868688432,0.8811680269166215,1.4846902718879529,1.4303138481520214,2.01059604082945,3.7260212631111047,1.7540155022664143,1.9965148413468592
2024-12-27,3.233949786647857,1.4081579004626719,1.58973382696614,1.514525288259627,1.9526626141226968,1.3925173156286088,0.8628882020875199,1.4505334115363904,1.426920615043501,1.9971079148376287,3.6366119705085658,1.7284232125325276,1.975498565868245
2024-12-30,3.182911139949859,1.3769023424487559,1.5701907498787377,1.4963289450284258,1.9442191891349037,1.3676224418187943,0.8472522310181839,1.4264887681342908,1.4185657547377148,1.971533994396955,3.5852636352424527,1.7045196824116782,1.9529545834917001
2024-12-31,3.1388548365440974,1.3542555544238535,1.5448084104011985,1.471689882528426,1.934330741564103,1.35189108653315,0.8362744996949417,1.4080298295356581,1.4239104507826368,1.9803670424545112,3.5273174117927457,1.6952059624714926,1.9458500868558706
2025-01-02,3.206587858852447,1.3548945078235115,1.5950263349007103,1.517932044851424,1.9820348675406654,1.3751670577550739,0.8399825746461136,1.4361874657966445,1.4207202431105177,1.9775725022399728,3.4794287078742885,1.6837483658833579,1.9410688919137098
2025-01-03,3.32875271175772,1.4195676782947029,1.6691832883308861,1.5887216841336504,2.025340558306046,1.415305856278023,0.8546384645386919,1.4846414323188613,1.4202059116743606,2.010841064556867,3.5876062972907925,1.7181394433064534,1.9653388615491958
2025-01-06,3.291873430141509,1.4097230554919686,1.6529642331551049,1.5717312315579668,2.039224641863175,1.4010406890416949,0.8449737947388871,1.4750396813728164,1.4006078873060746,2.0222473401153387,3.6358183990363977,1.703797669319637,1.976660422827721
2025-01-07,3.252247967037261,1.37130523856692,1.6028260785530541,1.5221251288052813,2.035120984331437,1.3704959647680133,0.8317670595093949,1.4656668839790177,1.4093653499983352,2.041614939030439,3.5243495254402064,1.6715967774434166,1.9543161636006763
2025-01-08,3.264165613826812,1.3717634615283458,1.6003595075081323,1.5195082785245195,2.045122449175187,1.3748263526464313,0.8395966066285354,1.4752377404548478,1.4122108864210645,2.028184464367658,3.530243615711203,1.6611376297993736,1.9571712359091131
2025-01-10,3.3072240778771045,1.369375061259791,1.599884579224441,1.5181368704434648,2.0528012203849038,1.367622660019478,0.8399907075806837,1.497592017493422,1.3937542766951125,1.9679865847671332,3.4733783050422575,1.6296590241475182,1.927290261837259
2025-01-13,3.245367556270659,1.3660354738574474,1.5717381009529565,1.490954118978621,2.0446511051810465,1.3558061652685014,0.8279420076295118,1.4709490632392717,1.4110779030226273,1.9683433661544625,3.4651700057868866,1.6268394227070886,1.9302786890246704
2025-01-14,3.335032589992583,1.3871761515002696,1.6022950345467066,1.5198171385403887,2.0776599430716716,1.3886624221349564,0.845194705383418,1.5108741334297013,1.4184167904280227,1.969367475422651,3.436901722705832,1.642566182808407,1.932934656521531
2025-01-15,3.353025574001372,1.4338771906238048,1.6322866834114527,1.5477289854642167,2.129082590166398,1.4204238128209914,0.8587798036500197,1.517210279212172,1.4191401604078813,1.9855996354186833,3.567294006336203,1.686419796089657,1.9680943814518446
2025-01-16,3.406806244930327,1.4357374956469984,1.648531387085769,1.5630565039273514,2.155690625444718,1.4293438651586379,0.8610330415650588,1.5403792291023088,1.4436676041029497,1.9872280257308783,3.487834735095969,1.6844248124165613,1.9643099472434118
2025-01-17,3.4451768168297408,1.4720838945727794,1.6731693814705346,1.58668499361241,2.1551094296134194,1.451103819992622,0.8673166871949416,1.55827216809767,1.4427015201948687,1.9981776698196234,3.561071533191672,1.7112111496968345,1.9840314231088583
2025-01-21,3.5567491053429245,1.494034341655299,1.7242950681160423,1.6357714346524492,2.2163113659537514,1.4762128303075635,0.879421417419551,1.6050103608466937,1.4523510898970173,2.0243968688094918,3.564994802844992,1.7179899537129477,2.0021920079411113
2025-01-22,3.5851385310021042,1.5128826860766855,1.7619458478401633,1.6723347982999104,2.202920699755021,1.5024987723852,0.8837821748658402,1.6121216683723283,1.4327538078688191,2.0430396117294136,3.623678271472921,1.7437288697285727,2.0134476131743937
2025-01-23,3.5938606592980027,1.529462787089869,1.7838209622810812,1.693828031026961,2.2208590748465737,1.5197698890233835,0.877305258361934,1.6078669091560198,1.4324745640181111,2.0847439353072943,3.6208537032966515,1.7561444077534751,2.024436714762368
2025-01-24,3.5824420252647995,1.5006804903369393,1.759179397339675,1.671217923605086,2.220111373583146,1.4898518226171336,0.8722339052125199,1.6031416741706683,1.4400977962873982,2.0417414479339424,3.5787772521858114,1.7553931519551353,2.0185268469959943
2025-01-27,3.277624080165923,1.3779695139270276,1.5439996350716085,1.467614830648543,2.0561589749015052,1.3720363082433544,0.8571102968140824,1.4843410241462542,1.4829037563704057,2.008389893254072,3.449660910785665,1.7454945046467858,1.9899742688978532
2025-01-28,3.4188770380821825,1.437253525004908,1.6403772519539328,1.5605676733609453,2.103620578447648,1.4372599555517038,0.8790722139283402,1.538965899024184,1.4573421738050982,2.0052911746108832,3.5560909500007525,1.756170742897518,2.0070727552890597
2025-01-29,3.452663213619292,1.4268981111865486,1.6374219876717062,1.5577422323819414,2.121594678942033,1.4349564765477976,0.8826740602418168,1.5540705613471821,1.4545134525679158,2.0114699202621282,3.5051406432990926,1.7661676377339437,1.998075320154769
2025-01-30,3.5889348116722704,1.4775412821155036,1.7028356107185814,1.6200831556912676,2.1989777172721108,1.4799467818761667,0.894575424377559,1.608470946631606,1.472736825218062,2.038467690762311,3.4749232070808307,1.7848495324177813,2.0087991547732833
2025-01-31,3.5410583002892135,1.4771408647876227,1.6810033002327416,1.5993095259305254,2.151418081346818,1.4772792197728952,0.8917509889527543,1.5858473550178365,1.4637883350752396,2.0274110638702214,3.465979651630391,1.7853425431294514,1.9981085042900315
2025-02-03,3.5700280405846234,1.463769929729029,1.6913287076424097,1.6086235762234942,2.1626692639029703,1.4783545432592236,0.8933887636109575,1.5979876153327779,1.470352115287642,2.0123038203323187,3.3791453330879104,1.774572273354061,1.9846619216788481
2025-02-04,3.819056624111235,1.5542779962878666,1.8041883786629176,1.718487188589217,2.160179455248185,1.569536801102241,0.9588793367310748,1.6993425889350726,1.4722753940962356,2.048758991726667,3.43603224791335,1.8691808724446366,1.9979757677489811
2025-02-05,3.8350127459374064,1.5563101374011477,1.830856435913894,1.7432353407498618,2.1982867138541424,1.5886084533239206,0.9612688997193561,1.7070451928474262,1.484899182929854,2.0723115370834173,3.421249105823506,1.869348148445613,2.006076819005897
2025-02-06,3.9123242709007857,1.589634009776636,1.8716274014900656,1.7846431868191976,2.190149441973039,1.6307766036535105,0.9895057191773641,1.73430079587477,1.4861768661879107,2.0624451054656805,3.4474447311286815,1.9380854821248117,2.013048991325959
2025-02-07,3.8988111307945843,1.582365106425806,1.868513068909499,1.7815312079068442,2.173971195665666,1.6310560828710396,0.9861868501588094,1.729558498511489,1.491277054252486,2.067910739239484,3.372307873523701,1.9224410416646067,1.9946225211863218
2025-02-10,3.9579292734947797,1.609119792399927,1.9171726560066669,1.8279030645962973,2.1915041683829513,1.6697402610326608,0.9997203767701375,1.7503275323249656,1.4982615021132037,2.0461001807296575,3.387319201648701,1.932673535255915,2.008168450090652
2025-02-11,3.8772274378624556,1.5577043688159427,1.8853096997688739,1.7971613730069418,2.1770288418448653,1.6270558402562936,0.9734683351441609,1.714631598792251,1.5224707741163777,2.0173547709548774,3.353202767932881,1.9200991105122627,2.009695538650658
2025-02-12,3.915174690517485,1.5756197382312256,1.8961610593269793,1.8084932066556234,2.169870385423967,1.6363846587682567,0.9826747072144734,1.728694944129165,1.524957037391524,1.9925317765319648,3.3565090728645215,1.9544460862202702,2.003221540584819
2025-02-13,3.8966724856224655,1.5953910532336668,1.9088342160652607,1.8204641279813072,2.1958544598258225,1.6446510482335888,0.9820059175416218,1.7178760346748194,1.5393971691511676,2.008969884594709,3.434153451526631,1.9693845612568912,2.0243703464918426
2025-02-14,3.969349408229887,1.6086558390002683,1.9416023068855732,1.851917336904647,2.2040118702567306,1.6606418838048778,0.997533081237911,1.7516870889045555,1.528390221061568,1.9887774369323556,3.451493347156514,1.9903771874470768,2.0242707940860547
2025-02-18,4.068335720333159,1.6517247240405513,1.9957852185677023,1.904068550741317,2.222646838823625,1.710713893845161,1.0194364107056844,1.7909415994026023,1.5375175625227497,2.0154693371856514,3.4459396102790723,2.020824051765924,2.030213845987691
2025-02-19,3.8435839648094774,1.5595153757434328,1.8730478620003195,1.782794477712753,2.2186499500907146,1.592566279556831,0.962980636779903,1.7074179116584618,1.5505554592512654,2.032656732662946,3.4665645477180367,1.9622388970418032,2.03499483481721
2025-02-20,3.688307242855132,1.5006032060962162,1.813596664185378,1.7235826635953213,2.142822994676896,1.5289968131566845,0.928025720398067,1.6439656083442526,1.558496633949141,2.0433189194763006,3.4534054031257515,1.9111131928486882,2.0265287580724047
2025-02-21,3.4704841456261284,1.4130772981982673,1.7147915067146748,1.629923601400497,2.08009828230507,1.4443575233007275,0.8841185792847857,1.5463009621955712,1.5795913799665973,2.003336451061994,3.36055850218581,1.867599392036921,1.99186658905839
2025-02-24,3.3056943964806207,1.3388513384204355,1.6168117932747335,1.5358932242032315,2.054925757280656,1.3720333091283643,0.85359484271252,1.4828688676215966,1.5883516819380328,2.013535456188947,3.3118579238777044,1.8065964303059643,1.9828025795409325
2025-02-25,3.2421382662621148,1.3046129434924572,1.581159277100417,1.5015241690274501,2.054069851366349,1.366835957291206,0.850637939636348,1.4569165223457177,1.6054968029402301,2.03125067931059,3.2317625007514836,1.7899408066792555,1.9729421507771714
2025-02-26,3.409466986354888,1.3573627756457771,1.6733134671638936,1.5899919722195885,2.088460583940812,1.4447262801671825,0.8830344179078324,1.5270043877937156,1.5908769413374468,2.0164076373184026,3.2203029708747746,1.7892000252766678,1.9739378809476926
2025-02-27,3.202509641536773,1.3056003465991466,1.5636483609627219,1.4835449789639734,2.0301113636649335,1.3903031730199658,0.8475424196168168,1.4412739800788719,1.5613022838972614,1.9523018525207343,3.1108451293830757,1.7621227379841875,1.9424300597974027
2025-02-28,3.265335827907623,1.3361089960437265,1.6015731732796163,1.5182398260709071,2.081601376024553,1.4197424834752879,0.8639914155884966,1.4722158387519675,1.5729106617353963,1.970060252865583,3.1866314002876166,1.7867601769490309,1.972742839852954
2025-03-03,3.258000211657689,1.2986064968382498,1.5404723621095802,1.460694310000913,2.0350200534190503,1.3986438091498605,0.860120930370349,1.4537018276134461,1.5750561486002765,1.9282630692236948,3.0516792558452392,1.810838336959282,1.9381804293573686
2025-03-04,3.218667637957738,1.2773019237791678,1.5265915744508887,1.4476676361117529,1.9785211299266188,1.3624754192572823,0.8390987967338743,1.4208305816570252,1.546900869059261,1.8949978810065318,3.0216751764079834,1.7734272678522265,1.9152386495829548
2025-03-05,3.281004409732031,1.312000321606316,1.5596638309206152,1.4789068710360693,1.9911819365825023,1.395320685980915,0.859908943828601,1.4271975822368594,1.5454919182535969,1.9350064472907111,3.1003259561321044,1.774927552810112,1.9358231190778716
2025-03-06,3.1733560229675044,1.227355176952996,1.4545902789796974,1.3797084610018897,1.9468352725352611,1.327061411688923,0.8191067564811889,1.3882226573863956,1.5298903404948079,1.9205727627509162,2.9341051370403077,1.7569021114496384,1.9014602256191449
2025-03-07,3.198102176989721,1.2331343044554373,1.4749050853456642,1.3998359245333838,1.9476138232554758,1.3190265880805245,0.8188118468132202,1.3837372379222843,1.5452848320719563,1.9260430119269416,2.982717164017847,1.7592570495752489,1.9121174858544927
2025-03-10,3.07865708917539,1.1556324932371758,1.3963945506776956,1.32557718277313,1.9143293441142404,1.2459702053290598,0.781911865123767,1.3434835235515568,1.5319520149943195,1.8783069908850716,2.7496218141338136,1.7674473709253464,1.8611874643940445
2025-03-11,3.061824032534765,1.1707319790159842,1.4150457324709083,1.342774635318296,1.9113472419108712,1.2491195110541575,0.7845690687980834,1.3398126342693302,1.4882920616862143,1.8346176846259163,2.7789222276469974,1.7576553955225143,1.8457152067433493
2025-03-12,3.0917960425750484,1.1921758739744803,1.4555570949281837,1.3808176673922705,1.9305794883097969,1.2564305660468331,0.7885906378593628,1.3443637489238713,1.4855768669840659,1.8431207936041876,2.8954109346172126,1.7579845665125045,1.855509679461868
2025-03-13,3.0223552276031245,1.149458192089715,1.3945687587465432,1.32233127060272,1.8760684623088204,1.218366408942341,0.7714527937736694,1.306871132270429,1.4770543511149252,1.8036828469031378,2.8023610826274665,1.752290266051689,1.8307749258200636
2025-03-14,3.098834716357397,1.206052885082879,1.4741445300783302,1.3978243377719095,1.9336212771739327,1.2544715923529852,0.7955896254387086,1.34293921126518,1.4885205712076988,1.8471764504187627,2.927838944413355,1.7806815975336223,1.8685908243598792
2025-03-17,3.120302700747656,1.230762257031121,1.4976157893861914,1.4200481285128763,1.9652431701030098,1.2630632885199773,0.8019584502067749,1.3606015121379826,1.5021396980997888,1.8619951626532598,2.8984252580425056,1.810929259505668,1.883000365231604
2025-03-18,3.0833075137511963,1.2028056118284842,1.4691846332277443,1.3934144882235697,1.9488948726023996,1.2380920116645087,0.782755078014392,1.3530056400218937,1.5002581185099448,1.8669454441779179,2.80012528016775,1.7865542579797893,1.862647772458243
2025-03-19,3.1165679046050783,1.2476835308348317,1.51786002995626,1.4395047729525734,1.9848035109843576,1.2611782955390205,0.7958978232231323,1.3803734298625918,1.5180882836100424,1.8630633358710331,2.857124692704371,1.7833654155878214,1.8829339969610788
2025-03-20,3.115602035845923,1.2467456112181325,1.5245691089357523,1.445527554324644,1.9841357417430245,1.2586433010321845,0.7940359679069702,1.383094304267499,1.5100552864786947,1.8394776085608524,2.87138012101858,1.7806664463190225,1.8774889132010235
2025-03-21,3.1592827239410157,1.2385647655760428,1.510898733874717,1.4314455673251323,1.9785553595866525,1.2751148555976142,0.8034113417473022,1.3827681468883486,1.4978168968912924,1.8369156723731082,2.939995752885035,1.767913726439872,1.8781080755757378
2025-03-24,3.2228956511871094,1.3010819820677417,1.5891536060060647,1.5058711303744485,2.0173299834575023,1.3305050533515204,0.8294703413810912,1.4086656162181825,1.5173706063029135,1.8802904457800904,3.091777576615504,1.7873738262323524,1.9117423608471757
2025-03-25,3.2394680571929686,1.2910644130980151,1.580964380237022,1.4985585495028666,2.0446084571208325,1.3206391048651922,0.8241933562126342,1.4284650871196718,1.5165480644938316,1.8462570866339723,3.1220264505168713,1.785432143035331,1.9163378482994504
2025-03-26,3.2171537185088868,1.2567839687620777,1.536570009204307,1.4571072479281595,2.0285735419596995,1.3008429729682196,0.8164107336845581,1.4184428405681582,1.5320974800822105,1.8211446133368532,3.0015709161540784,1.7874457187799597,1.8934601695565065
2025-03-27,3.2194432769195314,1.2180905025755544,1.4913282718385845,1.4143999893222026,2.0002589286174146,1.2785613048773994,0.805134002574939,1.4041148338237734,1.5421425347086755,1.8069116852515261,2.973817749955348,1.790549147429862,1.8884316394446863
2025-03-28,3.159396147479224,1.1830114483153005,1.4562810161317974,1.3810280799899273,1.9767917193736402,1.2389361706000557,0.7875677145805541,1.3885362583080263,1.5266303536173669,1.7597409630530398,2.873083844926051,1.7933966690210486,1.8504020020957566
2025-03-31,3.1810666049377203,1.1815607281004568,1.451636260577598,1.3769716163668804,2.0182737864817946,1.2374333706122627,0.7854563414421263,1.420216025535199,1.559197586893734,1.7597966091864625,2.85741678483694,1.817406595626273,1.8628229682034183
2025-04-01,3.1917307967559574,1.2016078533445973,1.4721693469728616,1.3964121597323589,2.0190332442607253,1.2510020504218329,0.788514890941638,1.4216667251506774,1.561651950907406,1.7494660202734986,2.900319792344264,1.821913850417533,1.868084817825284
2025-04-02,3.2458048297302007,1.2443577877318042,1.5182716891969827,1.440085287478941,2.049347687848982,1.2851523296576726,0.8062734625663938,1.4503193508068053,1.570045934366879,1.781396661447815,2.951417590501002,1.8216670917657996,1.8799066144844456
2025-04-03,3.0852740443603275,1.1110136410032891,1.3410389018739846,1.272052331546324,1.8727079928721753,1.1667058437567939,0.7571742789116085,1.3077601142803161,1.5632149254557461,1.6357055248969121,2.741653074814967,1.8175562130121374,1.7872633105482711
2025-04-04,2.900675917758155,1.0192628124510434,1.2093716525758889,1.1467285812411483,1.7279078780497876,1.1079270580512275,0.7089429488029658,1.2245930660167663,1.4777138100382659,1.5669535504096075,2.510889335801295,1.683453470244804,1.682631567882377
2025-04-07,2.89031437333982,1.060489088085809,1.262081950732627,1.1971372505221543,1.7332677836741772,1.114470663855671,0.7166327261772334,1.220154094688031,1.450370237040219,1.5761969862692875,2.536106556870631,1.6609228473810347,1.679634587020348
2025-04-08,2.844571597232032,1.0375011822020201,1.2343008495058205,1.1705413902316268,1.7028683425273268,1.0793503612738837,0.7018997824516474,1.193846947471234,1.435147464823422,1.5145044670813606,2.4723781160136977,1.6582946945337447,1.6533267816995088
2025-04-09,3.090184714831519,1.2044882580076837,1.4305670573915628,1.3565165138278181,1.8598528933848706,1.2261385158759344,0.7770745566215693,1.3066274589458435,1.5051569145914883,1.6689487530463258,2.9190576692363543,1.7340249282983928,1.8269581319269335
2025-04-10,2.988502117098975,1.1323480831419612,1.3337850429262306,1.2648659217868026,1.783134728940901,1.1551791774970281,0.74265650318529,1.251708013908002,1.4998348213908048,1.560894584535889,2.7573021974345964,1.7292039585260541,1.7469025392252997
2025-04-11,3.0016122180358646,1.1575351070677424,1.3626194789613868,1.292541677096861,1.7906852603282302,1.170999370215534,0.7530644972648799,1.2480051109233827,1.5259271645304533,1.5904301794760745,2.79122062165945,1.7551882911829144,1.7780723356437216
2025-04-14,3.0593805076019045,1.1741544048582697,1.384478079577842,1.3132598037753278,1.8062307532634108,1.1969386905890689,0.7683056158867061,1.2607468788066836,1.542559133219418,1.610650008272461,2.818749146439724,1.7749539241937786,1.7953221087137035
2025-04-15,3.113640407122779,1.203978782299676,1.4263653041566993,1.3527992042575057,1.8081410754527416,1.2194739635688052,0.7830573904838741,1.265238534156415,1.5358169228312344,1.5758979391806642,2.8607468995830345,1.7642563869623333,1.7902933724892418
2025-04-16,3.025395582522559,1.1858379406248714,1.4164445644106056,1.3435435371432478,1.7771941710795727,1.1943347950202212,0.7658371268119991,1.244012716666791,1.5167440972086759,1.5573227696173708,2.7146499559184836,1.746565415206352,1.7504987925921498
2025-04-17,3.0360299418823007,1.1902390499388362,1.4246491153444436,1.3515777648959333,1.7751744723643628,1.2022332004767642,0.7698162329521359,1.2441609592357605,1.521955452799496,1.5643601170294803,2.712879583146267,1.7326055790094526,1.7529964655804287
2025-04-21,2.985424982012916,1.1588408352171566,1.3613129466737892,1.291781147006529,1.7218997660960522,1.184963387702106,0.7552161368217648,1.213858642951581,1.4839865792033047,1.5446434191458744,2.6123394494792747,1.6896158702997361,1.7112704041209366
2025-04-22,3.059605242098976,1.201121635082879,1.417774696704307,1.3454385162387068,1.7909062667216626,1.2149850231391177,0.7754807577934445,1.2476932208934755,1.519739992594418,1.5786424422019045,2.6999533029338645,1.7514672878412396,1.755793826349278
2025-04-23,3.14298662599485,1.2418182934080741,1.4712212909425881,1.395701693728941,1.8146916774119703,1.2509464351874575,0.7976513670768918,1.268747583762738,1.5222693291422695,1.6075747523062744,2.8278801301738548,1.7512024845270306,1.7830004888991884
2025-04-24,3.214602828921486,1.2914418331419606,1.5186632831300881,1.4402551086459332,1.85116476663011,1.2897127804023012,0.8178758307304563,1.293333844749066,1.5265975090739101,1.6512255564444578,2.9379329637309834,1.7559179363397748,1.8205309214306888
2025-04-25,3.2987855552093284,1.3151740597044606,1.540454973956504,1.4606776512179547,1.8577261168803543,1.2973968883734925,0.8221399626579464,1.3023290794292417,1.5188882591959805,1.646823014139465,3.0670989732524676,1.7430160507349166,1.8336848240911086
2025-04-28,3.3453624217407003,1.3250143230711597,1.5629470325197365,1.481917106631773,1.8666476901378004,1.316705341742633,0.8336631399955928,1.308410065452191,1.5278596764323087,1.6519640227072754,3.075588568284206,1.7609826790002974,1.834384164283321
2025-04-29,3.3570758170501485,1.3289239803587574,1.561255665942588,1.4800901916537454,1.8707081305827469,1.3209679836493713,0.831749195751208,1.3126320773998228,1.5414795220133632,1.665783538698486,3.1077248933574486,1.7520542041925582,1.8459394572971743
2025-04-30,3.4052066119567646,1.329098855236687,1.5508181262697365,1.4697501632723977,1.865416791089949,1.3371757930976136,0.8403462714042842,1.3108317878643003,1.5520978813883632,1.6736988180869137,3.1013988931438257,1.7738261360315473,1.8466719816246495
2025-05-01,3.354795966281105,1.335404385021843,1.5535675891603615,1.4721924285922219,1.866370147642073,1.32173776819527,0.8314761290397822,1.3111193336406677,1.5425813500162928,1.668532570337585,3.120763817002468,1.7551021236566695,1.8597595160145437
2025-05-02,3.4503020060912855,1.399716457775749,1.6128544315065527,1.5285337890658546,1.8990296214427325,1.3797990459662661,0.8650832785453975,1.331319896689984,1.5601629296061363,1.7148416233771357,3.211804169633083,1.7788401363519821,1.8873662432013782
2025-05-05,3.4443236106292496,1.4009610637938152,1.6040923587526466,1.5199265640292334,1.884683711179671,1.3857376354438053,0.8650162749138056,1.3246522922435728,1.5584167656657066,1.7139634640448604,3.1756071763774676,1.775922459426323,1.8765432684023589
2025-05-06,3.303603040637184,1.3551325252806317,1.5592292178835059,1.4774505584750341,1.8827205767955157,1.3209955257636297,0.8242277167167841,1.329171929542157,1.5543347634074058,1.6796465977423702,3.043623668076686,1.7698482792047654,1.8608583025057563
2025-05-07,3.3589085067168956,1.3759316143309246,1.5627144366945411,1.4811454193148779,1.9111925528849931,1.3424975322943913,0.8358271178093134,1.3551365589061704,1.5596639015909994,1.7119241837256463,3.078658013322048,1.780921197142998,1.8686841933864264
2025-05-08,3.430521919192482,1.400772349194206,1.6001059375490332,1.515597337344663,1.9158950393046708,1.4019229519110903,0.8629097594108759,1.359074752799603,1.5609505730387534,1.7619947239630729,3.1651230859538835,1.773480117431084,1.8817045350552297
2025-05-09,3.4004252456084973,1.3976660335814128,1.5758078021730566,1.4931704238925145,1.9158130790080399,1.385047515509723,0.8535476706352412,1.356733222190472,1.565577806925472,1.727235067056945,3.1735522912761494,1.7748604293970265,1.8793072389233043
2025-05-12,3.5051433230773696,1.4412935985838542,1.6298244022096777,1.5439822387728857,1.9804230212535232,1.4428404140692934,0.8747596152153193,1.4042179225841487,1.5743644463297686,1.820554858850768,3.335669855668239,1.7659626224664846,1.9414135122501024
2025-05-13,3.5934154048339613,1.5050846950804362,1.7140565143312596,1.6233962844882175,2.030960102399763,1.4884831066352113,0.8985727621879755,1.4484813903728448,1.563708416056331,1.8118519745581656,3.4953956201335714,1.7516674270776909,1.9542343368820472
2025-05-14,3.5829863543884044,1.5051706081663738,1.7134525439943455,1.6232438995394871,2.016213725599226,1.4752383327704652,0.8900657347526728,1.4409113197246515,1.5623052696940263,1.7550468817465814,3.5682675363323018,1.734264850249688,1.9567318037576844
2025-05-15,3.602720021762062,1.4896032985960612,1.6903564670290134,1.6017866180453464,2.031543817075667,1.4656730312567934,0.887213591655749,1.452466667930218,1.5917744103190263,1.7755147698157343,3.5229357995769304,1.766457665648858,1.9662892469386126
2025-05-16,3.6338644912139664,1.4999133053099285,1.7133741214479588,1.6234144821200533,2.055107768949446,1.4842437969428286,0.8977372923698602,1.4612243637004816,1.6077185784098467,1.7931443451636346,3.5469369897624774,1.7954266376642385,1.9787438094068197
2025-05-19,3.624943846835304,1.5035898006712567,1.7019109775270604,1.6124158691439792,2.062703607114729,1.4872167324286683,0.8971155714836297,1.4622538268962824,1.621752196573909,1.792561802744201,3.501932847001247,1.8068922203210989,1.9809081982539822
2025-05-20,3.6411060225860368,1.4883597530638348,1.6750670505251073,1.5864995376620457,2.0625472014750805,1.4886466198188049,0.8990789778557,1.4650123119274103,1.6251031578776198,1.8015792500250847,3.4858884927532,1.806179079833428,1.974248286585616
2025-05-21,3.558895133532692,1.4555214138304364,1.6285863635744238,1.5427589401278659,2.019401501783308,1.443904986212848,0.8723986105766472,1.4334926143566096,1.5965552666422684,1.730957323145202,3.4034103585979265,1.7818400207666558,1.9409802634779154
2025-05-22,3.5607360133544694,1.455216193798698,1.630626529284873,1.543521679690854,2.014779788526472,1.4563211132270082,0.8750307066765006,1.4270594230571712,1.5877835228678543,1.7468443798773796,3.433625243546657,1.7717377151636284,1.941746384165936
2025-05-23,3.5506780707732926,1.4509840236937177,1.6388930881227637,1.551036755374448,2.019704425748762,1.4464127468329653,0.8746019308891471,1.4273427181163751,1.5761417092081864,1.6588694296591793,3.40431311586111,1.775499887862603,1.9284925168744458
2025-05-27,3.57276028627317,1.473734539440788,1.6602202991212986,1.5704115814242527,2.0517195880259838,1.4882218456488834,0.8916195738640006,1.457331761161419,1.5981332253214675,1.7243266175025016,3.5037767358562277,1.7904418888239064,1.96858699066475
2025-05-28,3.5709757579223402,1.477438300732292,1.6466411441530369,1.5573997497592136,2.052204130109724,1.481891886542438,0.8871993330803092,1.459434188453289,1.5862733315226394,1.7021520512335808,3.49214645936697,1.7745081230310598,1.9571982366651342
2025-05-29,3.5430013194457777,1.4546348552977217,1.6323220126833102,1.5437603103671238,2.032046591504988,1.4736207882148014,0.8876133566703971,1.434429891959759,1.5901216286417799,1.7289534584754023,3.507545067765408,1.7826175121454397,1.9649237506894504
2025-05-30,3.621497991122413,1.4705099239622725,1.6510269244875095,1.5602870574984715,2.029003106626448,1.5032809108954652,0.9086045355644401,1.4356273231426202,1.596308194803889,1.7183894905798944,3.534604053666287,1.8008076065210499,1.9627263838196665
2025-06-02,3.6485637540551843,1.495734883343584,1.6746556410348805,1.5701765851979819,2.0507071181410437,1.513893844325168,0.915342244519287,1.4527502659545908,1.5941775702477499,1.6849204151091337,3.5459003741511355,1.8098864860884991,1.973782265903449
2025-06-03,3.6825150792810146,1.5128307237976855,1.6847460310495288,1.583406040764388,2.06038110495745,1.5120281186171602,0.9202585172548826,1.4634906376586925,1.5862975180626913,1.6849512775358915,3.582050041509534,1.8135331875197735,1.9850376650240902
2025-06-04,3.655116882106942,1.50426919425667,1.6719572157419116,1.5729660078054035,2.0522132887953406,1.4882812069960665,0.9104694188967283,1.4600755955444347,1.5736720038415,1.6732273960051298,3.5443568240412726,1.80871186145471,1.9845046577334737
2025-06-05,3.5926624570581143,1.4845323519104785,1.6011596174753098,1.5505205762868488,2.0268737349623325,1.4659553982802462,0.8976001974001463,1.4448254017578135,1.569724024105172,1.6818237026152372,3.3845179858454717,1.8059813965194071,1.9749140304172828
2025-06-06,3.6069878560754485,1.4944885622376267,1.634501701215544,1.5768192403798662,2.053955029212821,1.4904260296889376,0.8994737897768552,1.46055918166504,1.5664678900719688,1.708559827035403,3.4715294726618784,1.7979792698256816,1.99519448376616
2025-06-09,3.6073261480066003,1.4891407579773728,1.6475264235055833,1.5796012289052568,2.0529362502211215,1.4864475293227266,0.8991668790712888,1.4548298268066417,1.5654446776391076,1.7213502841887232,3.521288048101331,1.7852876041762675,1.9969926104495852
2025-06-10,3.5296664067956627,1.4700975420349902,1.6397943098581225,1.5638741590505205,2.0258717635267853,1.4697084240981173,0.8837264936342771,1.4194528950439464,1.5684893645287559,1.729044998544192,3.5685377139338508,1.7654064075820293,2.008315202291317
2025-06-11,3.6058023816796956,1.493810013043291,1.6726304487741381,1.5989858198171223,2.071236135780203,1.4909566617079806,0.898300740613037,1.447955899499513,1.5630870139123008,1.7279616260466335,3.5715126574763314,1.777100205265745,2.0025871258746433
2025-06-12,3.6106206212732013,1.5021033113831346,1.6654150099313647,1.5989302656179034,2.088631574928152,1.4965493039198947,0.9002728467836913,1.4519303242431654,1.580224016475777,1.73169331321094,3.573166475225355,1.7915327045790994,2.0105461655216463
2025-06-13,3.641418466732186,1.4975099489563768,1.6724578566110524,1.5925035573964679,2.0939532836073513,1.5003393139906953,0.9103529218569336,1.4532850392089858,1.5701928061486288,1.7226028781828637,3.565751036382582,1.7884052227370584,1.9880683453029855
2025-06-16,3.6922161199304284,1.5159423616761034,1.6940772688424977,1.6233149419789874,2.1137693221205347,1.510613100916965,0.9185672788515626,1.4696204121337904,1.5564709952355429,1.70503452414844,3.622272081304457,1.8040265835158669,2.0069828901774174
2025-06-17,3.6676269025537196,1.506204886090166,1.6733054029977712,1.6074245946889485,2.1097075865858668,1.50546090365134,0.9137036321535646,1.4616011906372084,1.550082305049996,1.6874496532377954,3.565301309514906,1.7955084900252665,1.9898332878511478
2025-06-18,3.6819009275170984,1.5069384889954394,1.6781780500924977,1.6139245664601887,2.1115427931898707,1.5086756604262423,0.9152283452883304,1.45954595687256,1.5444998274804158,1.6911422229704614,3.5998610324152964,1.8004142647139871,1.989533187845294
2025-06-20,3.662690556881112,1.5040420961731737,1.677935142377654,1.6094466001515948,2.1012709731215113,1.503846320826633,0.9144590711489261,1.4613908024536146,1.5453728888512654,1.6831055515227074,3.588419255376722,1.809784341847166,1.9848610264904247
2025-06-23,3.6975493238183677,1.5210129244202442,1.7272243666208182,1.6238041730886066,2.1281617079847925,1.5137582287856173,0.9205574514284671,1.4811761540161148,1.5671201292992634,1.6715680843291039,3.672401111150648,1.8158570053450909,2.004466254826131
2025-06-24,3.7404206052514732,1.5472828371399707,1.7415514601266777,1.6525499448781575,2.1529930541151634,1.524653954798801,0.924776807202393,1.5024072453247086,1.5722950400353473,1.7005443508085962,3.6952345950373666,1.8115537498824446,2.02660996645311
2025-06-25,3.7142493962976157,1.5432348375672167,1.7174200453317559,1.6286642171865071,2.128023808204519,1.5141891522475315,0.9183338849916995,1.4916404041992204,1.5483273314477008,1.677698261636233,3.7087546145686168,1.8082573597304672,2.0277456471071305
2025-06-26,3.776773022243661,1.5704415834778613,1.7311388563669121,1.655965080833968,2.153811793434011,1.535086425501926,0.9301887700930179,1.5186582203613297,1.5488503119469683,1.6919583545622583,3.7223267184504527,1.8062279800765366,2.043610343227019
2025-06-27,3.7441372770044032,1.561179481732256,1.7247572065866388,1.6366715887075032,2.1401693541639917,1.5158582318373754,0.925191731823975,1.5286979649292007,1.550482389736275,1.699932478707766,3.6584829425105116,1.8153651268355697,2.053763658054185
2025-06-30,3.812406247493905,1.5804602953308886,1.746110780195037,1.663509911919173,2.174630136024343,1.5286982541152074,0.9384295026674809,1.5469923420654312,1.5628640082360306,1.7122184604582544,3.6939551898249645,1.839975486408934,2.063583070402311
2025-07-01,3.6822172994348232,1.5288831896179982,1.6575361647165214,1.612523952293929,2.0895451644056906,1.499593232447727,0.9118657270327153,1.4734665760742203,1.5689913840294876,1.7502530612883325,3.6065377642878547,1.8324376499526351,2.0629152654442304
2025-07-02,3.7068937230798427,1.5292535051697562,1.6747001143014824,1.6140032285695638,2.082802075111257,1.4922112271376684,0.9167533674135747,1.47376899001465,1.5454345709801711,1.7375180751738306,3.6791447802790658,1.835762315022215,2.0722672143216996
2025-07-03,3.759156815883798,1.5596745378846,1.7071494978464041,1.6522310049062339,2.1258135863417253,1.5131933758803442,0.9287039770021979,1.5088367283569353,1.5560842558861772,1.7425726734099147,3.717441699529554,1.838144441258177,2.0885995800248858
2025-07-07,3.8223613126489346,1.5693352861756156,1.7084141432321465,1.6736151098256673,2.1667622313612567,1.5359762356825901,0.9387889943972175,1.5262198811279315,1.5568236075402297,1.7150283855376005,3.6798092974909795,1.8276278755538313,2.073034983910851
2025-07-08,3.772957721492929,1.5517453981751275,1.7072702009714043,1.6723329275136556,2.1452376097792256,1.5096631955214574,0.924544819439942,1.5088075077758807,1.5436177695275344,1.732526632302737,3.698279326177503,1.8187142437331527,2.0718997154821133
2025-07-09,3.8107057798120207,1.5713393907898734,1.728427430585662,1.7036596212392414,2.1695733550184833,1.5192495999404028,0.9302585851564947,1.527050487207033,1.5471578909874952,1.7286825397429226,3.7423774005183237,1.819766457401976,2.084324185504679
2025-07-10,3.724344760677499,1.5589758577698538,1.7083706678903494,1.6858595991139973,2.1281286254042255,1.519453211695774,0.923266076458985,1.4943603016601579,1.5571381720543898,1.7423812930998563,3.7745591876276987,1.808670290028319,2.0902023119242794
2025-07-11,3.726047390529794,1.5534312395447563,1.7117778761423026,1.685483473778304,2.119262000953542,1.5111300854750709,0.9248199499025884,1.4936612080322282,1.555920318508247,1.7381400203642605,3.782540478826429,1.8048144523970935,2.0828548084842593
2025-07-14,3.802350204250497,1.5809844210022757,1.762098927167693,1.7319552885060872,2.1691828414076437,1.5330761990614967,0.9382520345583503,1.534190587304689,1.5622824728966749,1.7254711887297391,3.8129402407893194,1.810681372868285,2.0868290724354055
2025-07-15,3.7805029241296477,1.5774519487732717,1.7566496870553885,1.7176486890798175,2.1671383284681904,1.520576632411106,0.9323283887758795,1.5283780644165055,1.548710143184761,1.6682617786345244,3.8382620959528935,1.7864944607131337,2.0779116090059713
2025-07-16,3.776575109646005,1.5800678881043262,1.7726884840524588,1.720387865257796,2.178960595619069,1.5307970334120826,0.9329477407351081,1.528161192773439,1.5534660147667922,1.6733659091887239,3.8792134738215465,1.7874563866011952,2.0848584294711427
2025-07-17,3.8165909726831146,1.6036257631653612,1.7949950117624196,1.7428036420827473,2.183888883888112,1.533389198023899,0.9395336233034676,1.5537903111206068,1.5658761275292434,1.6739734966215851,3.9086451281794563,1.789676340519652,2.097617214198031
2025-07-18,3.8698367719384854,1.6128696367615525,1.8145101973092945,1.7552564077382649,2.1914320525282487,1.5392842572280006,0.950565256299073,1.570290875695802,1.577279234981636,1.661816353982425,3.9249950930842417,1.8132882873885485,2.0960808505691624
2025-07-21,3.8309039800378506,1.6119438631409468,1.7958335188424976,1.7483019224172198,2.1781439040297137,1.540349921900852,0.9440458448305671,1.5555283543334975,1.5827100050927199,1.648930305093265,3.9127049731501597,1.7988651485793445,2.1000553206329498
2025-07-22,3.77621575524537,1.5936101076477829,1.7592806471383962,1.7083485715871418,2.100423896705495,1.5159334897109107,0.9247916211977546,1.5212058216796889,1.5918693648339306,1.6643075046477083,3.882029390264418,1.801327448689208,2.100355832864086
2025-07-23,3.9765425855371177,1.6313571932190718,1.8299858961618334,1.781591435051497,2.1720452742689713,1.5436293423720435,0.9492955190554206,1.5895065724121107,1.5771664534569776,1.6831534435209992,3.9319521380671523,1.8114838745467516,2.1182245621961413
2025-07-24,3.9658927167627036,1.6307923845642867,1.8022040693796069,1.7873427602773273,2.1644901396864515,1.531240433985813,0.9446035985842292,1.58528111312256,1.5831410628319775,1.6725455234465363,3.9006155947932264,1.813721787296996,2.118925963514768
2025-07-25,4.027437402889412,1.6642784563416306,1.853337205365935,1.8237460996633137,2.2049302199476823,1.560731222254856,0.9483628110781257,1.618410669396974,1.5815585333825146,1.6839516956267118,3.946681735540297,1.8357903896682117,2.1278770233047473
2025-07-28,4.027965626308602,1.6686073686951464,1.8604373915231616,1.8318929830556476,2.1963125395887957,1.5515675686904027,0.9425588170900886,1.6193178242431654,1.553002197933296,1.6684485477385282,3.976415246892836,1.8236980186812735,2.1273427793382824
2025-07-29,4.00603736550538,1.6420340288513964,1.840289646772185,1.8067615407949054,2.1886789824598893,1.5279957440444065,0.9509342199221199,1.608835181115724,1.5842308714867626,1.6571915409025908,3.942923340154555,1.8356873245589589,2.1217315687892726
2025-07-30,4.0871276258203215,1.6600025606507127,1.873757792524138,1.837231844139632,2.2255534697645767,1.5370459347792698,0.960566377820069,1.6513254948364273,1.5778413901330028,1.6493875919279815,3.964014561773207,1.8339269493453358,2.1190597306190253
2025-07-31,4.098654126522225,1.6297881044739548,1.8440781996286302,1.8376108121877277,2.230406545936452,1.543303449732883,0.9480423032656257,1.6306186360107437,1.5762172041893994,1.6054597461638214,3.9608258914240864,1.8240671070449208,2.1111105843788085
2025-08-01,4.048413751003427,1.620683888470537,1.8289349592721849,1.8041688322072589,2.206917126380788,1.5325928631850316,0.9440493230715339,1.6274413975463882,1.5833188170434032,1.5943700023588898,3.8733724032649066,1.8137181473128652,2.076508394143436
2025-08-04,4.128431548854989,1.6549919634217087,1.8513361036813647,1.8520037878041824,2.239346328651296,1.5690527096816134,0.957496848095948,1.6461779011474622,1.601986576747993,1.6162914432463409,3.9747955538996718,1.844620253788695,2.1080712473689753
2025-08-05,4.281324109432382,1.6699853350037401,1.9196920454538255,1.922224323845442,2.3416786116713153,1.5935679623671601,0.9714953367128915,1.7015669102417006,1.594004129695991,1.623771568673587,4.017489271856215,1.8364462589614245,2.0973832763500617
2025-08-06,4.133283952877206,1.6604603914612597,1.961621092084685,1.946742976189192,2.372349497901784,1.5705614178725313,0.9327866102114265,1.6886158024536146,1.5971423430443799,1.6019189586577178,4.110676018072036,1.796349754749999,2.113448520070016
2025-08-07,4.161131861660165,1.6775536409729785,1.9598138899362474,1.9061079572682935,2.3642139266127216,1.5878054089613984,0.9463127797976082,1.69121470687256,1.6217480879784618,1.577896149056888,4.153632982183364,1.79721036990808,2.111678424705819
2025-08-08,4.1698312917443925,1.6846287752503224,1.9690201094186692,1.9094486433034497,2.378744554054128,1.5998227215834686,0.9544170759096686,1.6872143528686536,1.6224491171837843,1.5912925304350618,4.238039422918227,1.8026404232375475,2.12814414528798
2025-08-11,4.135752685711067,1.666557283245928,1.9571771925485522,1.884318263817366,2.3539054518812765,1.5881391858168672,0.9501389512911383,1.6686942005859389,1.6256547240258252,1.5852427455839877,4.223697093511489,1.802239493405089,2.1239359434888643
2025-08-12,4.119574559566658,1.6924626436585257,1.9567953383005052,1.8914952314382156,2.3089855834120385,1.5887302441664763,0.953885105694825,1.6695696552978527,1.6206326674462355,1.6157746097502472,4.276244452215102,1.7977169941298814,2.1465473246991413
2025-08-13,4.0785937841149975,1.6766036394471,1.923014143232146,1.885467507744368,2.2795394881361597,1.5778971386977263,0.9466885312929695,1.6383970326171888,1.6217312384606397,1.6489699520048857,4.2504888079890275,1.812859714924559,2.1538952403644442
2025-08-14,4.023821740123909,1.667290620648272,1.89629711747531,1.800616754723128,2.2569098036879174,1.5669805508681365,0.9388301431551521,1.6173002140747084,1.6053477042199171,1.6510909763273955,4.228463103032973,1.8173236109130233,2.1540955818518683
2025-08-15,3.985229252025764,1.638093841778643,1.871219462446013,1.8031794378285966,2.2457961806410425,1.5524259717055389,0.9252995355501716,1.5919121556030287,1.601483128261665,1.6874975841459987,4.182045099187758,1.813699615704283,2.1490522116298685
2025-08-18,4.011416081783454,1.6347238314026664,1.8883738600290207,1.8120314291005695,2.2625053954237573,1.5431543042250702,0.9248681257143562,1.6102283406005873,1.5848499381066359,1.69461104468677,4.175388110662367,1.8149123333327621,2.148584748159212
2025-08-19,3.846323430416267,1.5825965792054009,1.8092792067087082,1.7389683950429524,2.1791845885389916,1.5090945721694062,0.9017717664614264,1.5503227711425795,1.6088746100426712,1.697151984780764,4.031537315679457,1.8221790623061507,2.1369282538384398
2025-08-20,3.8448185327264475,1.5764135942810846,1.8014847456491379,1.738733854485091,2.195858862220632,1.5171181439467498,0.904360677517945,1.5490652867065444,1.617328298854927,1.6996249607023948,3.987940202642348,1.8352199709288923,2.1312502627936216
2025-08-21,3.8431205075952217,1.573833021771319,1.8027852919137863,1.735391658592757,2.199155348121511,1.515395322901828,0.9057018163576667,1.5504757557617201,1.611492740535835,1.7021806377348656,3.9741724917658834,1.8341563576094955,2.1227002982037733
2025-08-22,3.856500465557258,1.5762251222962214,1.8266878523385908,1.7568238004689773,2.1943165175551047,1.508326670558078,0.9026498491182867,1.5503493626342788,1.6098405844689405,1.7296573062834495,4.05790770905104,1.8404818090789166,2.1552982491143378
2025-08-25,3.8481272016259838,1.5694305086487605,1.8252626448190596,1.7409139493947587,2.1691523635023704,1.495463975245578,0.8992908117189947,1.543762491296388,1.5888033034325635,1.6989654399809595,4.065401846624282,1.8327026466719953,2.1458125331326108
2025-08-26,3.921208168575447,1.5971565691346001,1.867980262616911,1.7802592901235186,2.204589268409597,1.5097474835463593,0.9111983716860358,1.5789756092773453,1.5905412360192335,1.7106530002531763,4.109304347539809,1.8378367435805647,2.154796983170494
2025-08-27,3.9058314100000073,1.5963629869812797,1.852386689618864,1.7686182027822102,2.188701968299734,1.500692998988254,0.9063434575930183,1.5724820301757827,1.5941753478051222,1.7151933124480008,4.093877575994399,1.842383853947386,2.159706586288236
2025-08-28,3.954363705227058,1.61098013175667,1.8662051832712079,1.7948517248159015,2.2134552855604768,1.5035719937392305,0.9132905889406746,1.588491417382814,1.5826265707970655,1.6646465290007353,4.09846681854811,1.8543587570540754,2.1673550141846754
2025-08-29,3.857087959072273,1.5864163942688772,1.8180005781686688,1.7630261953359212,2.173061025916922,1.497938961512668,0.9039506231203621,1.55040491378174,1.591340523433784,1.6917724529204128,4.029511047674087,1.8397374138228744,2.154429484330908
2025-09-02,3.7859432129018153,1.5860419184662649,1.7970367481235456,1.7441285142956975,2.144478569418067,1.5004449859263733,0.9047992477190322,1.5177074423243366,1.5817717878803128,1.6756461778927394,3.9931549392578587,1.827572610852879,2.138464823579949
2025-09-03,3.8227776176564543,1.605580634591753,1.805427331924815,1.7524852701245548,2.144629542928809,1.5076204497935608,0.9207188689958877,1.5292295256068071,1.5772459829791898,1.6817679193783353,4.022399743640182,1.8613213973976785,2.1500541251796306
2025-09-04,3.902265268718466,1.6506022013642139,1.8290451145175883,1.7755915872632264,2.178961345296973,1.5390891280772523,0.9484617515337296,1.5518744947840533,1.5772545973285552,1.679087418966348,4.0529924026367645,1.8750216594673808,2.1680232313680388
2025-09-05,3.96137318726705,1.6553394618012254,1.8059000995639751,1.753244346052289,2.13644478951084,1.5311747848155335,0.9506093238603898,1.5299790144373737,1.5739281267627594,1.6828571543026518,4.024074958789108,1.8707663726784403,2.1617440097483067
2025-09-08,3.972685674297079,1.6759491435028857,1.8302556278232525,1.7767570222913027,2.1602237491666014,1.5464207641246155,0.9591172698747942,1.542231619875606,1.5711953924640534,1.6566016550350737,4.033972955310104,1.8549496028877908,2.16705470806618
2025-09-09,3.9082431846730556,1.7019534892060106,1.85353637886085,1.798926419263959,2.1794662723599605,1.5832955489756897,0.9770222694170305,1.5446225332667196,1.5718009256824372,1.6540063774395537,4.067758302294967,1.8683036392189674,2.1720644819276345
2025-09-10,3.980553350078329,1.745153887460405,1.9226290958408305,1.86693335133183,2.2110090915738274,1.6294570968272521,1.0008548225176166,1.5900942434717977,1.571881834267032,1.6393851419735503,4.100825050341842,1.8759112571694068,2.1783434974347253
2025-09-11,4.045866224681601,1.7521659220673382,1.9134224094394634,1.8577064828931094,2.2215502262173823,1.6328727676036192,1.0081819289934466,1.5947268843104208,1.5928516146167635,1.6674855028439115,4.150195480334518,1.8986514362312963,2.1964461646147497
2025-09-12,3.9764093277089443,1.7655401698090374,1.925041868973155,1.8682692270337344,2.220949269491308,1.6367660400035215,1.0057430282366107,1.5775518217493856,1.5894696379169344,1.6484576765347074,4.28295422514653,1.8968366130806615,2.195710960822937
2025-09-15,4.105107226573691,1.814500739572221,1.939906325149913,1.8826473184643986,2.230582393270605,1.6669147231700254,1.0347842124712299,1.5840010771204793,1.5822670916065098,1.6379863443661284,4.3329194656250465,1.897675847623508,2.2074008453916134
2025-09-16,4.075215425121054,1.808529708383256,1.9198680332187608,1.862966826826215,2.204079629903906,1.6583070510508848,1.032239752174599,1.5602979017664755,1.5655517046436191,1.6458256864834377,4.337167350756882,1.8904932670571017,2.204361714494422
2025-09-17,4.044234063731894,1.7971599101044475,1.917061211014171,1.8603396852551701,2.2060696964322264,1.6539998153331115,1.027164619423134,1.562396582644161,1.578796159218204,1.656746932058389,4.320167881762742,1.8954105709053681,2.2016230958283667
2025-09-18,4.141600228893027,1.8348653956391154,1.9507846027378037,1.8916702119885684,2.252018608480566,1.6831041808726623,1.044163204933388,1.5757888891627159,1.5716386599048495,1.6691346620846341,4.365141856372117,1.914374287412326,2.2119097655345077
2025-09-19,4.1681605774037696,1.8815546961762246,1.9805606693271591,1.9200928766309024,2.2843527454434565,1.7268760848643614,1.0676267684709857,1.5922637052943078,1.5726425341113923,1.6683690069485257,4.458379553210496,1.913983401487033,2.2228652707619365
2025-09-22,4.203584734355673,1.9318934946991737,1.9895249668125106,1.9299436174451114,2.2924044513760737,1.752845756495221,1.099549095131142,1.608514978640255,1.5763514845355866,1.655666855459268,4.524917634570359,1.906984527204196,2.2333817560632196
2025-09-23,4.089828668987021,1.926261020944291,1.972700593948741,1.9120323000012638,2.3018977649747066,1.7598885512950255,1.0953694930803608,1.5875040716578332,1.5862663763507723,1.6729163812923977,4.483389125048875,1.9177773906685514,2.221224408023887
2025-09-24,4.083303096019492,1.9021788462616738,1.9397216648105573,1.8804644907056094,2.272084521871679,1.732996810877545,1.0812799270403217,1.5638986463953821,1.5879337294086335,1.6627760824490139,4.495918817126512,1.9132233665444058,2.214157217776148
2025-09-25,4.085521268474326,1.8742282801605996,1.8973258411411236,1.8394945848523379,2.2336103839932613,1.713153210413678,1.0643354881059954,1.5300790213038293,1.5816795591815829,1.6518529520321439,4.4609503555176255,1.9007419021584195,2.203942275269208
2025-09-26,4.138419522868857,1.8706614054657755,1.903038544083018,1.8453935266553165,2.237737723165625,1.7118845946910217,1.064575379921181,1.5415639799525112,1.5962266554340243,1.6589201540279934,4.4983241927979,1.9204558456398646,2.21656894179297
2025-09-29,4.22642338486837,1.9303383341767126,1.8980155857089944,1.8395618936597111,2.250655592733496,1.7264838119151427,1.0937219505083393,1.5326685804774134,1.5953102930530427,1.6804943990994046,4.530456591784716,1.9188092777229946,2.222798284153487
2025-09-30,4.222446520244346,1.9707782130219273,1.9092057361606547,1.8499052026807072,2.2700171588956057,1.7598683425547912,1.1171935394060444,1.532025132601437,1.6034817186817047,1.6661168718624662,4.580799571215868,1.918696300122897,2.2311711979843873
2025-10-01,4.382222897350059,2.0599014521576695,1.9114028110507917,1.8518103731213813,2.2558752552090824,1.8065717239024472,1.165893230415566,1.5229099615504116,1.5851471834644197,1.6582674581814358,4.638007943713427,1.9378942821480434,2.2387740749870813
2025-10-02,4.417071148692832,2.065058884713822,1.9305318210605573,1.8700084863721138,2.272330109029883,1.805739176905377,1.1644081710588765,1.537981303255734,1.5751384714588046,1.6651095987606594,4.599753022753955,1.952100002668063,2.2413525441307818
2025-10-03,4.426497633373008,2.028399964425736,1.888419032669444,1.8307685480176217,2.216285329061621,1.7679977355601622,1.1577444839250874,1.5240567594935268,1.586790664909732,1.670373978643472,4.511864628588916,1.9548343482948942,2.241319359995519
2025-10-06,4.423495224010215,2.0100405299164588,1.913809825516124,1.8545803651868111,2.2457483997403322,1.7763786620738338,1.1419883605730365,1.5345969091822476,1.5902846167072173,1.6515951891232084,4.605231054675342,1.953314775464694,2.2493573407841723
2025-10-07,4.344887438976035,1.9554730524994668,1.9181385379795028,1.8584686647473578,2.2532173404751954,1.7478798049571345,1.1097954940569232,1.5303356909205288,1.6032081854328033,1.6388525820065092,4.56021830748296,1.9485827407814664,2.241017817201176
2025-10-08,4.450815119182334,1.9778258204438026,1.9565846088413192,1.8961855188428167,2.2659341861783204,1.7682490264537165,1.123190112282021,1.5523377363612028,1.597106623314273,1.6382677549648834,4.606730972277882,1.9417423320748013,2.2543811303052403
2025-10-09,4.48486935273336,1.9620151957489784,1.9721460163120224,1.9116999490796331,2.26471655312168,1.7601453948619195,1.1128559585344624,1.559381089632687,1.5887201868518708,1.6348858965206696,4.607819531237843,1.9270436130501432,2.2478502451503797
2025-10-10,4.301274016582236,1.8949078669525918,1.8707817676547958,1.8138512628613717,2.1806919803677736,1.7002085357310601,1.078690412117226,1.4944064238001675,1.5974846949085115,1.6292015264797761,4.410650164782765,1.8907860671974823,2.1870956585257706
2025-10-13,4.4014896972768165,1.9616194331147008,1.9548028141025497,1.896102787214399,2.250815071493262,1.757625770533306,1.1188252967607808,1.5615605284144254,1.599029480980289,1.63996397917753,4.5108753097412615,1.9188594661690397,2.2206547126831038
2025-10-14,4.341672033702598,1.9319893290497594,1.97204081611671,1.9120087358533149,2.2772088962613286,1.7473951400401422,1.0970341010820697,1.5761681662012905,1.613909757088077,1.663585957174356,4.468743542468312,1.9384318981148405,2.2179418580972214
2025-10-15,4.493069647227989,1.9740606821991733,1.9694135852817491,1.909230277448774,2.2632187686978518,1.767164154017193,1.125302637459023,1.571344988863644,1.61049627632941,1.667352792959268,4.486465220629933,1.9415106426216766,2.227788683426651
2025-10-16,4.509987496196494,2.017964232919388,1.936044853592296,1.876783223920942,2.224361114889258,1.792790066492779,1.1545929313433003,1.5359234297205775,1.5840354921802402,1.677423140173013,4.4632977920410655,1.915430759618442,2.212616731894451
2025-10-17,4.463392953502402,1.9856845576264193,1.9221318225864368,1.8627077508984813,2.22346316261875,1.7561758208873102,1.1331586745989155,1.5246023069788783,1.5910929972156407,1.6965063463497707,4.514958116137745,1.9331554975487397,2.225176205697122
2025-10-20,4.492666991435752,1.9678073359467319,1.9191306919101672,1.8588987596570263,2.240471773153418,1.762163665735943,1.1223929061662983,1.516088402407345,1.5971256578906896,1.6972129579830715,4.58844963988042,1.9471374593712496,2.2483191514095253
2025-10-21,4.434261647044883,1.927385772226029,1.8979394123081164,1.8376829141675244,2.2479100254117186,1.7149268478038142,1.0938175628435443,1.5132853239466517,1.593778436134708,1.6928900266933986,4.572674722277881,1.9467692171074555,2.2482853489363386
2025-10-22,4.384109826671348,1.9101176798798376,1.8570846439365345,1.7987748964368115,2.218187033468359,1.7149363204600643,1.0987201011431047,1.4949080694605676,1.598895372627628,1.6899547098446437,4.518460436999561,1.9383822545983003,2.236596907156152
2025-10-23,4.546667267619834,1.9805186198212434,1.8874716663364368,1.8283081483899366,2.2409119205533203,1.7796318404795952,1.1437339607012103,1.5101008291651574,1.585261952064884,1.683913879232461,4.581120332324268,1.9427054115273164,2.249859843403863
2025-10-24,4.6878287254445405,1.9901556162812044,1.9217621189121206,1.8614432581006297,2.2491056980191404,1.7698051543834037,1.1413801109087298,1.5291848143030968,1.5830215162738683,1.6934856012631008,4.6011558700439945,1.9637514438606904,2.2682469460289965
2025-10-27,4.601447572337851,1.9617401988007357,1.9277698490146595,1.8665404565869579,2.2679881504117185,1.7586423370005912,1.1233987891924213,1.5291928205897178,1.5833150438770176,1.7129928293514796,4.727130470263721,1.9749631574608493,2.2950069624850298
2025-10-28,4.605093099223838,1.9380632441498569,1.884506412125011,1.8239476816235791,2.22298749275791,1.746301049769146,1.1115529182207415,1.4640886900355188,1.5654882055744053,1.6952140875149317,4.811025205981494,1.957410874364536,2.30110253774129
2025-10-29,4.770008831798301,2.108575245187454,1.9300975528720816,1.867635482984663,2.2317335422574214,1.851777432215435,1.2013925651323627,1.470196817629513,1.5387811983569981,1.625893633108194,4.890978829943897,1.9057519857384375,2.3022077137243855
2025-10-30,4.635618811809287,2.1008525141693877,1.8850601398471794,1.8240122865735302,2.219247166830175,1.8553095351817435,1.2012706245195697,1.4465905249049036,1.5443020632251623,1.6342881807613923,4.778621456897022,1.9001252170540504,2.276887806293695
2025-10-31,4.76718114091085,2.1379134394623565,1.8999440128330192,1.8379533800183545,2.239562564474218,1.8450872527720754,1.21468011090873,1.4494402639796107,1.5236186251148107,1.6424773111630036,4.830899644458056,1.9082941833473852,2.284356503966848
2025-11-03,4.804066200267539,2.2022500529267117,1.9172796131137808,1.85443172093022,2.2302762073575186,1.8819534637095754,1.2465423713457418,1.4408090910364955,1.5150229681476477,1.6405994139004303,4.9090268722412596,1.9062905435539892,2.2886436469076137
2025-11-04,4.609219650279746,2.08776442518013,1.8261261997226674,1.7670884126721633,2.136823158651464,1.7826225082042044,1.192458823372109,1.3775637274195522,1.5212630999072911,1.6365672308254793,4.726294718920947,1.8887076833702734,2.2615151010487873
2025-11-05,4.657860508739219,2.178670525643997,1.8636570774082144,1.804020530897261,2.1517928897916008,1.8454403747203174,1.2513327247392967,1.4104151647974819,1.5120807676776769,1.6304845686245515,4.726874769580127,1.9037133857704807,2.2693521220120916
2025-11-06,4.627074308025108,2.1697645258881377,1.7774613864902455,1.7225689981518997,2.058622882467382,1.8225621535899463,1.2599815070879294,1.3629887998988002,1.512550480125797,1.6242798158932283,4.5705532745239745,1.908522304914157,2.2450034173475975
2025-11-07,4.684593629466759,2.1909628138520048,1.834582100296398,1.7779774522839797,2.1133311420499017,1.8482113677623093,1.2707190360796288,1.406340393679318,1.5232603521808505,1.6277057215023591,4.541669116198779,1.9054126890160248,2.247213769313788
2025-11-10,4.88146193314718,2.3191733256317892,1.874040854263683,1.8139535104810012,2.1870766086636713,1.9391479323985397,1.3325255561601952,1.4174898573328822,1.5217807402118564,1.6344323728848054,4.730809819018604,1.9232279468514129,2.282280125217555
2025-11-11,4.844081276714074,2.2905812403656762,1.8297373264316519,1.7710997339307084,2.1589564365445306,1.9271818709971726,1.3189485374224021,1.3846947645594447,1.5346382761463044,1.6511620195675445,4.699930363452197,1.9349510585762661,2.2875046684513305
2025-11-12,4.912435269176232,2.264535506723098,1.8353394992832144,1.777173388105513,2.1535759601651363,1.9135257705333055,1.3098474479448632,1.399647787325558,1.5434229681476472,1.6547303995419096,4.6438490859863775,1.9317784757591885,2.28877741401187
2025-11-13,4.78335679703878,2.1418295313813016,1.7624443943027457,1.707602504926802,2.07807136574375,1.8131199691417041,1.243113968635781,1.3559932188441126,1.5329910337909578,1.640139629201944,4.465806736743213,1.9032879922844572,2.2507974498095136
2025-11-14,4.778255659496056,2.142254964730911,1.7799594501499134,1.7248287271558058,2.094461201864356,1.807104411280376,1.2387279563677145,1.365090118258175,1.528754928444278,1.6531967371273588,4.5058541046021,1.8915092220284146,2.2504293326320033
2025-11-17,4.740590030681358,2.15729871625679,1.7570547168735462,1.7029185876904738,2.064528793722266,1.8001474700572315,1.2478835624468163,1.3475202619959679,1.534857031105411,1.6263663645077302,4.464636669909717,1.8925938299156828,2.229463142525245
2025-11-18,4.676783866893516,2.0834824549652864,1.745512076187511,1.6916577081738722,2.053448041158789,1.7665679305674855,1.210991689277871,1.3494276213099328,1.5342740839465976,1.6371685110378815,4.379398142993213,1.893722750089328,2.210741312970506
2025-11-19,4.7636460624806745,2.1178628291107944,1.776103514480968,1.722466175275923,2.0867449039517583,1.8079434280040088,1.2406216438066795,1.3843480665613976,1.522389439247501,1.6266364836025788,4.393459333789111,1.9013207839943573,2.2192817963788505
2025-11-20,4.480103307353722,1.9658232142426306,1.7080901309970815,1.6569577905713333,2.0155864368497074,1.698117794764263,1.1550781501543357,1.3439651213099328,1.5171587007984042,1.621197888021524,4.274292341601611,1.887060385511081,2.1854547957877193
2025-11-21,4.5038008026234975,1.9592198466278847,1.7130187229160267,1.6612438730298296,2.0382242694913093,1.6993039397837941,1.154490401436074,1.3598394056727257,1.5304549108966705,1.651138796072061,4.259172529589892,1.938744400212924,2.2072246190832296
2025-11-24,4.650212623607384,2.0766634333588416,1.7711682361606556,1.717482191663863,2.0748771595059576,1.7836845428111379,1.222912049080117,1.383102431338009,1.5252615404590484,1.638468787603433,4.396964547717334,1.973951672551791,2.2397114752800884
2025-11-25,4.826634893047082,2.1083313059784707,1.7796886844638782,1.7250192102490682,2.0988972797452154,1.7962099380137746,1.2389540794145897,1.3967136228968469,1.5278593252643462,1.6431302877712795,4.393735737597705,1.994883250043551,2.2607780422432
2025-11-26,4.890764232646692,2.1693219965912633,1.8264570697788194,1.7704770151196738,2.1388561771451178,1.8480554305674854,1.272873538948281,1.4291524427821005,1.5388234171375152,1.651183156805093,4.449489198291064,2.0023802003838216,2.276385509786642
2025-11-28,4.998717248546351,2.2115059138275917,1.838997592544933,1.7827259904919883,2.150786439901465,1.8729683639170949,1.2971762168657617,1.435152130739864,1.549281907890689,1.657101828222329,4.471520391833545,2.0045974054314293,2.2888110103724144
2025-12-01,4.968326860057581,2.191057084176713,1.8203250385288197,1.763770495802047,2.143622136312598,1.8476308242442434,1.2833648078691797,1.421173973696407,1.5215305185779449,1.6452606096554345,4.486191555773974,1.9916760948158898,2.278361511679581
2025-12-02,5.0462002623245175,2.183049805144605,1.816254589809467,1.7526497123945612,2.13356700087645,1.8377460793473401,1.2934603015700492,1.4214725883488686,1.5102829610106614,1.6428825616317209,4.513851273362666,1.980555838291665,2.282581668011897
2025-12-03,4.953669278781121,2.13363865802699,1.8207992766991157,1.764370468925323,2.1489619120702974,1.7958469822861831,1.2853689994612847,1.4044802669529945,1.5032502293822434,1.6685320905166083,4.534949710862666,1.9784654036450586,2.2904856755836507
2025-12-04,4.964109644381708,2.148175779609021,1.8452461501732367,1.7994124824751276,2.186406821738266,1.8092055882432145,1.2754648795882377,1.4048375087742837,1.4915995915648605,1.66380125708155,4.584271613328486,1.9754896506238184,2.2921601346822458
2025-12-05,5.215018141429132,2.2691644448083004,1.8899510055199165,1.8357218300093072,2.187138953696274,1.9112572510697525,1.3308453365126764,1.4626230743413002,1.4841935551879075,1.6618645139174872,4.601084552781611,1.9732238367963038,2.2965140581188197
2025-12-08,5.266857575671382,2.3114158068459587,1.9280916122093696,1.8679373390425105,2.211943043051743,1.9466139340378923,1.362583880595318,1.5032672443394692,1.4711580716368822,1.6602327565627508,4.551771546189814,1.9765207938122948,2.2896148496738076
2025-12-09,5.3073567454025214,2.334510838393505,1.9309023818626898,1.8674755516279598,2.2003195551977393,1.9657282822587172,1.379521079615704,1.52449464263964,1.469163329815593,1.659607738252204,4.554001920335322,1.97133240803959,2.287638435555586
2025-12-10,5.553109518305964,2.452788654021557,2.010077362026264,1.934115145133819,2.2501287684545748,2.0656253792740977,1.4379298373976865,1.592429741669181,1.4757211743590501,1.675584531159919,4.565572922532588,1.9884812575268944,2.302810799313069
2025-12-11,5.571398415248103,2.478759145812328,1.9898000526085393,1.9161389442671197,2.230007274924301,2.087740767762867,1.4422706867018857,1.6040386207585364,1.4884912507292893,1.7031858930068429,4.5212157051253605,1.9626432574200832,2.3081693157637435
2025-12-12,5.241713459460444,2.347338743857678,1.892227392543842,1.8053605736006157,2.154603191672348,1.9759235287644543,1.3946427184859431,1.5319976902012855,1.4949744549986983,1.6811945416884835,4.497225446336298,1.9638365382123197,2.2833517048401033
2025-12-15,5.161324056307977,2.313505512885388,1.8614814094200627,1.7626919792402642,2.1278331645117037,1.9472865727402844,1.3820524909773981,1.5246322185521155,1.509713097881999,1.675207751222175,4.526908875291376,1.9609233572888578,2.2799019975612764
2025-12-16,5.1527491724655095,2.3075420899193846,1.8845943992271916,1.7939496299971,2.1536762766943207,1.9426072007157482,1.365805416468731,1.5145977706913978,1.4889717770812179,1.6605460523086009,4.575102310960322,1.9410975348401274,2.273672655200759
2025-12-17,5.001745143954461,2.2671349974434936,1.8088238174095645,1.7163827064741508,2.0770684321508637,1.9081928654648936,1.3354013877669486,1.456441781235221,1.5031988644835614,1.670199352784675,4.446658850877314,1.962535043232461,2.24865408445177
2025-12-18,5.192280827395623,2.36865181339198,1.9041484252586856,1.7790816856611626,2.149660174094223,1.9938153126694833,1.386041129283062,1.5285155239110022,1.5008596371886396,1.67029090551905,4.5345320411849315,1.9404211718487943,2.265634262186823
2025-12-19,5.40871993605346,2.476709107474621,1.9778992637291446,1.8353255729902644,2.2279480204687343,2.0851069043137707,1.4333533736983453,1.5823951206212072,1.4875311414000654,1.685352967591804,4.574115760057002,1.948736595051309,2.2861688524225254
2025-12-22,5.473618014590447,2.5092081534188346,1.969793822444965,1.814030805229034,2.2315294367895353,2.112558818528859,1.4512441856185114,1.591699937057975,1.499539219402995,1.7005170812087476,4.605930039231807,1.9626117041516506,2.3004114420547297
2025-12-23,5.51579259897918,2.5323422898095207,1.9666581733360782,1.8186497184980768,2.237529880820297,2.1320902878739516,1.4619431865492976,1.5974992324833899,1.4983820340392255,1.6933001340346752,4.648865778367549,1.9578266531872952,2.310925247891675
2025-12-24,5.590804664294427,2.5739735903542593,1.9902870803490176,1.8271433449018852,2.249879001914047,2.1672109982468766,1.4798720779219783,1.6210749805455238,1.50352636387321,1.6978201261001047,4.6530851478743855,1.953482968800088,2.3190543304678193
2025-12-26,5.57774737745971,2.57267213848048,1.9749689460411564,1.8165067695845023,2.2299065608129727,2.1660451825120135,1.47953511960899,1.6202349658970863,1.4978555089232588,1.6956130490737376,4.632347937791378,1.9451558794903958,2.3188191559440012
2025-12-29,5.590946732394402,2.555520100287731,1.967002301754047,1.7921075676191702,2.2059825114355314,2.151739972398488,1.474337409190289,1.61882996635485,1.4999945004698898,1.697183987184089,4.583018195359737,1.9537689654278958,2.3105556879256754
2025-12-30,5.564194735972587,2.528398217086132,1.9419753951683536,1.7704217521894827,2.175710494528793,2.128895074556081,1.462568738917462,1.6064702239995032,1.5009343503234054,1.702799635835212,4.577465949265988,1.9633399382519925,2.307734211977784
2025-12-31,5.482628473727409,2.4947510512154656,1.9029643211021914,1.7395763633955375,2.1408481364355314,2.1004681523301287,1.442144489268414,1.579879233932975,1.4947626996276047,1.6936052640395578,4.547918259446652,1.955021662037393,2.2906363439245014
2026-01-02,5.931495994059746,2.6740909363549306,1.9841995994225037,1.7757554481733693,2.1917508692846526,2.252695881746022,1.5193989543715636,1.681367463684562,1.495733682751384,1.6819760205703196,4.524958344285519,1.9714901598859036,2.294835064542114
2026-01-05,5.91386094347686,2.6737207447808338,2.019155467952777,1.810816764091338,2.238138100729965,2.2522109414078875,1.5373739322463196,1.7024888710026773,1.4889882882353929,1.708969873567146,4.553493225877316,1.9378694636273588,2.310118935238585
2026-01-06,6.610808066050711,3.0131874169152324,2.1994322051659116,1.940612009452666,2.337291028891586,2.5400400147416273,1.6553076366225408,1.858257012939933,1.4911429280516773,1.7397118550734936,4.490562003343137,1.9195832060742584,2.323857785575249
2026-01-07,6.565681396166982,2.9771747744362895,2.110218429531146,1.859657222770537,2.2597575892553556,2.509416390702931,1.6210419067183657,1.792637327957633,1.4888759579894215,1.737991501374763,4.494853592698606,1.8834362212109772,2.3163670338494677
2026-01-08,6.29973459555358,2.865769749335582,2.0166828399315366,1.7775583259809864,2.2007527903661956,2.4150803807236834,1.5708897331038636,1.7267496746068032,1.4936506718871265,1.7459060910659252,4.485626984422239,1.923568270390054,2.3161318593256497
2026-01-09,6.791763090579214,3.0438310019295756,2.100135610164691,1.843179969047393,2.2649440943823085,2.5663216481187026,1.6234433067122622,1.8341074840550453,1.4859880872008473,1.7663136189895092,4.523658280198607,1.9061235030102934,2.331449326382666
2026-01-12,6.864706896464529,3.1187959152978006,2.1619371345177183,1.9083363792646781,2.326669791708969,2.629447291658131,1.6623495204726384,1.8708295013432532,1.4946457455870776,1.7625612103896557,4.528865073411498,1.912610077183267,2.3351107113441927
2026-01-13,6.945150358645621,3.144021895484263,2.1571184470787537,1.9173061348188774,2.350044152365707,2.6502475453354988,1.6835799003401921,1.8523590236668617,1.5014677205321458,1.77497624334864,4.528357358567749,1.938767958347818,2.330441641678944
2026-01-14,6.947397284571829,3.131399386290843,2.140717942775775,1.895544765495147,2.344007995139145,2.639525740907398,1.6799132648268864,1.8269006980900795,1.518444581341472,1.7716164472060618,4.472619281785522,1.952875350468179,2.3189871377467273
2026-01-15,7.090870097987357,3.185762339476878,2.142651778377582,1.8954972587812797,2.358586555014633,2.686294875428882,1.6816364291945622,1.8687051048283605,1.5219690991637373,1.7848335675673899,4.484055008714233,1.9333938601422516,2.32530222296606
2026-01-16,7.188021571604911,3.2083486214440415,2.1712720023766052,1.8923176704634086,2.3381975215063324,2.7061209809281497,1.6897191356459782,1.9185091644291905,1.5253033177611492,1.8064181981521066,4.4606102302718496,1.925336916248819,2.3233538401670666
2026-01-20,7.421391280238335,3.3252811962884015,2.16383301693349,1.8646891777265924,2.309737295065903,2.8052598290421633,1.7037129459181952,1.9185722679142978,1.5185619115111493,1.7630715856032786,4.308418769090208,1.9339654620099271,2.276057790686841
2026-01-21,8.020469735591117,3.55215643508845,2.2607434264793884,1.9202098121870417,2.368378895102524,2.9975573159196043,1.7878166080275706,2.0126288490300204,1.518981536602702,1.7674727910476145,4.393465021531614,1.9675054320264065,2.3023260223805346
2026-01-22,8.069363475100701,3.6012012747567237,2.2818788268700136,1.9254140678633112,2.35221529799559,3.038423466966357,1.8099334556380442,2.007927840805533,1.5155515584227703,1.7748882665114818,4.49541502763513,1.965698000996133,2.314351664442024
2026-01-23,7.674286519114678,3.533076596907908,2.279129297603656,1.9146516929853816,2.3353646739111174,2.9799705903031493,1.8067111827651194,1.9948581359868076,1.5097753445861004,1.7860180463271556,4.516183481614623,1.9833221815991602,2.3151911612303766
2026-01-26,7.564055428187554,3.512835377196604,2.285680874599506,1.9401237571943661,2.3564223780737152,2.9628650780656005,1.8021178439894847,2.0093317451481845,1.5190097333190105,1.7791118276076732,4.538535791795287,1.9836968790936669,2.3269480324075023
2026-01-27,7.803336707369988,3.6178853438180028,2.3533460532799255,1.9820293434370417,2.408962853537582,3.0515115178086427,1.8600785987654858,2.1010749691014317,1.5226559872862955,1.7736570393996653,4.553337982957396,2.004957590382119,2.3362191851295497
2026-01-28,8.408885691516106,3.797744258384042,2.5268569923058046,2.1114839714277647,2.381117933188461,3.205334960649219,1.9236929076949294,2.246990950394156,1.523459054302897,1.7244095166640698,4.561807828538451,2.0137438155102925,2.3359840106057317
2026-01-29,8.440562622706596,3.800634243468575,2.5120762961998477,2.093540787528839,2.3633218653784023,3.2083557030656005,1.9128610034743483,2.265014775848868,1.5300103909728187,1.696126256318611,4.644841403977905,1.9685002272534569,2.3313485373010288
2026-01-30,8.304380429904166,3.730138639716439,2.3483047477379335,1.965686653922882,2.252638297568344,3.150494858262744,1.811795845774763,2.121713276291373,1.5353514767882483,1.6776753266768873,4.639689072434936,1.9774147231030663,2.324395121231333
2026-02-02,9.004869298236075,3.992859987906746,2.436619087184955,2.017902262138214,2.2756159861669767,3.3751128766038083,1.8672747695723706,2.2154504734044105,1.5393700986144203,1.6481655847030106,4.629506409471069,1.9808484732556542,2.3359506203578277
2026-02-03,9.190273919932547,4.086822887496284,2.4821565726891057,2.0804385643232726,2.3634172740087735,3.455050549409594,1.931605613307112,2.216538150024894,1.5571434231993813,1.62055063032679,4.570123853318725,2.0095690260815817,2.3161990520467395
2026-02-04,8.341920919673148,3.7140186695855184,2.2830513877525824,1.9335774299848936,2.1797920863256683,3.137513163087573,1.8311995761672193,2.061171120453361,1.5688930585143226,1.6378027142959062,4.477917725389037,2.0407457922864154,2.3049797226383406
2026-02-05,8.241080857340995,3.6330121002953577,2.2065694419518014,1.856177307914581,2.1001732203588714,3.0697046921708253,1.7968909023085766,2.0428181503300697,1.5822585843321937,1.6074883538680498,4.44274873430017,2.028174415485878,2.276192176129023
2026-02-06,8.612440553347769,3.7935571799080896,2.3485945823326606,1.9972097648847957,2.2632723063574067,3.2053836079575686,1.9042762397566968,2.1633338207249673,1.5890730420348302,1.6561353040175855,4.510875360887084,2.053638790409584,2.3198604370082663
2026-02-09,8.501162322299185,3.755949877814584,2.358846960414936,2.0341786094892877,2.3305757319555513,3.1731420842148927,1.9140386527815991,2.1455525814061196,1.5821716977355138,1.6775929425673903,4.562787189500366,2.0390210646558,2.331046376168761
2026-02-10,8.064563203875723,3.6081833765786224,2.241867276729633,1.932394977592315,2.2562640559301608,3.046959782121387,1.8725490463057688,2.066986667252067,1.590795918774332,1.7068968003707348,4.543724979417358,2.0349656081128313,2.324899066639514
2026-02-11,8.600919231288136,3.855559254149728,2.3072768493309512,1.9439369499433894,2.263524407492661,3.2567822930314207,1.969015236262434,2.161817519379142,1.5977063115355623,1.7007865842299876,4.539365314500366,2.0677222903180317,2.324361730983429
2026-02-12,8.786924928347768,3.900741567115121,2.335280750240375,1.9544042869795222,2.280503348837876,3.296952516648975,1.9424440559188059,2.199028615952018,1.6151323270079743,1.7345811543898997,4.424425370042358,2.0464144263196187,2.2884529927143302
2026-02-13,8.74692200228423,3.9048798291009,2.3378959380760684,1.9551345421064754,2.3170036402807472,3.299828051088062,1.9548345325270822,2.1955708000187903,1.6234371136901031,1.7590850720839915,4.362351816575561,2.0620106360364154,2.2900652057952278
2026-02-17,8.555971832339466,3.8359556799691257,2.313453837551166,1.9561691810835262,2.336476291953111,3.2405078785874513,1.946261255625837,2.1832072521214516,1.6264268994567048,1.7809491319137034,4.373716437547241,2.061385667698403,2.2937601871173
2026-02-18,8.750385361544788,3.937621754340463,2.3883061408653754,1.99935458300003,2.3643921549902203,3.326417203233448,2.006217769602888,2.2474470943455724,1.6112938397643222,1.7587219514327466,4.400855121629272,2.090010060398598,2.3053154801311533
2026-02-19,8.731674627558887,3.9290783985894255,2.3358308707848088,1.9541767494429012,2.3484340296850448,3.3199304238297613,1.9774972263137034,2.200136037445548,1.618225768017496,1.7702237760024484,4.3900595009017325,2.08294877156498,2.299235363322997
2026-02-20,8.917301312319934,4.0165437903206875,2.358980236782123,1.9596419044721982,2.367556388388658,3.394503484056201,2.005633429698103,2.236138331223014,1.6251199399230134,1.7846938291030345,4.461792050950561,2.0931916254925924,2.3158632945539264
2026-02-23,8.930943855158985,4.0582073826592495,2.3094908904686466,1.9196797233808895,2.3160268611059434,3.429483008668628,2.001164603022688,2.2112977531437905,1.6301410229918611,1.769228659577888,4.4148802040267325,2.071743132679482,2.2922151667574933
2026-02-24,8.796501812236011,4.003962062148386,2.268478791774799,1.8797309990156552,2.3111096522436387,3.382228395173755,2.0190229518691236,2.1875381286625895,1.634868886303629,1.7985234445052563,4.461697000901732,2.065874111073037,2.308876076011044
2026-02-25,8.943830974833666,4.090896019057565,2.38907404781728,1.9869730003584287,2.3920368128881697,3.454890956208911,2.096108398036116,2.2685272445683515,1.6317502011534823,1.8524810636001048,4.524456998460326,2.04846604336979,2.32835907955041
2026-02-26,8.889575267474353,4.044919933585459,2.3420294845238225,1.9515890159834286,2.3693433467016463,3.4173876996018553,2.0312572646895584,2.2014286899571456,1.635213478588785,1.857608141847175,4.437761542527708,2.0566144450116357,2.3154263357541947
2026-02-27,8.759077024714648,3.964795969085032,2.321269835628559,1.9342270317304988,2.3512801982031113,3.3497657662369873,1.9868090030471022,2.173382361603264,1.6530610974547522,1.8652549733596262,4.358431400315794,2.0804287096905907,2.304307795427432
2026-03-02,8.654404482709696,3.9198938867432203,2.2592747972398057,1.8814129554331043,2.3327439919668045,3.312836543198229,1.9638335426134483,2.1155367925348796,1.6414699936422898,1.9418626856257932,4.382554076664472,2.0941101854474238,2.3056180534887036
2026-03-03,8.127096751081277,3.6356960687500566,2.1012295091538684,1.7478427207529286,2.237890005608162,3.071792369003893,1.8227693275255572,1.9671125249567547,1.631676207021196,1.9375961733272093,4.286308715336347,2.0822954897076777,2.2852955531609846
2026-03-04,8.612856545316507,3.7748121576172435,2.199505919065978,1.830856226307128,2.2916467271047445,3.1890953993994007,1.8916989265245807,2.0590323033991376,1.666019984487016,1.9871591024806514,4.373368291752362,2.0865785730511837,2.301418920645809
2026-03-05,8.338665253888895,3.6217935083252515,2.1018491350083606,1.7523098121225575,2.235220783348641,3.0623300765234243,1.8166771796984087,1.9684627965632,1.6670801743063521,2.0823417482783806,4.3708175654340025,2.079787610069006,2.2885873781565125
2026-03-06,7.9044596581094755,3.3933493799072836,1.9995380540757433,1.6649899863779287,2.153471005364022,2.8668774550634635,1.7030311775011429,1.8725802739801922,1.6548586456808638,2.0053103910853878,4.255692171757245,2.043240040794104,2.258590568780201
2026-03-09,8.432397640287208,3.6660767663818925,2.147773881712462,1.789996411854003,2.258669754906258,3.098136637802721,1.8372754737657915,2.0082895909967937,1.6541013428244185,1.9868418035914914,4.332029690067792,2.034652067008704,2.278375733451835
2026-03-10,8.511404568540382,3.794911647973689,2.227091414061095,1.8554921058237297,2.2952408848958825,3.2063142043310413,1.9008741218370808,2.0819599767389816,1.6516349182638717,1.9652579790523068,4.367491656010175,2.035544662681311,2.2747141423776664
2026-03-11,8.72891514555149,3.8878783166748603,2.2793212358384385,1.8995821174204095,2.336487203713021,3.2848632277685414,1.946309131602706,2.128271564263396,1.64642968907686,1.9125618650844116,4.423163045780684,2.0698830965192014,2.2718590700692296
2026-03-12,8.417549754010963,3.7498293420654853,2.2084128404526964,1.839092526966308,2.2757774010854575,3.1670480544286974,1.8784484229845417,2.064547781914763,1.642891684010942,1.824515910952332,4.329843648808027,2.070318088737219,2.237360966717756
2026-03-13,8.601308406125831,3.8767890527588444,2.291355012693907,1.9103834998666989,2.32181210720118,3.2746104872900252,1.9408268440050498,2.1400364751520673,1.642027214101274,1.8950382090022584,4.318778692142988,2.0454046526105096,2.224697199918545
2026-03-16,8.85806613622837,4.086857467065484,2.41274757250836,2.012094135242675,2.402219077034554,3.4518576949316273,2.0445437202257533,2.2530900670710126,1.650722625783403,1.8848789579799197,4.394064173405195,2.06055820943424,2.247337643011257
2026-03-17,9.021894427930642,4.239679464135796,2.525071223631407,2.109726123768066,2.467491822167,3.5815632003027207,2.121121802501144,2.3618683599176924,1.6513942322287154,1.92313294700885,4.441255976383712,2.0828899919659785,2.2532493657914032
2026-03-18,9.069405069410134,4.293459484277397,2.5369580858140237,2.1174377265512687,2.4748999234395828,3.6259053481298693,2.146337812022628,2.3684837102594893,1.6320851059469772,1.920107760088684,4.3888549204755085,2.0879961382062127,2.221808325136921
2026-03-19,9.063669603025247,4.383588378320366,2.6187132097153905,2.1858923530161123,2.521486834450325,3.701152583237291,2.189609622935714,2.4420373815241376,1.633501097157915,1.9267378446986694,4.306614603703047,2.1090992517621205,2.216333148931224
2026-03-20,8.665717136441994,4.104326415429742,2.448159880247617,2.041501132923339,2.40075415470179,3.465250114365221,2.052029590587081,2.284155219048552,1.6239260574850634,1.9185542925288694,4.187619169132734,2.0990671671063588,2.1845602669241155
2026-03-23,8.662240111982156,4.148667061792047,2.4479948900132418,2.0398331031381827,2.414378995247444,3.5023920943456894,2.07363380506462,2.2842992467585126,1.6294668228659228,1.9147037264277953,4.2051541895795115,2.1228609239728136,2.207498130558343
2026-03-24,8.7390414597147,4.235595900903375,2.5012937333970306,2.0836486365854485,2.4400708890157548,3.5760083022314317,2.1166579108995807,2.334629599541716,1.639050883534868,1.8834325197627562,4.167297629826094,2.1452826730878036,2.2000879688753425
2026-03-25,8.688346834241678,4.190349309716852,2.459053459349179,2.0467505317270502,2.415399454231819,3.537385865707994,2.0945938972277056,2.297069104546599,1.635152935841997,1.866598742525818,4.1616932597089065,2.1373396776349227,2.2123483732353666
2026-03-26,8.204325496351053,3.807094634423884,2.2351256212144137,1.859687967640136,2.279795626183113,3.213855534287096,1.9053701179308302,2.0888579290094897,1.6360772797140672,1.8772842848231812,4.0294356043744335,2.1683139482648053,2.1728386410086657
2026-03-27,8.072591371213724,3.8582793268066964,2.268346898069882,1.8867506232797846,2.295967566795906,3.256255461044909,1.9304174262804397,2.1195952184382008,1.619842047170122,1.8469073660304567,3.9589978907513865,2.199472062888829,2.1357876264810223
2026-03-30,7.513025024473002,3.5419300897461503,2.0926108446030858,1.7392764411508783,2.194635867424568,2.989038569565417,1.7726458076280958,1.9507609105768724,1.6284251678976611,1.8888742300441284,3.8569072321820506,2.1832550027997177,2.1286468540203094
2026-03-31,7.96872610098057,3.8061321557861887,2.2497169725327733,1.8721782294809566,2.317901226158699,3.2130118697363153,1.9024068397325882,2.0939721227350754,1.650150607350786,1.9307539221217649,4.019292618839766,2.178660694328038,2.1905220750761174
2026-04-01,8.20125535551243,4.111524111352594,2.43938678759625,2.032968225818847,2.4248059811788405,3.4714454360204945,2.053733820323409,2.272031183404021,1.655309300282915,1.8965070047786254,4.1140183817792195,2.1388450525433704,2.2070265448348585
2026-04-02,8.193143020688822,4.177257433496148,2.4889665941148045,2.0713018531381833,2.4209615151601636,3.524822181625963,2.0860769782823936,2.319054425591521,1.661646858266313,1.8695862307002564,4.082960731022384,2.153606053367345,2.209013882923073
2026-04-06,8.337671416532327,4.239057415185601,2.54360829943707,2.1196832038461912,2.462880185051521,3.5785417861181505,2.1164009712023155,2.367847839898162,1.6617072174582075,1.8667291109492798,4.099677181522873,2.155057279411046,2.219455549335534
2026-04-07,8.373842286359599,4.28467812136236,2.5824188249497655,2.1519641395151368,2.4611742833333814,3.6168968825536973,2.1398938239855188,2.407865466851287,1.6558175049337935,1.837897255175354,4.068963762943771,2.1843550073773543,2.2204321110304064
2026-04-08,8.956184413587382,4.698465383325249,2.7994961015610933,2.334169034534668,2.59605155956324,3.9674032088476423,2.344739954356613,2.61108170220285,1.6765836960348677,1.8760580919673462,4.164062462894943,2.1493103685528916,2.2769857097983475
2026-04-09,8.991796322309305,4.815515587793023,2.860524638548398,2.3863601905405276,2.6613860608297193,4.067122001572251,2.400470557383957,2.659007562798553,1.6856724747213911,1.8740917772700807,4.211564379398849,2.134677305808751,2.2901216806589666
2026-04-10,9.101006232129862,4.857640120874078,2.882592302122617,2.404973337513184,2.676204279060921,4.102673542709946,2.4214768226427466,2.680707388848358,1.669167335561235,1.8270672029902957,4.234725542728928,2.1340744455487415,2.2886061344068773
2026-04-13,9.423040530835916,4.988441240869195,2.9616508317857027,2.4748994849741215,2.7774495110708086,4.2146526107031095,2.4821393836779033,2.7392026433649592,1.6676389313253952,1.9404978849818726,4.283572451298263,2.1630043611676375,2.310971417123343
2026-04-14,9.59966064306431,5.058189772973687,3.0323739274888277,2.5367848670542,2.80543720447596,4.274326283188461,2.5193706489366927,2.8134291722956237,1.6706338272604537,2.0002852228572383,4.444084679691818,2.1252513567120714,2.3391303200764426
2026-04-15,9.476134570371439,4.985830141626031,2.977676204100156,2.4895641517221687,2.758722029228768,4.212568464584946,2.485356336192552,2.7697194799128115,1.6654848419699264,2.0936156141688835,4.561459368412521,2.111684974876134,2.357588325450211
2026-04-16,9.602947897779275,5.0595447229248585,3.032781205931211,2.533761795765138,2.7659331780629968,4.273704804916977,2.520876126841966,2.8181543462458194,1.6661495712790086,2.0753430715968624,4.564211455814865,2.1662085436017198,2.3633817395742036
2026-04-17,9.634273833905985,5.149395580468804,3.0838450059800393,2.57715915599463,2.801317177315316,4.350328449936508,2.5656175544542705,2.8671052770319525,1.6788212814840868,2.0996900267055048,4.629497072880295,2.124395113578527,2.391944829417055
2026-04-20,9.62311887365513,5.109295156274468,3.058493199339414,2.5566222510874037,2.8045960675435873,4.316395597763656,2.5456333411974343,2.843481897515351,1.6741404984030321,2.139501658098937,4.598425780766037,2.1333177210004015,2.3871615733484806
2026-04-21,9.625031829892924,5.143058806787164,3.096014958372617,2.5891101295053724,2.8102460492330406,4.3454187941747895,2.5630396674913793,2.8809920934382025,1.6646189133200244,2.1298121622493276,4.567300146000412,2.1686258287579694,2.3715330823156173
2026-04-22,10.072004262220194,5.325794277368218,3.214203715696836,2.689686865955568,2.8933644795614097,4.500702397080063,2.652533402232591,2.98587827202707,1.6593419128927784,2.1567419706752307,4.704578557865648,2.170317161765782,2.3955489150642775
2026-04-23,9.91773690992527,5.3685295373779836,3.2288711076646095,2.702157749134279,2.8867700322347494,4.537393937607406,2.6759450324816143,3.0085242223444526,1.6748283371481496,2.0611117216517933,4.611597219364671,2.199223287406651,2.38625241048734
2026-04-24,10.161698797666359,5.526094472680718,3.2917999406724214,2.755040402942873,2.923167900963387,4.671507890244125,2.7526039985460677,3.0615959508600774,1.6651351242575247,2.081237376253844,4.701806939213305,2.1885710542828716,2.4047442183342955
2026-04-27,10.337416931211282,5.603837420068414,3.366129060545468,2.81851581187842,2.997462796898445,4.736752677841781,2.7888524757189193,3.121688770073945,1.6701196503195366,2.044727335589171,4.794534908573657,2.190759928336827,2.4088870824260935
2026-04-28,9.876950642072488,5.325556392846734,3.2181306474595313,2.6954887244760766,2.9065827515798417,4.5016361495214685,2.6520909614366923,2.986915146416718,1.6783848145041067,2.0567999315669545,4.749590685551196,2.219556029716221,2.397165456510644
2026-04-29,9.67898313261204,5.320524413476617,3.3911215623765227,2.8439283759653344,2.9965702454763266,4.492727073593734,2.6471904731554425,3.142528653496796,1.6689562012228567,2.048573770754577,4.741174044315844,2.2472226648480564,2.396795072094079
2026-04-30,9.986771399747658,5.624876854882867,3.551337535276913,2.977278238636233,3.0935225968557214,4.750293995590805,2.7976866889757557,3.2931227697077343,1.6852781693014698,2.1226003420283805,4.678733892338305,2.268690998283115,2.4206423047020884
2026-05-01,10.298894694577982,5.803351256738336,3.7113621690659753,3.1105803962290066,3.166840378304086,4.900686311264632,2.883651892833178,3.4322292089167186,1.6820332886252003,2.1446737379481804,4.789787807743578,2.237988110557285,2.427345293912504
2026-05-04,10.648375890409282,5.976208568750054,3.832675712767147,3.2137898780405303,3.2470372201162196,5.046269847031233,2.9683495490831784,3.5420345861139846,1.6514851761374074,2.1326067022731316,4.852840423100024,2.234872993674961,2.4184529762253186
2026-05-05,11.410020685254864,6.417929027734428,4.091801420774959,3.4344688087045925,3.432748776741586,5.421223924179671,3.1848742805284918,3.774198611992891,1.6509523636374075,2.1482081003596796,4.989629931156665,2.2417586641461527,2.4378543591586976
2026-05-06,11.706361461316876,6.654283947168021,4.2121397203355055,3.5346827796518583,3.477219316216073,5.621348588486311,3.304188239268727,3.894904007500704,1.6488498535666067,2.140351483004333,5.136604293339284,2.1809715273053327,2.471739071289416
2026-05-07,11.20133502088719,6.319747722802787,4.0369959581284744,3.3878586494028347,3.3664489430623865,5.338218138046858,3.1394231269640387,3.7337648168268758,1.639687741139849,2.1132743574550164,5.155734536259206,2.152025305381505,2.464160515578406
2026-05-08,12.436886104261212,6.878372741113332,4.360178349485896,3.6611157752573273,3.573690465660653,5.810441493149397,3.412625635508961,4.020870358819063,1.638918714955767,2.1510199644496453,5.4272669062543235,2.17208099004337,2.4845048638461114
2026-05-11,12.622547162687114,7.141518602929739,4.565485551634333,3.834340225940921,3.6486396435933925,6.032254835434553,3.547363562755055,4.2288522069635945,1.6238562103781302,2.0890524599483027,5.579495846073661,2.1905178621442003,2.4901634803026393
2026-05-12,12.204649327909284,6.857706884179739,4.387803386106989,3.6810047584116243,3.5204186936574797,5.7911933486181475,3.408797205333179,4.069922257012423,1.6340588394674858,2.0895412943294063,5.496396566288504,2.202612955680577,2.486391000627407
2026-05-13,12.237967457258039,6.950328411279348,4.444990770140191,3.728792511707523,3.5320001092153412,5.869740006943342,3.4571999702257576,4.130918259209689,1.6230129257711967,2.056734261172058,5.632228554813895,2.183600902000157,2.500301955019626
2026-05-14,11.901156679975324,6.813847063623099,4.364223600950739,3.6589094184458038,3.4734830846029143,5.753002390976545,3.390803797130054,4.0615491918268765,1.6298197968039114,2.106869193499328,5.624491125004324,2.2246868875653423,2.520040126009024
2026-05-15,11.602093849622541,6.602247204003959,4.254373497190974,3.57054280772803,3.463929528923593,5.575123670883772,3.2811918647570066,3.9425144200983606,1.6226685852560598,2.0747345251491085,5.454450982182058,2.270517467704502,2.489725697052341
2026-05-18,11.097103623639876,6.251781469140679,4.012969047728084,3.3674529456674827,3.326071043129526,5.278866596909163,3.1075329963488034,3.7171770665827357,1.632351376393755,2.0819972391536252,5.318235052006276,2.3150667215497167,2.4879741518258687
2026-05-19,11.257161977826888,6.381149114404351,4.0761035447983955,3.4186873237192406,3.354044917412363,5.387073002548811,3.170562818126147,3.77272403313547,1.6353836166891649,2.0239884134700317,5.323514654057058,2.3230780824811132,2.4714022832333953
2026-05-20,11.654061671506698,6.550063762841851,4.16321887072613,3.4904502601206078,3.376313479347788,5.5306516158300605,3.256219141368335,3.8595396154108608,1.6440822006735398,2.0439535555293578,5.4547963831830355,2.29346317388126,2.4967316718455894
2026-05-21,12.192752652036482,6.970575029931694,4.457476841917536,3.7394244056284207,3.5368228924947602,5.885703706284162,3.4604962775988044,4.120937827080783,1.6482149811300828,2.057577889864685,5.50704940442327,2.2615865137250104,2.5016829097168913
2026-05-22,12.004723066007429,6.865089678369194,4.395479759398005,3.6868135993540063,3.4768958493429047,5.797026118393537,3.4103761054796635,4.070313925713596,1.68210371251436,2.0649492308070676,5.49314594372991,2.265067083945958,2.5115183988510448
2026-05-26,13.094555834638411,7.512196416650443,4.760877855101129,3.9959174232065453,3.6506456917959076,6.34568303367674,3.7356304694933367,4.424727347344456,1.6797034500631882,2.072522892992737,5.804611468021903,2.2471930780560654,2.528191468750437
2026-05-27,13.200302918683821,7.514539745507865,4.80990687121441,4.038923172718264,3.657910868187509,6.347927030869122,3.738409137706227,4.474443161553441,1.6690442810568404,2.079869515459778,5.877907097904716,2.222925413718907,2.5277534793874983
2026-05-28,13.339835701429184,7.56427059877935,4.838239201536675,4.0645649329721705,3.696055794640146,6.3912669051367,3.760445062999196,4.490941196221409,1.6474378906759812,2.0388317190578005,5.916358944218192,2.228023956504552,2.541698030140263
2026-05-29,13.603214112150008,7.7260024103027884,4.9398148424058155,4.1484764625131865,3.731497699471079,6.5265567458349425,3.8410179694933366,4.586688779229221,1.6479797379049852,2.0694914900233767,6.036939297001396,2.2228709085614367,2.548030428821472
2026-06-01,14.238190631067395,8.094685292684158,5.19106309811577,4.3625789466818885,3.8305990246761144,6.838408548086487,4.022725009494235,4.753210580121791,1.6313917869690917,2.0680026681857617,6.234484413274815,2.260464996960355,2.5549690047809883
2026-06-02,14.071128308832288,8.045302510701736,5.377893896455614,4.5177634620627485,3.852330174731046,6.792551513784729,3.9946602756075165,4.890627743207728,1.637733190167334,2.0393225336032423,6.279806440862707,2.274014282849027,2.5584384988733877
2026-06-03,14.441906378900649,8.236137117635328,5.4243483703325674,4.557132358547123,3.967157697771818,6.954764151113831,4.095204178195407,5.018746633588587,1.6401099327210449,2.0620507501559766,6.385357118352942,2.3037202658202185,2.5404854694710073
2026-06-04,13.977685569727065,7.969240041219313,5.256534649629443,4.418849124904545,3.8368103894222085,6.726456469839417,3.962881839328219,4.731271938764368,1.6473150650147461,2.0699149743991403,6.194986222967199,2.2596203344847696,2.5500851657434187
2026-06-05,12.486881542932633,7.165592839681229,4.705780133027881,3.957748023219974,3.477087129114896,6.046273870962465,3.562304639010835,4.240400668012414,1.6568682102326415,2.0984078317599804,5.597399119695712,2.066091570141509,2.4842690709843684
2026-06-08,13.30564337536061,7.487689314900955,4.938331323213427,4.151138278957279,3.627867485331327,6.320541684072816,3.7210559604219684,4.37570765043429,1.6447536190156005,2.0663428064303906,5.88970713208585,2.0748798132445363,2.4898938849677097
2026-06-09,13.01188462825978,7.321288722859939,4.788907366914599,4.024503141017826,3.5867659918773476,6.182760336416566,3.6413654758028273,4.264704055463587,1.6590285938385985,2.128610153384736,5.801619160589268,2.032784281017974,2.4825849245916283
2026-06-10,12.660541411554458,7.075150102864822,4.697978845186084,3.9476964851340366,3.4849810654628577,5.977544180410707,3.5219495303682566,4.126409817182337,1.6661414360169433,2.1155299688296823,5.600665054449131,1.9732615103270565,2.443445576781493
2026-06-11,13.91432765270436,7.730812422811111,5.116362060518115,4.297221408840091,3.787479421709806,6.537345324819886,3.8532488986543902,4.467907601606165,1.6718917503479982,2.1166225561099554,6.0586630845394644,2.1092643454100637,2.484976449569595
2026-06-12,14.381564528619887,8.023770564900955,5.3293676208208485,4.480443466945561,3.924268458651334,6.779254431265198,4.000761960177829,4.646208242475305,1.681212226117041,2.1224916967349556,6.19130007489591,2.1417079992796926,2.4984158182383296
2026-06-15,15.241146789514664,8.767520314656814,5.814767022676317,4.888705094142827,4.24627759427908,7.401823144644102,4.369466092257908,5.10551112333468,1.6731572124604248,2.12282501925998,6.552683151372962,2.1982467993285204,2.5424728075592213
2026-06-16,14.345604669153335,8.646482991658766,5.642869085664598,4.748742063136967,4.180346380518705,7.289570437734923,4.306617825656345,5.02361737333468,1.6720542400483154,2.1326700128512885,6.243116197332434,2.1474472708251024,2.5273156961372005
2026-06-17,14.584645348322036,8.858031288777907,5.733258709688036,4.82621118545142,4.237541459559232,7.462880664175352,4.407714957004002,5.145950075971399,1.6513992366913819,2.0706090154605414,6.220337992986731,2.1164180456664115,2.4957549040380753
2026-06-18,15.593085613977555,9.26860700899275,6.00160552365288,5.047153287502201,4.460592149447232,7.818898553579649,4.621049600558689,5.368974282514368,1.6455302108887697,2.06191101245456,6.596035060247474,2.1832505423094775,2.5217032489123428
2026-06-22,16.259926542627458,9.501288588582593,6.186773944063035,5.200863394924077,4.581971641634731,8.019886892813046,4.734910080295018,5.521565310346399,1.6602702316407227,2.035921005054047,6.7884350327816545,2.197852011730864,2.5137674999938158
2026-06-23,14.996106367456559,8.736246706258376,5.589556378145067,4.703884879299076,4.188425192164211,7.366344210928282,4.347310690646579,5.07328368192843,1.676556217587378,2.0750820222812196,6.183308963140539,2.0713660162474663,2.477262683965837
2026-06-24,14.932830265771988,8.551390767537672,5.476828472871629,4.606336960597904,4.100017265414028,7.215214257925353,4.255702719455173,4.945055740033899,1.688200242627051,2.0855080408053897,6.121164054998449,2.0481225576903372,2.4761144304406923
2026-06-25,15.993039680444841,9.238177895223219,6.0096594543169415,5.0475369422873575,4.486268269442348,7.810618371694883,4.61023778415244,5.384062759076868,1.6904442169312504,2.06052903651767,6.6259062043514785,2.127192281201079,2.4796939886835907
2026-06-26,15.14164456325734,8.376861690389235,5.429769378633348,4.556547885890873,4.084432212733058,7.089611187856993,4.179525680880954,4.872080703412805,1.7041071926239992,2.071505994983246,6.324966029485755,2.0546983160521535,2.461762394995914
2026-06-29,15.395582316553238,8.72771170869978,5.653098455781786,4.747942948146732,4.224415206812648,7.3741762025054305,4.348695682101658,5.085479714643274,1.7059602359894777,2.0535060152011417,6.464142030462319,2.0651177465941455,2.502319591666123
2026-06-30,16.31629352260793,8.958374672566968,5.776533392305224,4.85021089248267,4.309065209292202,7.580270181387266,4.474438669162205,5.169722658979212,1.6805702011231447,2.047042056079438,6.78943006146818,2.116934520580962,2.521804656331903
2026-07-01,15.018365500604753,8.328971755086501,5.313916394014209,4.464612894435795,4.0148752203929705,7.042624249380431,4.156725711398532,4.7850657070749145,1.682874203122046,2.066224978824189,6.373209100469643,2.072655522778228,2.5183939043422976
2026-07-02,13.907709569513443,7.530818721639236,4.786057397432178,4.018701895900637,3.668951197909145,6.367699224966369,3.7526587009004837,4.318554647504602,1.7025732277039551,2.1300020536380315,5.938401159795814,2.008819022228912,2.5150845597722524
